DispatchID,SalesID,TransportPartner,DeliveryDate,TrackingNumber
2cb9467b-783e-458c-af34-1fee926bb699,4adbe0f8-e7fd-48df-a4f2-28b57e278cb1,Mccall PLC,2025-03-05,TN730052
0555c221-48be-4738-8a1c-216ad3101eb3,dc515de9-70ae-4c47-b80b-d5a979f5e184,Klein LLC,2024-11-07,TN140185
67dafed7-e88e-4caa-92be-44926239176d,24578744-7fbd-46df-a598-ade630b628e1,Lawrence-Stafford,2025-03-10,TN171248
2aec14c8-7ada-4a82-88cd-ea22fab79315,f22a5964-968c-442b-9d08-7c99816b7bb4,Flores Inc,2025-03-09,TN574454
f5b0ab73-e240-4a71-9b56-2ea1481b1ae8,ccb18f8c-6c25-4412-b944-96310b852d77,Mcfarland Inc,2024-05-16,TN450387
6839bb6b-439c-40ca-a086-bd509e232764,1913d220-0d2d-4d71-9e52-717a26d10c57,"Wood, Brown and Davis",2024-12-30,TN971857
fadf768c-ba8b-4dee-85e6-b0aaf8035a3e,ed02d8cc-27e4-43df-b345-43bc96dfdd0c,Friedman-Terrell,2025-02-27,TN643350
93e869bd-d03a-48cb-b2c8-f728832a3e16,ed02d8cc-27e4-43df-b345-43bc96dfdd0c,Jackson Inc,2024-08-12,TN546296
22f87781-0622-4af6-9565-bec6d0844ea1,0225be1a-8bb6-42a0-be6b-e14671330f39,"Anderson, Hernandez and Cardenas",2024-06-12,TN122010
9cec15fa-3bfe-464c-9d9f-98e78b78ff92,25c90431-7590-49f4-b969-646721435901,"Horton, Cameron and Perry",2025-02-11,TN106472
69670331-7b30-4840-97c0-c802426fe387,ff4930f2-e141-4dc3-ac61-0537dd68e0c1,Simpson and Sons,2025-02-18,TN429050
cc13aa66-4e8d-444b-b5f4-52e28716721a,60c7eb54-d235-4692-aa7c-68e578a294f1,Cox PLC,2024-12-14,TN748813
09f0f3e5-c9aa-4243-a37d-2bb3b266df43,1dad5430-db15-4bd0-805e-679badea4517,Thomas Inc,2024-06-08,TN874628
a2893083-6595-44fe-b203-6265c721c768,ab53a8c9-5168-43d9-aee9-dc1eb0fbcaff,Henderson-Hall,2024-04-06,TN649574
2e611e6f-db23-42e8-8391-68cf666eaf2d,97e3a8ab-1eb8-4750-a493-322f2d2de433,"Gibbs, Herman and Ross",2025-01-21,TN340735
4f9875ce-46a1-4847-8132-beb70b2bda83,cdcc5808-0f43-4c29-8297-1dca468406b9,Schultz Group,2024-08-09,TN293056
02a3421d-b443-4097-82bb-f953809ceb1e,37a4dc88-cab5-4ed3-8053-7e1ff352aac3,Walker LLC,2024-12-16,TN679429
3d49dd5c-9ae5-4020-8f6a-df9d042ac112,f522f0e9-9808-48be-8aec-bb3829498ab3,Coleman-Nicholson,2024-04-01,TN468830
42cffbae-e6bb-45fe-8f8c-ed65e3953aea,9c0f7ae9-0ece-4da2-b8d2-84acc48a55a3,Grant-Brown,2025-02-22,TN203683
93a1cbf2-f87f-4de7-af2e-59aa691c5893,e663da2e-6c74-46fb-a7aa-f68adb549107,Bartlett Ltd,2024-05-25,TN937913
7cf6145e-342d-4dbb-8b51-6e0ef47bfd6f,db44b03c-c471-4d00-be56-c7954284b097,Odom-Hernandez,2024-08-21,TN572140
ce578db0-54de-49c1-9dec-bccbe4af727e,d177976d-561a-4f52-9ba5-f8ea2780b85f,Ford-Peters,2024-07-03,TN499297
364f5b5d-3de3-48bd-9320-6f5440b2f025,ab53a8c9-5168-43d9-aee9-dc1eb0fbcaff,"Fleming, Rodriguez and Silva",2024-08-04,TN892056
f9b4e1df-c673-484e-8774-d42479eb89a9,8d8701d8-1c92-4721-bb05-e54854630376,Mills-Hunter,2024-08-30,TN581733
915ff212-8c2f-4bf6-88a6-94cc7c3e3a45,30decfbf-15b6-4f65-be6f-caec23810c5a,"Ramos, Morgan and Reilly",2024-08-14,TN733906
7005533b-064d-4d22-968f-5d46d50bb8bc,4a3006d0-8d94-40aa-bf11-efbf50dc3249,"Howard, Hobbs and Perry",2024-07-29,TN782914
16e1003d-5687-4fdd-a13a-bd4d6c75be32,efd6fc25-4f2a-468e-a489-efafcc4bd3fa,Lewis Ltd,2024-05-12,TN468829
18223d52-3736-40a3-8c53-9a945afb4448,ec2536c1-926f-4290-aceb-aa90707648da,Schroeder Inc,2025-01-23,TN180828
7cf308dd-eb6e-4038-8b99-9cd2bcab57ab,fa2b0ea4-f9f6-4e91-b6aa-ca13757c14c7,"Harris, Guerra and Huang",2024-09-26,TN784235
06ae9740-09af-4a45-ab73-ea976acf7c23,895a2bc5-de89-442f-95a7-1266b2336be3,"Sanchez, Morse and Newman",2024-11-13,TN598055
26c075db-7b78-4f1e-809a-69a26bd41f88,e83d2257-7a0e-4894-8dd1-b47121409d7f,"Vaughn, George and Weber",2024-12-23,TN829132
59939fee-43f1-43da-8488-1d75ec7c5cbc,4cb0d2d4-9045-4079-bf69-1f8484f729be,Ellison-Smith,2025-03-11,TN929727
7e2c79dd-38a2-46ec-a6db-c2ec70bc2ba6,1c7b54f0-3694-4da1-9f97-2cb130be003b,Fields Group,2024-05-10,TN568292
fd82d881-78f7-4e02-bdcc-a7a8fe09b7ac,589775e0-4d6d-4450-89e4-2096751b7998,Clark LLC,2025-02-20,TN723548
45310af6-1213-4567-be21-2d3b7a01d3a8,31d0a979-caa2-46f7-9228-94e721257f4d,"Huynh, Ponce and Stephens",2024-07-25,TN211156
c08b1d44-0208-4697-8fa5-f76960919994,2546812a-8dda-431e-8dfd-025560a9aad7,Hull-Cherry,2024-07-16,TN992554
333a1bc2-acf1-4390-8b3c-e58648fba5ad,5b4c21de-82b3-471d-8cb3-4f8bf1348523,Swanson-Olson,2024-11-13,TN560453
a6a47df0-056f-46a3-bd58-9e7b8bdf8118,836dffed-40b4-40b8-86a9-f54ed6582e87,Martinez PLC,2024-10-24,TN830831
f9a201b1-04c3-497c-be2d-9082feafacdb,20d1e8f2-b661-4ec6-a99f-0a462647b244,"Patrick, Jones and Burgess",2024-08-25,TN181453
e95168c7-f220-4488-85fa-01e9625cc271,ac2671b9-58bf-40ae-971a-ace9ed8ddf06,Moore-Ward,2025-02-04,TN240180
6ab553df-3e9d-49ea-88b9-114160963c28,cf8de858-10f1-4c99-ad01-152cac79f366,Stevens Inc,2024-09-07,TN690813
3adf1a10-2330-4c1a-98b0-14ec7ef3a81c,52f5ca56-9933-4e94-842f-efabe248b96a,"Clark, Mckay and Pham",2024-05-18,TN332340
237666d5-41d5-4b54-9c27-8a11167448e1,f6a88fd4-5b61-46a1-8254-5e533f2afffd,"Ramirez, Martin and Townsend",2024-07-17,TN335952
84d770a2-044d-4e9f-a69e-c276374bfe4a,87f61c64-641e-4363-8903-8b2d06ab487d,Avila-Oconnor,2025-01-12,TN541947
52be905f-9a88-4177-be80-d1794a1c65f7,077ac4cc-24fa-4376-af1c-1bd867c53e2a,Short and Sons,2025-02-01,TN855588
b196a938-0423-4322-b305-ffa4a51fa323,e663da2e-6c74-46fb-a7aa-f68adb549107,Finley-Bauer,2024-06-16,TN142649
3285e54a-8eb6-47f6-88a6-2d20904a3718,43efad53-961d-49ba-a558-484d04816187,Prince Ltd,2024-06-01,TN669265
5b17f0c0-5131-4d18-b465-b642beae1bae,17471dbd-c871-4d8a-b975-5a4809a379d6,"Wright, Robertson and Hernandez",2024-12-25,TN146523
72452700-ef27-4b59-a30b-a3be79e112ab,5347b44e-6ef6-4156-81a6-4ef495dde19b,"Lindsey, Martin and Santos",2024-07-06,TN629515
01f6bb4b-a50d-4ccd-8535-fc107343fa8d,479d4f88-d226-4942-a693-a71b8b59e194,Blair-Hart,2024-08-22,TN288647
96ed19ec-1898-417b-bc3d-f05f31c6e9a3,ab557281-d482-490b-a2a2-2d1b1c5aa7e0,"Campbell, Ashley and King",2024-07-10,TN747563
d61029d9-3078-4104-818e-acdb1fa25568,fdeff2b2-c963-42c1-b810-46ca2bd16cea,Miller and Sons,2024-07-13,TN848319
a35a32c2-a763-495e-bfe4-c936ae37e933,d1296d78-31a3-4f84-bb5a-06c19a292b05,Burke-Miller,2024-05-16,TN411491
1884292e-de15-4cce-891e-a9dfe18d1807,5b4c21de-82b3-471d-8cb3-4f8bf1348523,"Butler, Torres and Williams",2024-07-17,TN671101
3100cc86-c440-4620-8d56-c0f4931e28ef,ad30890f-279f-413c-86c4-c7f5136e6007,York Inc,2024-08-11,TN174987
dac65903-7bed-4df7-a8bc-3fe9d65e69d6,39c59475-a4e3-489c-93c6-507b87d8bd01,"Jackson, Mueller and Weeks",2024-10-30,TN206210
de69cbf5-ed45-4438-8e58-b732a1e9ed8a,65e38266-2e70-4d8a-bc37-1b2cce5aa7a2,Guzman LLC,2025-01-12,TN811241
a68921bd-b4c7-4ab4-a1ab-5c688fbfd067,d35ad8b7-5704-45fa-b78d-a75438cb089d,"Tran, Le and Bridges",2024-12-08,TN743456
df2aa317-ad2c-443d-a573-b8f3d12bc8ff,c6dccfd3-5ce5-4499-9e04-88a61ceea4a8,King Inc,2024-07-02,TN737799
8846669d-6f10-4947-8506-bae312fb0961,cdcc5808-0f43-4c29-8297-1dca468406b9,"Meyer, Galvan and Ballard",2024-08-24,TN808661
345bb39d-0719-434a-a1d1-1732044efb9e,edcca134-624c-4aaf-8926-3a0309521814,Nguyen-Lopez,2025-01-30,TN295275
bb72e4ab-ad85-4a60-800d-bd91efe87f17,3ffeb66b-313f-45db-82d1-2c13724031c0,Brown Ltd,2024-07-01,TN601203
2b56209b-fca3-456e-bf35-e5344b9e4fc4,1dde41b4-8900-4d1f-a58a-5e3150c1f782,Shaw-Schaefer,2024-09-04,TN703535
7f25ac79-4dae-46bd-b8e1-21f5cee45af4,481ff66a-3147-49f7-a9cd-4ecf35dc6845,"Dalton, Delgado and Lane",2024-05-27,TN346128
390cbe36-a08d-43e1-9ed2-e6056ce213e3,3ddc19aa-d260-4628-8cde-80da6388aae5,Taylor-Sawyer,2024-10-22,TN925476
07d33652-0565-4e0c-b516-8e0bc72421d6,d8441235-4094-4de8-ae03-73ffaa3717cc,Quinn and Sons,2024-07-30,TN251356
7646db82-28bf-4c70-b041-11f61fc6daeb,3e082da5-612d-498c-9181-54c47e612663,Tate-Sims,2024-06-07,TN716907
0ff497c7-c7c7-42bc-ab2c-aa4fc39c486f,067c1e4f-615e-4fc3-95c3-959337ffb4b8,Gonzalez-Leblanc,2024-06-27,TN325695
3be438e1-5243-4082-b79c-e16801bfb3ee,a04ebec1-4a14-4c4a-a368-8a78efc51da0,Johnston-Rios,2024-08-09,TN350631
c96b3eef-e74c-44cc-92f3-58a51b61e5ff,40390a29-52b3-4095-aad7-3873e66d2834,"Wheeler, Parker and Price",2025-01-26,TN588852
3b039fe7-e108-4205-bb88-876f8236839e,d407b618-d207-44b9-bc9f-df05ad748130,Johnson Inc,2024-11-25,TN690612
8ae0809d-42ae-46ae-a2b4-2448ea313964,e23e074c-b26a-42f7-97cd-11764da5901b,Carter-Bowman,2024-11-16,TN760352
75af34c5-52c1-4a5a-aebd-1dec3bc16545,53554c30-dff2-493b-9489-2bdda6e2f9ba,Bryant-Herrera,2024-10-26,TN857890
ea761a5e-7175-492a-94e9-11b36ccce016,c98b9f84-1d4a-4db0-a980-a99437c8f6ee,Ross-Nunez,2024-11-22,TN917068
890570e2-62b2-4483-9aba-764634fa0160,2439c78f-09f7-49d1-b37a-201826a13a51,Brown-Sanchez,2024-04-29,TN924281
4aab6ba1-6f65-48d6-a6d1-e42cfa83575e,4b83aa7d-5af8-468f-a01f-8159555c0b50,Johnson-Ray,2024-03-23,TN765091
1cf9eb1a-9e17-4cd6-83a9-cf668f8682a5,5347b44e-6ef6-4156-81a6-4ef495dde19b,Williams-Williams,2024-08-11,TN260123
6e4b4d39-c15c-49b5-a6f6-ed6707aa4020,62c80221-8ae1-4388-9994-5ebaa7c25e8c,Wilson Ltd,2024-05-29,TN356456
c3c26ed8-e8fd-4bb3-b75a-f1ccfb0741f0,3107bcc0-67c1-4c34-8425-93ac6f7c4cc4,Pineda-Zamora,2024-12-31,TN474690
39e9af23-c138-4092-b7de-f94cb2de5ff2,81bc628d-4e2b-44ce-bc27-7b6fb40d28e7,Taylor-Brown,2024-10-30,TN234232
db281c5c-fac0-4b23-a4a3-4e8c72ee9404,f4e49637-63b6-49dc-8662-6adee0de35f3,Howell Inc,2025-03-10,TN349807
a1f1aa83-be56-48c4-a143-3b07e0f099c5,8068e87f-5c67-4725-9aae-22d3fefeb597,"Maldonado, Sutton and Perkins",2024-12-24,TN963048
e3a44f03-3405-40c3-b17d-3a749264db5e,3c7ae747-9563-41fc-bbb0-cb7da5911238,Scott Group,2024-07-05,TN990777
35f00229-8677-4419-92e0-08523022b7fa,5d5577b1-6562-4d33-87de-553c7a9871ef,Caldwell-Walker,2024-06-04,TN537183
441c716e-f0c8-4288-b4f1-77536421c5d5,c4511dc6-e640-4e9a-91eb-1d481a65acd2,"Lambert, Chapman and Barnett",2025-03-01,TN376874
1f785ffb-4ecc-4bca-bc0f-fe7e7babd3a3,f522f0e9-9808-48be-8aec-bb3829498ab3,Jones Inc,2024-08-31,TN634735
431c0ad3-0fe3-4d5e-9aba-ca12338f1c8c,ce4d85b6-c928-4f1e-8daa-a0c29402bf63,Juarez Inc,2024-06-03,TN121367
0479eb18-f3b9-4952-886e-3091c08b238a,82539209-82cf-4f85-98ae-25634ced8c02,Davis-Bates,2024-11-20,TN779801
f3d18311-260e-400d-b699-0e5a11e068a5,595e5490-9faf-4f60-98fe-70cf1436f775,Bruce-Montgomery,2024-08-18,TN447612
93377f5c-f96e-4b58-b488-b2defa6da27b,0bbaf48d-a699-42d0-9084-7745ff9a7e1d,"Bell, Lawrence and Ramirez",2024-08-11,TN571199
61c4791c-b083-45d2-a374-8d7bd363887b,663c2572-f034-4703-96fa-5bcc392d35d5,Perry and Sons,2024-07-09,TN539968
56b60cda-356d-4923-9697-df8800ce7695,f267ae22-6c9a-4d12-bed4-667d6165c408,Webb Group,2025-02-23,TN601355
99a0913e-0e86-4b3a-885b-cd608b17d797,e5d87d22-c377-4637-8790-eb6bb9990935,Bruce-Lucas,2024-05-24,TN211095
2b20917d-bfc5-4831-9090-d5b5298b4673,c703cb63-9174-4240-9175-3ed3d461a863,"Campbell, Savage and Obrien",2025-01-01,TN817844
dfb92f22-1a4e-49cc-b11f-5f9e5ea62a1c,c2bc0c22-05ff-48e1-ac69-6561205a13c3,Barnes Inc,2024-09-17,TN240429
c8747fa9-11f0-4f50-81c6-ace245386b34,8b91efbc-246f-4eb6-a44d-3683dfd61192,"Todd, Madden and Wade",2024-04-25,TN813739
3913034e-61a4-4446-8103-41e81cef94c6,c29a83f4-2e08-47f1-91d3-d4a40a227f33,"James, Garcia and Tucker",2024-12-08,TN530139
3107fbb4-6e83-4fee-98f5-74e083fb54c0,589775e0-4d6d-4450-89e4-2096751b7998,Taylor-Walker,2024-11-23,TN680516
92ac1090-07a3-40e9-afa4-425d8a4886dd,45084943-386d-4fdb-bd16-bdff9e62ed0a,"Parks, Hinton and Miller",2025-02-13,TN915170
d4e1ab0d-8d41-48e1-ab0a-b68dc8f67ec0,c050652a-5d01-48a4-867c-45ddeadbb691,Gomez and Sons,2024-10-28,TN460170
a637ccf4-7601-4062-b87c-a4a246259b6a,28ac334f-4d20-4f44-8d54-c15ea76ef936,Young-Mejia,2024-04-13,TN472739
b33e5a02-ef6f-4504-9189-d03c47ddfcdf,c826a700-40ed-45c1-8a5b-0ab4d7bab404,"Quinn, Dunlap and Brown",2024-11-26,TN786737
1be733f2-8ebb-497f-a6d2-f3b21e625c21,1855fe72-ba56-4eb7-8dcc-eae052fc0d14,Brooks-Pena,2024-05-11,TN888896
16cbd073-70b5-4869-a6f9-e97952f2e97b,4fdd985b-34a7-4638-baba-da48a7506955,Oneill-Marquez,2024-05-24,TN617484
8ac71479-23ee-4679-9d82-95b86b210560,0e901da0-97cb-4e90-96d7-ecf48b22dffc,Allen-Gonzalez,2024-07-10,TN472881
7db6fe3b-0807-49fc-b1f2-642389a7ccb9,00f720b0-3648-423c-9b2e-dc49132c453c,Stokes and Sons,2025-01-14,TN224050
82e7d878-cc08-498c-81dc-b6e11b03e28e,556cbdc2-def7-4e86-8a50-cdaee07814d4,Vance-Nielsen,2024-10-11,TN876981
58dc7870-72c7-43cc-a6c9-f98e240d2e31,e663da2e-6c74-46fb-a7aa-f68adb549107,Estrada PLC,2024-06-23,TN415278
0a2ccede-4a7a-4617-ad66-23fb22b19cca,b24ce308-e23b-4d23-8618-c88a82fc1d50,Mendoza and Sons,2024-03-21,TN469893
cb0f0a6f-9168-45ce-85cd-3525172193eb,0c2de35a-299f-4a78-b968-249e61092e5c,Reed-Moss,2024-09-14,TN463331
5d340041-07d2-4b18-9506-b5b89fab1293,978d227a-09fe-4b6a-a7d3-d765d4c9adbb,Crawford-Mcguire,2024-03-22,TN347625
abd4d712-7848-473b-ae7e-27ffec208e2c,4fae9eb8-9cdb-4407-9cd4-4e3a6f5f8a02,Torres PLC,2024-06-03,TN811055
462b5253-754f-4be2-9b13-94b24d3b12ca,fdeff2b2-c963-42c1-b810-46ca2bd16cea,Lara Ltd,2024-07-13,TN156067
067bdbd0-5c31-423c-b3fa-cc1f9c4a3507,b12e0a5b-0447-494f-8881-64013cc64029,Spencer Ltd,2024-06-07,TN758244
e210ee82-267f-4335-91a2-0e0aa78539bc,2546812a-8dda-431e-8dfd-025560a9aad7,Hunt Ltd,2024-05-30,TN762527
ee11f673-01fd-4e08-842d-bc4f9374d920,0bf1403d-1619-4a9b-b079-bb5c1558de2e,Wood-Snyder,2024-06-09,TN756614
9620b31e-7375-4cc8-a3f9-1a26c666033c,f6e1b015-28d5-40d1-b1f9-04e7b18a0b5e,"Rodriguez, Thomas and Moore",2024-09-30,TN101174
d6c5fd17-e3a5-43eb-bcdc-29940d34e5d0,4fae9eb8-9cdb-4407-9cd4-4e3a6f5f8a02,Bell-Brown,2024-12-21,TN944923
c02be955-8299-404b-afd6-15eebd78d000,b3c7ef0c-f96b-4093-b493-8f736d1116c8,Ramsey LLC,2024-07-20,TN316012
99c0094f-4c57-4497-8ef5-6bdf0fc9b2a1,e671ef88-962b-46c7-9486-4f452d10a548,Phillips-Lopez,2024-04-24,TN799737
42cb92a9-81a8-4ed4-b599-bf6e1ebbf209,d1ded113-b1b0-486c-ac88-60207d7b1a2f,Finley Ltd,2024-07-03,TN837022
808f375f-6c21-40d4-b4a1-2a8258d1e538,2546812a-8dda-431e-8dfd-025560a9aad7,"Anderson, Mckenzie and Lozano",2024-09-26,TN934810
7b5d50b8-b343-4d68-9769-a3081e5db5b1,ebc6bc0e-354c-448e-a18d-64da01656838,Powell LLC,2024-07-09,TN119678
6a92e94a-0666-424c-be3e-d66b886a2f2c,825a034a-cf2d-4ef6-b611-6dda04dd6e3f,Jordan-Cook,2024-09-26,TN257854
d6c12fd7-4b45-4108-b53f-d8d61dc1e7b8,d177976d-561a-4f52-9ba5-f8ea2780b85f,"Turner, Ramirez and Ramos",2025-02-17,TN988183
06e41fa8-9883-4b32-9176-9dcc03ba53b4,d003a5de-f6a8-42d8-8aec-c25dff782596,Pope-Wilson,2025-01-28,TN197334
b30fc23e-c3a0-431d-8fec-6b882ff33201,3107bcc0-67c1-4c34-8425-93ac6f7c4cc4,Lewis-Miller,2024-08-06,TN755238
ad0de849-081e-4999-8f3f-c43447d6a383,8d4cc5bb-0f1e-404e-b0db-1df1068aaf18,Schmidt LLC,2025-02-20,TN864077
8554f790-9f11-42d9-a18d-89d9189c81a1,ab557281-d482-490b-a2a2-2d1b1c5aa7e0,Barker and Sons,2025-02-04,TN970883
d290f665-f9a2-4277-a2d7-e1be5b84c6de,f235b026-1697-45b3-bb0d-c5b78267be53,Kim-Hoffman,2024-06-20,TN238442
912a5d86-bb6f-4ff0-be43-4726afc9608a,2d45e196-84e7-4205-be5e-75a17967084e,"Lopez, Payne and Whitaker",2025-01-29,TN662376
cba88ece-aaa2-4334-a86a-d7e4c21e7c68,fdedeba0-b7f0-4c36-9556-dccc209c0f1f,Gray Ltd,2024-07-15,TN927793
3bd51fcd-995e-46d3-9b0b-3efa316d953e,53e1d701-07c3-4ca0-89ad-5fd5c701f4ae,Ross and Sons,2024-12-29,TN320778
71681bbd-6a70-4f89-9d52-839dc8e2c04f,3eae04b1-174c-4b61-ab3e-facd8074741e,"Lozano, Jones and Snow",2024-04-21,TN517933
a0fc084e-8fbc-4831-9329-1047ca073a2d,f6a88fd4-5b61-46a1-8254-5e533f2afffd,"French, Espinoza and Walsh",2025-01-23,TN891686
701ce814-a6d1-4ad0-85be-be2a3beba3f5,c312990b-b545-4207-905e-74dc8e438cc8,"Williams, James and Willis",2024-09-16,TN275383
57a8c8eb-3367-436e-a94c-3f201180db2f,7bc4f1e7-6cdf-4fe1-8644-20dfacc10bf2,"Lindsey, Decker and Ewing",2025-03-18,TN632260
45fdf095-5648-4987-9299-6534457a68cd,177850f5-ab06-4831-b09f-8296978dfb7e,"Miller, Smith and Page",2024-09-25,TN340820
98045831-4fa9-4ff7-9fa2-7b37ec2b2656,ab53a8c9-5168-43d9-aee9-dc1eb0fbcaff,Martinez-Schroeder,2024-10-03,TN861767
6525393a-d3d6-4a82-a055-a0a73799e52b,efe7f376-2996-406e-a33c-3cf4f6722c48,Hall Group,2024-08-10,TN893479
4734e296-d193-48f3-ba6a-bdc6c083e494,60c7eb54-d235-4692-aa7c-68e578a294f1,"Fisher, Smith and Conway",2024-07-02,TN118426
681a7547-cf4a-4595-a748-361c8255a657,882e1ef3-e45b-4a82-82db-5351082eea83,Newman PLC,2024-09-10,TN612200
4bcd2e6b-9f4a-4e8a-90c7-5db6bbbef57b,f6e1b015-28d5-40d1-b1f9-04e7b18a0b5e,Jennings-Barber,2024-08-16,TN457994
f9551841-e8e7-431d-adc4-2632ea2b9c50,62296273-9758-40b0-93f0-524eb5dca940,Mahoney Group,2024-09-18,TN982897
c65dcfe5-f31b-4725-98af-3875882ba7f5,bc6f61aa-ea85-4b64-a368-3b47bb8be028,Taylor PLC,2024-04-27,TN579271
1af4076e-de2f-40bf-9cbf-aa43902c10af,668c042f-9fa5-4be4-a2ad-f77c156b6d72,"Snow, Hernandez and Obrien",2024-06-06,TN378698
6a68f28d-4849-44cc-8eae-344a221e94aa,8caf5332-c596-4bf7-be51-6fe372290bf0,"Anderson, Jefferson and Juarez",2024-06-28,TN781090
2dc4936d-d8c3-456e-b2f8-12961372f358,ae2c9a02-f7dd-4483-8df9-996cd76eaa6f,"Rodriguez, White and Crawford",2024-12-29,TN883648
4f18d22f-4f52-4e86-b879-3855f64179f3,08d126a3-f5fa-4126-9975-64fc14739445,Sweeney-Mack,2025-03-15,TN990747
f3ea6b99-0eb0-474b-980c-24cca03d1a41,0d69bae8-301d-4f50-bc40-a058b8b484ff,"Leblanc, Lowe and Mitchell",2024-09-27,TN388382
6a668f39-b8a9-4332-915d-8a2b881702d5,2f02131a-fc9a-4633-bc20-6d9db0d6a61e,Melendez Ltd,2024-10-27,TN344566
59898457-e16c-44e6-9f82-54ccd67416cf,2d24f654-c337-4609-85b6-7fa5b5729b57,Murray-Bell,2024-05-15,TN303244
ff4b8c24-e385-4bb0-8e26-6d805219ac50,a79cef29-6f5e-440b-bbd8-505ed09e23fd,"Garza, Velez and Hatfield",2024-10-08,TN418025
8e70b116-e331-497a-b825-db30154069c9,3b74bfb6-0c5b-4437-9c53-717f9c61a24f,Taylor-Foster,2024-10-09,TN965815
429f70ae-497a-429f-9ab3-e3638b98df38,9470f9ea-fd1b-47ed-a650-1e0e81d3441e,Oconnor Inc,2024-08-13,TN510750
d53b9072-6b2b-45e4-ad69-e77e7a4c3e4c,674aafe4-ce53-49c6-957a-6ff6c5cef3e2,"Jackson, Estes and Moody",2024-09-13,TN517323
6af2b8a4-bbba-4331-b30b-df3b615f7b80,b22467d9-eb7c-494d-9037-2682f52be234,Barton PLC,2025-02-22,TN931892
f534da1d-b73f-4145-9b04-6121055bf35d,0a240e52-5cfb-4c4d-935d-85235c8ba4e3,"Davies, Hernandez and Thomas",2025-01-26,TN348206
9ea7c6cc-6c7b-4603-83a0-75333cc40378,25c90431-7590-49f4-b969-646721435901,Hughes-Fox,2024-12-04,TN148833
6a0c5ab3-e858-49ad-89f4-6affd80dd904,e5fc2ae1-5922-41ab-8e6a-ecca86fa897e,Gaines PLC,2024-04-16,TN107535
451662d2-d3f1-4abb-ad32-73719dddd68a,bbeba080-ea8f-4175-b1e0-08cdce30607d,Gordon Ltd,2024-10-10,TN653893
687b4b51-a475-436e-beae-e536d0e25551,22e0dc53-f8a5-4e1d-9356-9260e7e33f28,Johnson PLC,2025-01-16,TN158794
4021ce28-b988-42a0-bcc3-cc6b025ab9a9,03973020-06a8-4c35-87f2-4bf3245aa954,Drake-Boyer,2025-02-06,TN309468
426d2ae9-9ec7-4d5a-9331-0429fe617d0a,d4dce1c0-1884-470e-9d75-fc7783316109,Smith Group,2024-07-21,TN260547
8b36890d-5f70-4e8d-a186-326a49344a7e,c8809058-ea5c-48e0-8bdb-e63b24916228,"Barnes, Park and Garcia",2024-05-30,TN840315
223cf76b-fbe5-4ec5-857b-5d4e3933912e,1dde41b4-8900-4d1f-a58a-5e3150c1f782,Rivera-Henry,2024-07-26,TN792045
74d55463-423e-4c97-875e-174c67f4da9b,db336893-6858-4d2e-9fba-860d2d956018,Castillo-Townsend,2025-02-08,TN809371
85df993e-6c40-4d64-ac33-675d9c8bc5d4,d93edace-8f7e-442e-a677-66148941ebea,Tapia-Hill,2025-03-16,TN122005
983c2192-28a7-4e0b-bda2-835cbd561eca,69c69a05-a208-4f98-96d8-cdcc53b03645,"Harrell, Casey and Day",2024-11-22,TN524491
a6a84d64-907d-4396-8654-6060373ed4c2,092205ea-08ea-41f0-8a2f-9051958bcea1,Brown-Walters,2024-08-03,TN339525
febaf397-01b9-4852-ab10-05e4c67065a8,4e3a61d3-5060-4727-b6c3-536f1f106146,Pugh-Acevedo,2025-03-19,TN919441
a41cdd26-d8c4-4b23-99cb-c4a65b62b24e,6c4a866b-92d1-4281-a91f-92750aaeac1a,Martin-Santiago,2024-04-14,TN850377
51cf42da-2bf5-4b10-aa2f-c3fff570dcef,d1296d78-31a3-4f84-bb5a-06c19a292b05,Caldwell Inc,2025-01-10,TN970795
8630b29f-f36a-4782-968c-d7f3bd38af3c,aa88adc5-c491-441a-8db5-744b8c7ea697,"Tapia, Nelson and Clark",2024-06-12,TN433869
fa4c00ee-a492-4405-a3e1-f49b3d515f34,131dba97-76dc-401a-97cb-30385ee7b965,Castro and Sons,2025-01-19,TN848282
ff5852fd-4d12-4c5f-9032-b91db756eff7,c494df1c-2f6c-402f-85e5-4712ddffdc8d,"Noble, Taylor and Guerrero",2024-04-17,TN601084
50633155-a3f6-4ffa-a5fa-0fed4dac14ad,29e546a8-85bb-48a6-90e6-be6d3b2a1c9f,Houston and Sons,2024-10-30,TN345590
5fb761ec-c3c4-41f1-99a7-1e658fee7d62,20f3803d-9d8e-4eb6-a56b-f4aad5985125,Schwartz-Rodgers,2024-07-26,TN599215
b6fbd5f8-8741-4c4b-b8d6-c2029b1e71a3,d8441235-4094-4de8-ae03-73ffaa3717cc,"King, Combs and Cooper",2025-01-06,TN888505
d4bd7a3c-a1c1-4546-950b-c1daf25871b1,f10ebdbe-c9f6-4bb9-ae81-061402340091,Townsend PLC,2025-02-28,TN630253
cd9b68d1-ab9c-436b-af41-8c72e7ecb22d,b3c7ef0c-f96b-4093-b493-8f736d1116c8,Vincent PLC,2024-09-30,TN229065
4bf9faf3-a10a-4c71-985d-57d6c25cb575,dc515de9-70ae-4c47-b80b-d5a979f5e184,"Clark, Douglas and Thomas",2024-10-19,TN679205
de6b9a9c-1322-4c12-8af8-eadb17844378,580b39a0-2a68-4c26-bfbe-7f95d80e1f87,Johnson-Young,2024-08-24,TN596933
6aa6c196-a54f-4bca-8367-615258c007ca,a358e857-4032-4924-a148-bd3555d586d0,"Potter, Thomas and Hart",2025-02-15,TN227908
b4573ddb-054b-44a1-bb63-e0f7754bcdfa,65e38266-2e70-4d8a-bc37-1b2cce5aa7a2,Farmer and Sons,2024-08-07,TN734298
d27b9b5f-18c3-4340-b88a-13e139dc5f28,655971bf-0d05-48b1-9413-7222ff4872f4,"Munoz, Myers and Goodman",2024-10-14,TN264066
da18d3a6-7f25-4eb4-bc3e-cbf08531ad85,615ea33e-be1a-406b-b72b-4693e50104d0,"Ferguson, Roberts and Coleman",2024-10-09,TN412017
026817f1-4939-4fc7-9649-d9e311587f0b,c494df1c-2f6c-402f-85e5-4712ddffdc8d,Patton-Kim,2024-03-29,TN938637
b095ad9e-65e3-43f7-ab68-662471f168af,3a5fb6cf-df28-401f-a855-d1373b3bd5e2,Adkins LLC,2024-08-23,TN137152
794f97f9-6784-4369-b9d8-b32d44a369bd,ebc6bc0e-354c-448e-a18d-64da01656838,Bowers-Ramsey,2024-07-17,TN380864
30cc7d0e-218e-4ed9-8781-84c49a263fd9,4b83aa7d-5af8-468f-a01f-8159555c0b50,Brown Inc,2024-08-09,TN455700
8fc5c4be-9be5-4cf2-b21a-7c5b476c225f,de29d8e8-4b6a-43cb-94b4-b0e3f6e72b6b,"Robinson, Morgan and Reese",2025-01-16,TN169315
0e3181bd-0c08-4d97-9035-1f76449758cd,2d24f654-c337-4609-85b6-7fa5b5729b57,Roy and Sons,2024-09-17,TN553008
5381f8cb-a661-4fbc-956c-8d1062d13411,5899d5d1-b5b8-44a1-9560-9ec6b4148605,White-Griffin,2024-08-25,TN704416
3dd19392-f31d-43c8-8eaa-929942bdc6f9,589775e0-4d6d-4450-89e4-2096751b7998,Ellison-Lara,2024-09-17,TN932098
71dc12b5-4647-4761-9f34-8299ab2586d4,db44b03c-c471-4d00-be56-c7954284b097,Cunningham-Fox,2024-11-22,TN552546
536273bc-12be-49ac-b43e-f457dfc7927d,efe7f376-2996-406e-a33c-3cf4f6722c48,Tucker-Bell,2024-09-24,TN114534
6478e462-e725-4c48-a2e1-0e8d30957b50,7e03009f-b5fd-4db1-846d-104b23fdd1a5,Hunt-Jones,2024-06-16,TN788828
9f9f61bf-b03b-444b-a10d-9e9db0625413,4d6bfdff-e7d9-48d5-a870-8e77a23ee95d,Osborn Inc,2024-08-03,TN626971
fe31feee-82cc-4469-88e0-88efd9899b04,8ba89c9f-0599-418f-8fcd-adb79bbd7c50,"Rivera, Simon and Garner",2024-09-14,TN950572
6c9897a2-f109-4167-8b9e-8569ea05b1a7,a369d2a6-f013-4038-ac5d-40590c233788,Brown Inc,2024-07-11,TN668077
d3569c3d-cebc-4f7a-b4ca-a744a4935ac1,0d69bae8-301d-4f50-bc40-a058b8b484ff,Fisher Ltd,2025-01-05,TN322853
8a4750b7-1e73-4f33-a73f-a55fb57ec7f7,978d227a-09fe-4b6a-a7d3-d765d4c9adbb,"Little, Conrad and Moreno",2024-06-15,TN345851
a0ec4d16-a0dd-472b-b561-7f65d37d6f1a,fcec0555-87bd-4122-9407-51960481613e,Lucas-Walker,2024-08-20,TN829985
8845a01c-fcc8-4ea6-964b-87cd5d4d4c8c,baa324f4-34c0-43fd-8a85-51eec5e76046,Roberts-Benjamin,2025-01-28,TN963450
8b1216e3-710c-4db1-872a-6296e9ccbfd6,6660b9d1-75cb-41eb-b73b-d2d000545ca9,Orr-Nichols,2024-05-28,TN955055
3bf1f225-d05c-4dd6-9376-fb9d86bb4d80,e5043e1f-242e-4aec-8d5f-406c7cbdc1fd,Schultz-Gray,2024-12-03,TN554505
ff350509-c979-4c90-94fb-0a2b060cf5a3,2db0fdf8-6420-4529-a5b1-708924c30e7c,Tate-Spencer,2025-03-16,TN934423
e3de0913-9ba3-4cd7-a03c-dd71a6b6fd6f,88fca912-c7a2-413a-b255-45103b1e28ed,Harris LLC,2024-04-22,TN833334
63d2af30-9e5a-4227-bdc5-1945373f720a,42307274-91fe-4063-9c1c-6970bea8f5c0,Clark-Bolton,2025-01-11,TN605351
d6a2035f-e026-4e29-9792-4e83b7892402,befeac8e-d5ca-4895-bbc3-6ce971e9fd07,"Rhodes, Wright and Kent",2025-01-17,TN871893
d4bc8b08-298d-447a-ba1a-5388ab0b7927,66fdb0c5-0ef0-4fe9-9b19-2e0003c4ff2a,"Scott, Mcdonald and Butler",2025-03-06,TN570461
b09f037d-c6fb-463c-8814-5796c65ca6e1,d407b618-d207-44b9-bc9f-df05ad748130,Wright-Young,2024-03-21,TN165540
5ec6c3e9-79e1-4daf-b0cf-2e279d0e663b,db44b03c-c471-4d00-be56-c7954284b097,"Clark, Bowman and Cuevas",2024-07-15,TN189953
5956c933-c124-4837-a149-7baabceb1484,ec2536c1-926f-4290-aceb-aa90707648da,Moore-Bennett,2025-01-03,TN969605
83b1b3ed-0e2d-41a8-8793-5d785ff97f74,32f65764-5a74-4bb6-a23a-d5d3901e5fe9,"Fischer, Knight and Carter",2024-04-20,TN986873
898f3de1-3ce3-408d-9842-d8a46a57ac34,f54f2af6-68b7-450b-a9da-b12ffa156203,"Snyder, King and Daniel",2024-04-23,TN415174
07e726c1-6bdf-44d2-90bc-47e1d76ae7ae,c8a91389-e3df-421e-ab88-663ca4443d11,"Rodriguez, Dunn and Chen",2024-10-12,TN253054
fab4173d-a813-4fec-a170-13c592b5c245,8cd7a9e5-2791-4920-86a0-de03a1aa1f48,Salazar-Foster,2024-10-06,TN593678
02f65282-3e38-413f-9e15-6165c89007d9,a0aa6b86-d246-4073-92d5-7e7ddd8f260d,Blackburn PLC,2024-12-08,TN148864
906c84ae-6149-4213-bad3-e93e7053dd20,843e015a-682a-4ce4-8526-009dcca756de,Frank LLC,2024-11-06,TN340378
d32e81a4-e02e-4198-9f6a-a1281be42cd5,e77a7b0f-22f1-4f31-a532-139b5306fd4f,Page-Simmons,2025-03-05,TN732176
cf10ece6-9afb-4e93-95f8-46e482bf4e85,8d4cc5bb-0f1e-404e-b0db-1df1068aaf18,Jenkins-Watkins,2025-03-02,TN581479
21d47303-9fd4-4d77-9364-602737468f41,1b1a92a8-d5e4-46a5-b545-6c301cbb129d,Anderson Ltd,2024-06-03,TN602519
de8f9e6f-7eb6-4da1-ab12-5770a031de93,87ec1832-3622-4bd1-8227-4abf1431aca3,White LLC,2025-01-10,TN784273
a34e11de-3b2e-424c-8ef9-d99a46cac283,358a6c80-14d8-4040-8b22-4b6f56470a1d,"Smith, Glenn and Carter",2024-04-09,TN817146
f6c74538-a14f-4887-bfb2-ec86bd0c8679,5b4c21de-82b3-471d-8cb3-4f8bf1348523,"Brennan, Garcia and Carpenter",2025-01-27,TN152707
7fb543e1-a5f3-4d17-8bd0-75c3def6c2e6,a9821729-f6fb-4630-ad5c-b1cc409e26a8,Cox-Johnson,2024-12-06,TN567437
93aa04c2-e330-41ba-8769-ce7475529128,72b75b26-d09f-4bb0-80b7-b3c681e79582,Gardner LLC,2024-07-02,TN581712
3f829c3d-df83-44a1-a432-cf9adbe490c0,8ba89c9f-0599-418f-8fcd-adb79bbd7c50,"Oconnor, Thomas and Benton",2025-02-23,TN683753
e4ffa020-c7c2-4372-80c8-e4bd04e63e54,843e015a-682a-4ce4-8526-009dcca756de,Collins-Garcia,2024-10-05,TN586681
113cc7cf-a7d3-4bcc-af51-16b252189760,ce4d85b6-c928-4f1e-8daa-a0c29402bf63,"Willis, Hall and Nelson",2024-03-25,TN140185
9b0ea429-bc1f-4d3e-b6df-6bc5bfe5142e,c4821f1b-7946-4f30-b95b-acaed9a93af8,Robertson Group,2024-09-20,TN828568
0ce38e79-4a29-411b-99b5-28520e457bef,31d0a979-caa2-46f7-9228-94e721257f4d,Thompson Group,2025-03-07,TN555495
23f81778-becc-4ea6-8f93-6b2222fc423e,38223238-d8ed-49a9-89d3-dd2916585201,Rice and Sons,2025-03-03,TN901170
4ce81782-9f3b-4b64-9647-302d01727fbf,ff4930f2-e141-4dc3-ac61-0537dd68e0c1,Jennings-Lewis,2024-11-11,TN723875
08075022-a45e-46cf-8a5a-c4e0536ccfd8,ab24f935-cb7b-4c49-9ed9-291896ae95b4,"Martinez, Williams and Duncan",2025-01-17,TN807932
3935a58c-aeb1-49ed-8d23-452ccf3d6806,691e375b-609f-46d5-b73e-91d4940da945,Roberts-Gonzalez,2024-05-17,TN965664
fc4358f0-e0d4-4604-815a-9a04bcbbc53a,24a7a545-9480-41c5-b9b6-d88678570e69,Adams LLC,2024-08-24,TN977828
9858198b-051b-4be3-bfa8-fcf27f6d2c02,22bf65f9-ea50-43d8-9119-2a7a4417e41f,Mitchell and Sons,2025-02-07,TN806628
b6346bc1-a237-4e8f-a3c2-acfd45cb3947,dee0cda0-e8e7-4069-86cd-f9e6afe71a2e,"Bennett, Solis and Robbins",2024-08-21,TN432156
105d31f6-427f-404a-8dac-33adcd5e85cf,4be16379-07dc-4b7c-8fdf-94a6d0e0f64b,Garcia and Sons,2024-04-19,TN682869
e85b8242-4f65-415b-b24e-f27933505a49,3fa8b716-f1c2-43d5-b5d1-b261fdab7ff2,"Hines, Freeman and Forbes",2024-04-08,TN529096
4f9f4b94-1757-4476-914b-17b8bcf1c206,bc6f61aa-ea85-4b64-a368-3b47bb8be028,Taylor-Ellis,2024-06-13,TN126330
b84a79f8-da83-4779-a9cd-82bde6afc46d,1855fe72-ba56-4eb7-8dcc-eae052fc0d14,Manning and Sons,2024-05-07,TN738991
e4d09730-672f-44b1-a684-f16fe7334fcc,e671ef88-962b-46c7-9486-4f452d10a548,Evans-Anderson,2024-09-29,TN290459
01a00beb-abac-4ab7-9c03-9df10f33b5c4,d46f162d-6d12-42d6-91ab-d7102aa63523,Cain and Sons,2025-01-12,TN158721
b31bb16b-b540-4d16-85bb-84a19161752a,cb67e407-8ad2-4edb-986c-d3d45c87ba92,Watkins Inc,2024-04-13,TN699305
05dccad7-e770-40b8-ade7-84b63bc0fc16,7198849a-3064-45d7-bedd-356dab128a7b,Brown-Phelps,2024-11-14,TN196160
c9b2981a-d639-426c-b0f2-09499e61286b,0a67ead3-9efe-4d7f-866d-cc7501b91b94,"Gross, Clark and Cox",2024-09-17,TN237742
8ae80018-6066-4954-b016-9d0785574cb2,b3c7ef0c-f96b-4093-b493-8f736d1116c8,Martin and Sons,2024-09-12,TN311323
3740e03a-9753-47a1-81e6-33e04487c29b,bd52a587-fb93-4491-8b24-4a93fffc6c49,Castillo-Lee,2024-12-25,TN973391
2d70cc06-f708-404c-a5de-0050028a986b,529d794b-c086-4945-a89b-8ea305a89744,Torres PLC,2025-02-20,TN200798
e2c02c22-ec7c-4ac1-be2e-b92fb4ee9504,87084e82-45b5-4c97-9812-79a105740713,Phelps-Sullivan,2025-02-02,TN277511
49ae515e-dfe5-4911-a8e3-b230dd1458aa,c9a1bb9a-acf2-42ab-9dc7-32a7fed3d086,"Glenn, Marks and Crosby",2025-01-03,TN998658
da4e930d-1c4f-4658-99b5-bfb03873f725,8af9130d-9460-42fb-accf-ffec69200681,Morales and Sons,2025-03-13,TN452466
e0d90d84-a711-4313-9a8e-bc08dbd1f43d,0172b458-d492-4bfe-b49b-a6c691a58dce,"Yu, Freeman and Morrison",2025-02-25,TN762339
d91c243e-71b6-4acf-8b51-2d5e3e276fa8,272971b2-a825-442a-9276-cae8cc42f189,Carter-Barnes,2024-11-25,TN313900
ebd4ff7e-2075-4ab0-bae8-360ee850fce1,0f89522a-343e-4cde-8369-dfa739af00b8,Baker-White,2024-08-15,TN482676
96d799a4-8725-4c06-ad08-b8cf3a8dbed9,ed02d8cc-27e4-43df-b345-43bc96dfdd0c,Carter-Kelly,2024-07-30,TN515932
1f189f71-233f-4686-8747-24451ca3dd30,6138efbc-69c5-452e-a97f-11847f3a6ab0,Drake Ltd,2025-02-12,TN654864
f1bc5a6d-816b-477c-b5fb-591d90ea7ac3,502fa755-8a96-4c16-8680-613c88e0e28d,White and Sons,2024-12-22,TN384914
3ff9bcc9-98fb-4e39-9343-a9e5a6910c33,486c1a33-fb20-4cbb-8fbf-3512479b9043,Phillips-Thompson,2024-05-30,TN856257
db35115e-eb43-45a3-a61f-5ff13fb8e0f9,60c7eb54-d235-4692-aa7c-68e578a294f1,Miller LLC,2024-09-30,TN907621
57c1f7aa-2204-412f-8f63-625b3225fa04,6c4a866b-92d1-4281-a91f-92750aaeac1a,"Flores, Rivera and Stephens",2024-10-27,TN295270
67e9558a-59e2-42ca-a51a-9eb38300af5c,2593d877-b61c-4440-a4be-416d49a328a0,"Lopez, Green and Johnson",2024-07-11,TN792994
e9b8201c-6b41-4792-b187-30efcfca69fa,d003a5de-f6a8-42d8-8aec-c25dff782596,Thompson and Sons,2024-08-06,TN925213
45b87600-731b-4d02-908f-b39e722f61dc,15d83ec2-4102-4756-ab5a-8e504992097d,Thomas Group,2024-07-24,TN190015
9ee49c85-9a15-4d0e-a211-8ccc317ea5ea,7198849a-3064-45d7-bedd-356dab128a7b,Gallagher-Garcia,2024-10-05,TN785657
384e274c-3f59-4c2b-98df-1f2dd1eec491,e54cfcbd-0c2c-424b-8444-ff7cd7464611,"Hood, Kelly and Davis",2024-04-16,TN488319
424e0893-bdbf-41b4-8583-2a2be343ea3c,ce4d85b6-c928-4f1e-8daa-a0c29402bf63,Norris Ltd,2024-09-21,TN888000
4bfcbf2e-7996-4f71-a712-d60897eb04e9,dc515de9-70ae-4c47-b80b-d5a979f5e184,Shaw LLC,2024-06-29,TN820137
26d0c91b-a663-411b-b6b2-22c55953d7a4,d8fe705e-6958-40b8-975e-72cacfd5fd34,Aguirre-Myers,2024-08-30,TN573196
afa1d3b3-0e31-4494-93c4-cb0c1bd30e98,e5d87d22-c377-4637-8790-eb6bb9990935,"Taylor, Mueller and Stewart",2025-01-08,TN253932
672d534a-191d-4810-b5b2-727f6c1ea64d,c1a0229d-f716-429c-870c-1a7c7921eb28,Romero LLC,2024-08-04,TN857903
ad1cada9-7094-4aa3-b3d8-ba5fe8589d3e,edf7ae3c-b7ac-4562-96e7-af95766ed9c8,"Chavez, Bailey and Lopez",2024-04-19,TN988435
0995ae9e-766f-4a69-bca3-eb46cdf1bc98,8b02a80f-73a4-4dc4-b277-108140862612,Kelly Group,2024-08-09,TN581784
f53412bb-3cae-4920-a546-13fe8b64c34f,d003a5de-f6a8-42d8-8aec-c25dff782596,Williams LLC,2024-04-18,TN648988
35452860-dd54-4984-8a03-efcf9482443b,0e901da0-97cb-4e90-96d7-ecf48b22dffc,Curry LLC,2024-04-02,TN433812
2ca649dd-e107-425d-90ca-7dfc606c6e73,00f720b0-3648-423c-9b2e-dc49132c453c,Boyle-Green,2024-05-23,TN524652
9e30ac3e-ed78-4192-b0f5-8e5ae367c2ab,d60a8613-549e-4ea2-bdfb-fffb1df45031,"Banks, Wise and Johnson",2024-04-12,TN457305
f3942e6a-737c-4b12-bd96-2229a9277775,cb67e407-8ad2-4edb-986c-d3d45c87ba92,Mack and Sons,2024-10-25,TN684729
f79d052f-03c1-468a-baeb-be8757de1a63,6e60fc62-c0a0-43df-88de-65a2a915dcd3,Nicholson-Adams,2024-05-15,TN768720
1f7e058e-d639-4c02-9897-06be96f969e9,fa0ae356-a832-4243-a0fe-3dc5c80ae717,Fields-Lewis,2024-12-20,TN418498
b06230f2-9899-4541-ade1-959453d52ad6,2bff2de3-87d6-4f7f-8b54-26e8ecbdd30d,"Hahn, Nunez and Contreras",2024-04-12,TN388089
22165700-32f2-4db4-9b1e-647e8d7fbdfd,d2f913a1-2505-448d-a5f7-311d06c88e95,Shelton-Church,2024-11-14,TN681980
d285e132-17bc-4bd4-a0dc-3b23146b9f1e,65e38266-2e70-4d8a-bc37-1b2cce5aa7a2,Shannon-Brooks,2024-06-03,TN797343
0a0ae1df-f097-4761-ac24-5845b0a52690,b05ae084-7091-4117-8e47-94f25ba2cba4,Oconnell Ltd,2024-05-22,TN700776
9d795872-0445-4344-b4dd-ce4d50cd6c00,4fae9eb8-9cdb-4407-9cd4-4e3a6f5f8a02,Mitchell-Larson,2024-06-19,TN919791
b8fdfb17-314c-41c3-a722-cc3b8f61d2c7,e757d922-bf1f-4758-a23b-3f8a0502fd83,Pacheco-Floyd,2024-06-16,TN371889
ff6d1754-0f89-42db-aeb8-40508908877b,c4821f1b-7946-4f30-b95b-acaed9a93af8,Chapman-Brown,2024-10-19,TN143867
37d96c72-7e0d-4b85-a132-54a2c3f77ed9,481ff66a-3147-49f7-a9cd-4ecf35dc6845,"Walls, Gonzalez and Todd",2024-05-10,TN629742
8e278083-161e-4fff-bc7f-91ae19bd7daa,0777fe8d-f056-4a92-b3d3-ac4d96b847b9,Morgan-Martin,2024-04-08,TN600274
ed386e60-1ab9-4cf8-a2fa-a96511e5c30f,65b5f665-d9c4-42d8-8a9d-3f0fdd6f5870,"Campbell, Riddle and Harrison",2024-05-30,TN240303
1ff3dd87-11b6-49fd-936a-cdd59a928626,310dda69-1225-420a-9e28-cb15e5f18d9c,Howard-Dalton,2024-12-29,TN776109
673e3805-3112-4214-b54f-e4d0cdb99cac,81bc628d-4e2b-44ce-bc27-7b6fb40d28e7,Scott-Phillips,2024-11-01,TN834138
09b9d9ba-b131-4bf5-969a-31c167af2314,6ba40cf6-72c6-4e6d-99a7-6704b2748248,Williams PLC,2024-06-07,TN750719
760ea3d1-f5bb-4cc2-857b-7dbf8c8a1401,d60a8613-549e-4ea2-bdfb-fffb1df45031,Pope-Booth,2024-10-16,TN103106
290e6e7a-c41a-4be2-af64-e3a0373cd00a,1c7b54f0-3694-4da1-9f97-2cb130be003b,"Pierce, Wilkerson and Frank",2024-08-01,TN354705
032972cf-7563-464f-91a5-db79cc6956d8,6d5cd3aa-ca3d-4855-94d4-3def9637cbd0,"Garcia, Adams and Williams",2025-02-11,TN272663
4b1f091a-68cf-41f9-a3af-29302044441d,5905fc05-3ab5-48f2-881a-0067b2518b43,Walker-Caldwell,2024-11-30,TN739595
f18f2d35-a4cb-4fb8-8c01-4443d6a6cf98,3e082da5-612d-498c-9181-54c47e612663,Sanchez-Welch,2024-10-13,TN211941
780bb2c8-661c-4301-847e-128ad67b9ee0,82d8771b-796e-4e70-99d0-01381fb04d20,"Wilson, Jones and Romero",2024-07-10,TN207531
e401f283-c26d-4216-80bf-9915b57598b8,13ac4348-c22e-459f-8767-26a27da8dcc9,"Allen, Ryan and Bullock",2024-05-06,TN688600
af9f51a6-3d8f-4a7a-bf37-65a2a6df0f9d,05d643b7-ff13-40aa-b83a-ee6665e6158d,Gonzalez-Stevens,2024-10-09,TN474901
b3495200-d6e1-4d69-a451-c3c3ff88b08a,8c9606a2-84dd-4600-8a9c-50bec0586d46,Melendez LLC,2024-04-06,TN936641
a7bed468-5d19-4fe0-96fc-7d984173d717,a9821729-f6fb-4630-ad5c-b1cc409e26a8,Gibson-Brown,2025-03-03,TN786669
3ed435e4-d886-4590-87e7-7baac646c005,cdcc5808-0f43-4c29-8297-1dca468406b9,Woodard-Woodward,2024-10-06,TN645437
961c8f42-ec38-429f-a72a-7b1ed37f1002,ac9da41b-6647-447f-87ed-2359175f0ba8,"White, Terrell and Smith",2024-09-19,TN366322
1765b689-a918-44d9-9e42-5a0c7d7f55ed,c2bc0c22-05ff-48e1-ac69-6561205a13c3,Smith Inc,2024-11-24,TN586905
1ac0b9b9-6790-487b-a2e6-040e30ae11a8,d407b618-d207-44b9-bc9f-df05ad748130,Fox and Sons,2024-08-20,TN176406
c7b6f9b6-cc9e-4f8c-a234-253b336c4bc1,dfd9a512-edac-4c84-8422-6a18b68fb810,"Rosales, Jordan and Williams",2025-01-04,TN202377
10941f29-0a0c-4758-93fa-f3d3e5ac150a,6d5cd3aa-ca3d-4855-94d4-3def9637cbd0,"Dunn, James and Taylor",2024-06-21,TN264541
03c883fe-6d77-4947-af5c-67c52cb3173e,b4c42477-572f-44ed-b5cb-79aaf495ef13,"Jackson, Edwards and Rivera",2024-07-30,TN618519
be3d7f39-9b79-481c-959b-b543e3f5595a,14a29392-9f93-4fc4-aca4-27bb3177efbc,Gibson and Sons,2024-03-21,TN176773
3ee9cf37-49c6-4be2-9b92-841dfee7ce85,2869e619-f23d-4378-b882-84f65b2358ca,Woods-Contreras,2024-03-22,TN236973
935ab63a-d9a9-4670-9101-7a254316aa16,365a942c-8fe2-4390-a9dd-af535482e308,Pena Inc,2025-02-27,TN968896
97a79f06-02e4-4169-87dc-a30ee7108917,b22467d9-eb7c-494d-9037-2682f52be234,Rosales-Riley,2024-07-22,TN449868
4fcdb3ad-fa09-4ad9-8cf5-cafac876e313,3fa8b716-f1c2-43d5-b5d1-b261fdab7ff2,"Bass, Howell and Smith",2025-03-09,TN455006
096ced95-ca81-402e-8262-4d2aeafa26b9,e5fc2ae1-5922-41ab-8e6a-ecca86fa897e,Jones and Sons,2024-09-09,TN721718
bdc99b87-aa3c-48fc-9942-cc82df065472,7b6c4151-a319-42fc-854b-720544f62eb9,Peterson Ltd,2024-05-17,TN533877
65147ba3-e0d4-4c9d-b36c-0522ca40d91b,62c80221-8ae1-4388-9994-5ebaa7c25e8c,Clark Ltd,2024-04-13,TN394545
7ddd5ccd-f3dc-41ac-9bdc-250034c65800,0a240e52-5cfb-4c4d-935d-85235c8ba4e3,Hardy-Davis,2024-04-03,TN211987
bafedbae-c47a-4241-a9eb-244b9e18a160,00f720b0-3648-423c-9b2e-dc49132c453c,Nelson and Sons,2024-05-12,TN838839
db4292a3-7d8b-4e82-a680-8af513663537,8a4628c4-f47d-439c-a27b-25a41a6db17f,Barr-Hamilton,2024-08-11,TN832048
8a54202c-b446-4083-96a4-18ef2a91161f,27ada61f-38fd-4ef9-a0ff-ad765d03dccd,Shepard-Richardson,2024-03-27,TN884752
c027952e-d5bd-466c-9525-f2e3fac2a573,78995a2f-4576-4489-b541-ecdc2f7aa2b6,"Hughes, Francis and Kaufman",2024-04-27,TN626984
2b90c2a7-71ff-4366-bfab-8338ffe3e8d9,202057f1-61fe-4d75-9037-570d7eff01c1,"Watts, Martin and Taylor",2024-07-17,TN936085
49ab8f23-8f34-4841-a0ca-b5d9182dad34,365a942c-8fe2-4390-a9dd-af535482e308,"Baldwin, Henderson and Kim",2024-07-21,TN404313
b7fc40ea-7b2b-4665-af78-02f18cc86973,78761f31-e4eb-485a-b94d-7b2d465d719e,Norton-Smith,2025-01-17,TN567590
cada3324-fd07-402d-bfc2-363897c9e1b7,d8fe705e-6958-40b8-975e-72cacfd5fd34,Foster-Murray,2025-01-11,TN884392
0f6003da-ce54-4208-976a-90c0721d415c,e671ef88-962b-46c7-9486-4f452d10a548,Rodriguez LLC,2024-10-30,TN817018
1db8a386-34b4-4825-9496-b1e0535650bc,e5043e1f-242e-4aec-8d5f-406c7cbdc1fd,Snyder-Stewart,2024-12-24,TN589640
bd72bc78-0351-4226-943a-6735e3648cf8,3c62423d-1b41-4363-8b72-1d7b47cddc6c,"Braun, Dixon and Cummings",2025-02-13,TN657473
f67ac69f-6bba-48bb-9940-e256e5558568,c8932ebd-a355-49b1-a550-8a84e14de485,Gutierrez-Jones,2024-07-09,TN137803
c152a31e-eb55-4cad-aceb-2ef0599dd02d,89a3ae5f-3f45-4718-9ff1-ba2dfbc6f4da,Edwards-Ramirez,2024-10-26,TN925982
eb11fac7-d503-42e6-8bfa-4d248b32d853,2c767069-564c-4370-b294-e267bfe3c595,"Larson, Contreras and Adams",2024-07-25,TN996688
e4d94306-4f70-4861-8db6-e2317b7c9151,077ac4cc-24fa-4376-af1c-1bd867c53e2a,Rodriguez-Diaz,2024-09-24,TN900983
54ca6edb-a74a-4c5e-a01b-7f264b5e97a0,cb67e407-8ad2-4edb-986c-d3d45c87ba92,"Hernandez, Stanley and Williams",2024-10-29,TN688847
3bdc82f4-3529-45dd-b54d-736cdb3fbbbe,0ea613e4-73e3-4aff-a819-bbccc5bb098e,"Edwards, Rogers and Gray",2024-05-05,TN967079
e57e5a13-0bac-495d-94df-b7cb755a3653,d1ded113-b1b0-486c-ac88-60207d7b1a2f,Williamson Inc,2024-05-26,TN973417
ad7ab691-7ad5-45ff-92c3-ac2672d92932,cd7e0cd7-296d-4031-885b-27ab41f3c8a2,Long-Mills,2024-07-27,TN662318
005f07b4-7322-49dd-99ea-57c5cfdc2ef1,62c80221-8ae1-4388-9994-5ebaa7c25e8c,Harris LLC,2025-01-12,TN732031
e2be49f6-e8e9-4cdc-a9ad-bf9d3a4902b7,363c93ca-3017-4b96-90fd-5a1cdd4c22cc,"Davidson, Ewing and Rodriguez",2024-04-05,TN218663
c1bc241f-220c-47c3-80a5-e7ea3f688a20,f36f48ec-fe0b-439b-aaa3-d6bf47d3a3ab,"Benjamin, Orozco and Bush",2025-03-02,TN687861
106b78e4-be93-4994-acbd-c43ee8d82668,fe1a4204-04b3-4bd6-bc2d-685b2ffa63e1,"Burns, Fischer and Webster",2025-01-05,TN116356
c387ed1a-4c96-43d3-91d0-a370c6cb7fd3,d2f913a1-2505-448d-a5f7-311d06c88e95,Horne Inc,2024-11-09,TN669337
4a168055-1cee-4dd3-a3be-d15a9e004950,640c3cba-7bdf-47ad-821a-eb9e6efc97f4,Gutierrez-Reynolds,2025-02-13,TN530429
e7fedd28-0a62-4b0d-9999-2d23287eaf8c,b5be45df-710e-4415-86f5-c474cbb718ad,Higgins-Wolfe,2024-07-27,TN197930
efc6022c-f98d-43bc-abb0-47cf35240a54,88fca912-c7a2-413a-b255-45103b1e28ed,Daniels-Bell,2024-11-01,TN400831
003753c1-0014-4791-9a7c-228e1dcc7fb8,03973020-06a8-4c35-87f2-4bf3245aa954,White-Dalton,2024-08-03,TN628697
8ecb3fb6-17f0-4d2f-bb29-cc22b7d5f350,655971bf-0d05-48b1-9413-7222ff4872f4,Kelley-Rodriguez,2024-11-23,TN803171
f27715d1-d289-4a93-9e97-5fb40c790f78,89f207ae-f449-449c-a33b-ae64f35b8308,Brown-Garcia,2025-02-02,TN598149
a4eed794-5fba-4f84-bfa3-4ad1bdffad42,674aafe4-ce53-49c6-957a-6ff6c5cef3e2,Smith Inc,2024-05-19,TN633570
c40cb6bc-a55d-4029-b425-b1c7533f7b88,5c33ce63-366d-49b0-bdc8-cd1444f956ae,Smith Inc,2024-11-02,TN427028
619f24ff-ac6e-4713-8900-5e4982539046,ac6f6b66-083d-4638-8ee7-28955ead3fde,"Marshall, Brown and Hernandez",2024-09-07,TN784991
16b4a913-227e-4dd8-a8d4-5ef0ba2c1e95,5677d4d9-71d5-4ffc-88ad-29db5e6da184,"Martin, Smith and Hernandez",2025-01-19,TN156657
eb0c48ef-9fb1-450c-af29-6e63cc257269,691174d6-5ab6-4428-8cd1-da2d2125a91b,Thomas and Sons,2025-01-15,TN375540
c7f66621-87e2-4574-b301-7fdd4f0896c9,203a0b3b-4b59-4853-b332-9d7aa25c6bb8,Johnson Ltd,2024-10-15,TN491219
60a455e3-4474-4601-9f4d-9fdb95cba2b9,826c920a-2003-47d9-a761-dc72a63456a5,Montoya LLC,2024-09-28,TN104092
4da7eb98-3012-47c1-8c2c-144c926f594e,5d5e6681-1f74-4964-8c69-1eaa212667e0,"Copeland, Wilkerson and Garner",2025-01-07,TN919451
5e99f210-1c50-4bcf-96da-419f85372f8c,0146d2ed-4ed4-4217-8026-c33524d59dea,Thomas-Mcdaniel,2024-08-19,TN306632
5d4da208-baa7-4a57-98ed-ea4a8758d4a1,f6a88fd4-5b61-46a1-8254-5e533f2afffd,"Hutchinson, Johnson and Ortiz",2024-04-28,TN278965
e442472c-8a1f-4362-8161-8b50f1814bc4,9a4e095d-b8f8-4e48-9ffb-c2b4e5b0c493,Thomas-Adams,2024-10-21,TN767281
52c40b87-a882-4183-97a8-e6840d84460d,272971b2-a825-442a-9276-cae8cc42f189,"Montgomery, Williams and Juarez",2024-07-06,TN770384
9f8191a2-856c-417c-ab16-988536521413,d9076d47-1bb3-4218-aa92-81955f29002c,Carr Inc,2025-02-04,TN887320
cb9adfd7-6ed1-4e5f-9c8b-9aad804029ff,eb08f3eb-e675-4f0b-b2e2-8b077a42e846,Cook Ltd,2024-09-26,TN782886
13b08084-7ee5-4663-aa78-b84d1faf9912,c51abd52-8cd1-48cf-a0c2-cc8a85bab0b0,Mcpherson and Sons,2024-03-27,TN172741
51b744b0-40a0-4e17-873b-6624c342736f,5269eb4a-9296-4589-9ae9-abcc9ac19784,Kim-Holmes,2025-02-13,TN540083
e0ae012f-4ddc-431e-a606-3d38648f9f4d,936b6e62-6cc3-4938-97f2-9d5bab2e6a80,Bridges Ltd,2025-02-22,TN623804
e8f41a16-c798-44d9-b41d-9beb68d4abdb,a0aa6b86-d246-4073-92d5-7e7ddd8f260d,Thompson Group,2024-10-08,TN398388
fcdbc853-a342-44ef-bb98-7cbc1af53dd6,d003a5de-f6a8-42d8-8aec-c25dff782596,"Mullins, Thompson and Murray",2024-09-08,TN793987
5a810d00-4ed4-4c79-b438-5607bea31a42,a76c9e34-6f5d-436e-a1fa-a8f09d582a91,"Sullivan, Snyder and Richardson",2024-04-23,TN400936
52ddba59-d6ba-4d97-9872-d51dc9a1f923,7198849a-3064-45d7-bedd-356dab128a7b,Miller-Jones,2024-09-05,TN530007
9f1bb176-50c3-4e17-81d2-6619f34af7a7,0a67ead3-9efe-4d7f-866d-cc7501b91b94,"Sutton, Bailey and Rice",2025-02-20,TN227418
08f166e8-8873-469d-868c-c3a99440aaee,ed046a73-8f70-4cad-b827-9edb0c1c2357,Ross Ltd,2024-11-27,TN578281
c9f74dd8-34c8-4aaf-9b88-044548c3e4c7,b9a6fb14-ad35-4c59-b2a9-046e4c257cc9,"Howell, Andrews and Rios",2024-07-13,TN983796
e852bb43-4c30-41c7-864a-8ea11c2b8221,5905fc05-3ab5-48f2-881a-0067b2518b43,Young-Jordan,2024-09-03,TN494549
6cf12b45-8d71-43e2-898d-e6d4c4f45d89,ec2536c1-926f-4290-aceb-aa90707648da,Wilson Ltd,2024-12-30,TN359264
835558bc-8b68-415b-90e3-11ebce0b0f8a,3a5fb6cf-df28-401f-a855-d1373b3bd5e2,Wolf PLC,2024-12-20,TN507176
14a7311f-222a-487d-a1b8-1337fdcd6a98,c4511dc6-e640-4e9a-91eb-1d481a65acd2,Anderson-Decker,2024-07-08,TN190963
e5eee894-c9e1-4e84-8c48-803822c77ff6,ac2671b9-58bf-40ae-971a-ace9ed8ddf06,Moore-Leach,2024-12-14,TN588886
315d99f9-aa8d-441e-af54-fb2dd88d3a50,4cb0d2d4-9045-4079-bf69-1f8484f729be,"Smith, Davis and Wilkerson",2025-01-23,TN866483
19ed8a64-d671-4af4-92bc-a559d4889cd3,6d5cd3aa-ca3d-4855-94d4-3def9637cbd0,"Moses, Robinson and Oliver",2024-07-19,TN593301
69e3ce1b-6fcd-4ba4-97bf-368472c3cb7c,363c93ca-3017-4b96-90fd-5a1cdd4c22cc,"Anderson, Ortiz and Bryant",2024-08-12,TN362324
c1bfc991-abe7-4b1e-b6d2-a291ce812dc9,273cdf8b-fae2-4457-ac8c-6b58bf736507,Harvey Ltd,2024-08-30,TN501498
7c03367f-08e3-432b-9232-15e206d29e55,f4e49637-63b6-49dc-8662-6adee0de35f3,Rocha-Miller,2025-02-15,TN204364
09889792-5bdb-43ed-99cd-314a9d21c9b3,4fae9eb8-9cdb-4407-9cd4-4e3a6f5f8a02,Clay Group,2025-01-30,TN399130
132be11c-e0a0-4496-ae70-da14174ef239,9f3d383c-d435-4c39-96aa-d85cb78c2cf5,Howard Ltd,2025-03-18,TN403695
64208829-9cec-407a-b394-b46537131bde,a6e8fb96-49aa-4cf0-b0af-0868aa73d696,Sullivan-Meyer,2024-06-25,TN406538
9016ff09-f762-45f6-bf32-a0f4f410c2dc,615ea33e-be1a-406b-b72b-4693e50104d0,"Clark, Campbell and Hawkins",2024-10-23,TN752672
2ede15f5-573a-4093-a2c5-6c3152de0f6f,23591f9c-bbae-41b1-b025-9fdb3d0ad871,Cobb-Gonzalez,2024-10-10,TN180420
ff01edb2-ae06-4c53-b443-65cd1dacb953,202057f1-61fe-4d75-9037-570d7eff01c1,Herrera LLC,2024-03-22,TN577336
82098a4f-3916-4eaf-a6cc-123c35f2c094,0a240e52-5cfb-4c4d-935d-85235c8ba4e3,Gray and Sons,2024-10-17,TN421631
6c5b8684-ac50-4ad4-8b8b-5f4e96fd8d4a,e671ef88-962b-46c7-9486-4f452d10a548,Larson-Berger,2024-05-23,TN736603
1cdae654-32c9-4dd5-8afb-de6980fb7a92,28ac334f-4d20-4f44-8d54-c15ea76ef936,Baker and Sons,2024-05-04,TN246638
1d615311-bcdf-4112-a5f2-826a751d103e,bbeba080-ea8f-4175-b1e0-08cdce30607d,Lam and Sons,2024-09-07,TN129690
44d3dff7-b4ef-498e-8999-99b37de7512f,1bcb492b-1988-4921-b1fa-555012ce2551,Stone PLC,2024-12-26,TN488736
3ddaa86d-8ef0-4759-860f-33086ab12086,f267ae22-6c9a-4d12-bed4-667d6165c408,Kennedy Inc,2024-09-23,TN990085
2ddd8831-3b56-498f-a7f6-49b07ebf9f65,365a942c-8fe2-4390-a9dd-af535482e308,Fitzgerald-Rodriguez,2024-08-18,TN607523
96691b60-817b-4272-b824-1443628785f9,f892ee74-407b-4bb2-9f6e-88b241642118,Walker-Pollard,2024-04-26,TN166330
60e1df62-aaff-48cd-8ae2-2a8cb2acbe8f,14a29392-9f93-4fc4-aca4-27bb3177efbc,"Smith, Mitchell and Moore",2024-11-23,TN335773
5ab079bd-9b46-4a67-b778-5ec08ba5d989,6138efbc-69c5-452e-a97f-11847f3a6ab0,Lyons and Sons,2024-05-26,TN647957
d7a91bc9-121e-4ba3-b4e8-49260ec41f92,e2e03876-211c-4960-824b-286c3fbabc7f,"Wagner, Harrington and Hale",2024-12-28,TN784270
4e206d22-c665-4bd0-886d-9541fe8e6831,24578744-7fbd-46df-a598-ade630b628e1,"Perry, Hughes and Hawkins",2024-04-26,TN951708
8174c873-785f-4732-b581-72cd1b7d6a60,edcca134-624c-4aaf-8926-3a0309521814,Nguyen LLC,2024-07-24,TN277758
23d4202a-66ca-49be-a737-0df4b25b71b4,64b83efe-eb53-4679-b19a-000ba1012e0b,Duncan LLC,2025-01-01,TN545532
108553e9-d742-4d20-9320-ef26aeb4af79,4b83aa7d-5af8-468f-a01f-8159555c0b50,Hughes-Velasquez,2024-03-22,TN796640
f16e94ab-8998-4c06-9c07-609563825212,fdedeba0-b7f0-4c36-9556-dccc209c0f1f,Lane Ltd,2024-09-24,TN517911
0e913ae7-c76b-465f-98fa-8d60208ed729,d60a8613-549e-4ea2-bdfb-fffb1df45031,"Smith, Duncan and Bowers",2025-01-03,TN378736
5f3f3d1d-492b-4576-83ed-aaac3178a563,529d794b-c086-4945-a89b-8ea305a89744,Hensley Inc,2024-12-23,TN616916
cc34a7b2-c5fe-418f-8bb2-d3f79d6fff72,d1e79a31-d536-48d9-9e39-907a391a23da,Gregory Group,2024-05-24,TN891666
04207c0f-f987-44a0-9836-c7e70b1af613,a29e83a3-e950-4d40-92f5-6bfb12b75706,Black PLC,2024-04-28,TN422220
5a8ffcb0-88b9-4ea5-bfe2-842791994aaf,c6dccfd3-5ce5-4499-9e04-88a61ceea4a8,Houston LLC,2025-03-08,TN829587
922a653c-5429-406a-a52d-eef4c1f5a1c7,7ce39a83-daaa-441b-a23a-d12961a7c0c2,"Gonzalez, Gibbs and Gallagher",2024-10-04,TN653232
f5bb86e0-eebc-4372-858c-4f81be8c5c38,ba7fe9b9-6ce9-46cb-8b85-c5bda49dfbb2,Tucker Inc,2025-03-03,TN735239
82a46e40-84f8-4826-8a41-12e83f5b7014,b22467d9-eb7c-494d-9037-2682f52be234,"Thompson, Khan and Long",2024-04-03,TN772695
2c12d2ce-ea29-41fa-b6d1-792b581183b2,de29d8e8-4b6a-43cb-94b4-b0e3f6e72b6b,"Baker, Irwin and Pierce",2024-06-05,TN525576
25e3ee44-3d18-4eab-ab51-be85765b0f2c,8cd7a9e5-2791-4920-86a0-de03a1aa1f48,Cox Inc,2024-04-27,TN269960
26828402-4fb3-41be-8047-8adfd23f5e45,a76c9e34-6f5d-436e-a1fa-a8f09d582a91,"Mccormick, Downs and Horton",2024-12-27,TN263629
fa1b5924-b249-424a-b07e-20ad0cbf8d6f,b8829e97-1aa0-413f-91df-cbc4c02ba0b0,"Miller, Clark and Key",2024-12-02,TN918346
112530ca-2e26-4e87-80a7-1553f9a0dbbc,358a6c80-14d8-4040-8b22-4b6f56470a1d,"Orr, Jones and Lee",2024-06-12,TN672898
8b98e062-5c84-4593-97be-0be9642e048c,272971b2-a825-442a-9276-cae8cc42f189,"Donaldson, Charles and Smith",2024-06-09,TN556888
699f9d04-d817-4103-917a-8d1e4e492083,556cbdc2-def7-4e86-8a50-cdaee07814d4,Harper and Sons,2024-08-23,TN913764
3d7d0c15-63ed-4c0d-a802-e396fe507f63,764b9615-c396-4c76-9b21-f1de89253596,Gallagher and Sons,2024-08-14,TN667075
88af7433-82d8-444d-9c8e-88ebbc9a80c1,7cfd9573-f2c3-46f6-9b82-c324605e549c,"Chavez, Gross and Harrison",2024-03-29,TN370182
5ff5525a-910b-4146-be5a-811baa1df35b,4655a741-14e8-4bf2-9e10-7ea208708ccf,Horn-Calhoun,2024-08-15,TN890642
8ad88525-ad04-49c2-96f6-9d084d178b4f,b784576c-2e78-4763-9612-577dab309a43,Campbell Ltd,2024-04-03,TN786361
29c1a2ac-4675-4a26-bd91-87da02532d3a,b386306c-0161-4d79-8f23-cf475645a099,"Schneider, Holmes and Hall",2024-07-29,TN388241
60d30813-9937-4500-aec0-f3f044c54086,60399484-58b0-473d-8738-420fcf205370,Trujillo-Cooper,2024-06-11,TN300278
c0d1359c-59e6-48de-9c43-45c219659611,43efad53-961d-49ba-a558-484d04816187,"Brown, Tran and Berg",2024-06-07,TN774402
2734ed88-6b53-43da-8347-4d7c47a1c9d8,7b66ac86-1b10-4404-a2a3-913a3ce131cd,Pierce LLC,2024-05-04,TN348225
7234ff31-63ea-43da-9698-065eed240af4,0bbaf48d-a699-42d0-9084-7745ff9a7e1d,"Santiago, Hayes and Davis",2025-01-24,TN953745
533110e3-c712-441a-88c8-8b2326c00780,dee0cda0-e8e7-4069-86cd-f9e6afe71a2e,Wiley-Jordan,2024-07-20,TN336507
8845b8d8-4be4-4d76-b68c-144099a8063e,c2bc0c22-05ff-48e1-ac69-6561205a13c3,Stevenson-Cook,2024-04-29,TN280229
f946e3e0-8d98-4a2c-84ea-d4c3259c4dfe,4b83aa7d-5af8-468f-a01f-8159555c0b50,"Hall, Hart and Williams",2024-06-13,TN181614
e4565a29-391b-4f76-8b70-f8725be8dbda,b01a90d5-bf59-4caa-a5db-a5ed6b05b6ac,Wallace Inc,2024-09-02,TN362929
d708f506-7b04-4270-993a-e9562c6f92ad,78995a2f-4576-4489-b541-ecdc2f7aa2b6,Moreno PLC,2024-06-24,TN212153
a42163d9-4f1a-4e4d-abd2-4cfc2a8844d6,fdeff2b2-c963-42c1-b810-46ca2bd16cea,Hall LLC,2024-10-19,TN983243
1fafcc82-6776-491b-a192-1b1f39f34a09,23591f9c-bbae-41b1-b025-9fdb3d0ad871,"Thomas, Anderson and Burns",2025-01-16,TN184612
c831d758-f3b9-434d-96cb-afe07ec0ad79,25c90431-7590-49f4-b969-646721435901,Wilkerson-Hughes,2024-09-15,TN488844
d11fe62c-e4cc-469b-abb3-5776d48c1b54,68930ce7-bfa9-47c3-8682-83d8d2cca6a8,Odom-Garrett,2024-04-24,TN890597
b139effa-89a9-459d-b157-fe6f0d262daf,22cda7ff-5975-4f41-ab11-1b24a934d675,Rowe PLC,2024-04-15,TN643411
479eba8c-763c-4557-a0b4-30d5983957c6,a29ba8b1-b2a5-4136-8eb3-58e0f39d362f,Miller Ltd,2024-07-27,TN486285
3d9b65c3-292f-492d-90dc-3d46b948791f,24a7a545-9480-41c5-b9b6-d88678570e69,"Mendez, Baker and Mooney",2024-12-16,TN454756
623ce500-53fa-46f5-a2af-33941135cbfc,ccb18f8c-6c25-4412-b944-96310b852d77,Abbott PLC,2024-09-12,TN829021
93787514-10fd-4099-8a83-8c74e8afe2d4,882e1ef3-e45b-4a82-82db-5351082eea83,Wilson LLC,2024-03-21,TN669993
04a4231a-f5db-47b8-8d0d-f0ee8540919f,42307274-91fe-4063-9c1c-6970bea8f5c0,Petty-Carlson,2024-05-16,TN281726
86bcf4e5-4125-4f0e-ad24-3261d274ab05,825a034a-cf2d-4ef6-b611-6dda04dd6e3f,Barber Ltd,2024-08-24,TN190990
9afc4edf-becc-4ed6-82b2-ea9cb26d9522,067c1e4f-615e-4fc3-95c3-959337ffb4b8,"Kirk, Hopkins and Turner",2025-02-07,TN679210
437b1f4a-3d81-4119-9763-c7faf705d640,65a522b1-a4ad-4cfc-bd77-3fc3c116ac01,Sherman Group,2024-05-03,TN342235
9c5c284d-d7a3-4d56-83c8-7f53affed252,14a29392-9f93-4fc4-aca4-27bb3177efbc,"Webb, Berger and Perez",2024-06-16,TN406960
a71f82a6-f301-4548-874d-af28bdf00511,62c80221-8ae1-4388-9994-5ebaa7c25e8c,Green and Sons,2024-07-05,TN204881
30fda882-1e17-4d2c-892c-80f1def5329b,efe7f376-2996-406e-a33c-3cf4f6722c48,"Burton, Hall and Lewis",2024-10-09,TN756510
beedd7f0-b04f-49c5-9d49-5795619a1e86,484d3480-0bea-40f1-a9f5-7c8bb9bc9319,Turner and Sons,2024-03-25,TN111889
6b86bd2d-ded8-4da6-a339-0129e6744dd7,978d227a-09fe-4b6a-a7d3-d765d4c9adbb,"Fitzgerald, Zamora and Deleon",2024-06-22,TN917457
177ac9de-4d62-4df9-9474-ea6bcacd96d3,e5043e1f-242e-4aec-8d5f-406c7cbdc1fd,Hartman LLC,2024-03-25,TN806744
2f7e11c4-c163-4389-86d6-c85cf0fb105c,bd52a587-fb93-4491-8b24-4a93fffc6c49,"Santiago, Anderson and Dorsey",2024-08-21,TN769324
0a81af3b-0e3e-4230-8782-4751d5ef948c,00f720b0-3648-423c-9b2e-dc49132c453c,Cruz-Ferguson,2024-06-20,TN634791
7bfc4c00-f37d-4386-96d6-9c4c8e560ddf,ca9b698b-5920-4153-84ec-cfa5a5fdd352,Rowland PLC,2024-11-27,TN963785
53ff8990-d0ec-4778-9af2-da1ddab0f647,0c18caf8-f889-41b7-8ca2-4d3556f0b0a9,"Smith, Hall and Khan",2024-05-11,TN302660
5224eb53-fa7d-4e95-a01b-8a67c11247b5,7bc4f1e7-6cdf-4fe1-8644-20dfacc10bf2,Bell and Sons,2024-05-10,TN843638
2cfd4bd7-00ef-425f-8788-b514642b9e3d,c4821f1b-7946-4f30-b95b-acaed9a93af8,"Day, Lewis and Johnston",2024-10-25,TN127500
7931c8ff-1237-4073-b925-7bdd5e956f3c,7fef530b-caf3-4c12-9b8d-d5dac20a44d3,Roberts-Flowers,2024-11-27,TN991037
31441a33-b717-4b66-beff-228e96872f6c,d93edace-8f7e-442e-a677-66148941ebea,Gibson and Sons,2024-07-25,TN561419
b6ac69e9-f16f-4c4a-bbcc-67553f16ced6,8e47b1fa-bb1a-40aa-b488-8eb4d3c014b4,"Mcdonald, Torres and Kim",2025-01-24,TN283946
b20537f8-c354-431b-91de-4efd6766811c,89a3ae5f-3f45-4718-9ff1-ba2dfbc6f4da,Rodriguez PLC,2024-12-23,TN772636
6fabedb3-630a-42fd-9229-e06a6a80fbac,843e015a-682a-4ce4-8526-009dcca756de,Williams-Oconnor,2024-12-05,TN415406
a2128391-99ea-4b0a-b49c-dbfa61e6dbb4,0777fe8d-f056-4a92-b3d3-ac4d96b847b9,Wilson-Sims,2024-03-24,TN624698
65855bf2-cc7a-4bd6-a567-bb5c61cef310,78761f31-e4eb-485a-b94d-7b2d465d719e,"Martinez, Schmidt and Mejia",2024-08-04,TN284123
aaa4dbc4-fa6b-441b-a0f0-061f67018e04,cd7e0cd7-296d-4031-885b-27ab41f3c8a2,Hines LLC,2024-06-06,TN147483
7556f22e-20d8-4dcf-8a14-87ecfd68a5d9,595e5490-9faf-4f60-98fe-70cf1436f775,Walsh-Oneal,2024-10-14,TN493636
d897054e-3387-4719-931c-a897f20fdc13,5905fc05-3ab5-48f2-881a-0067b2518b43,"Ortiz, Cook and Hodge",2024-09-28,TN651493
a44440e9-a22b-479d-baa6-9359bd348740,78761f31-e4eb-485a-b94d-7b2d465d719e,Contreras Ltd,2025-01-13,TN314716
ec62d328-a106-416d-b2fe-9c6bccf0e280,c4511dc6-e640-4e9a-91eb-1d481a65acd2,Mitchell-Thomas,2024-07-03,TN559381
944832c1-e881-4e32-bdb6-130ecf113085,6e60fc62-c0a0-43df-88de-65a2a915dcd3,Gomez-Harvey,2025-02-16,TN628725
91c59f34-82fc-4f6e-ab6e-8039c3bf0681,87ec1832-3622-4bd1-8227-4abf1431aca3,Ortiz-Garcia,2024-10-21,TN299912
8447821d-f16f-4643-9823-12842ce64737,a215cbe0-ef14-4b2b-b99c-6f4ad1dacdff,Morrison PLC,2025-02-19,TN135863
49e4a044-5da7-4eb7-9e29-7da014b3a924,79ff5d81-acfc-4e42-96e8-fb683ecfc668,Parker PLC,2024-11-02,TN663307
e70b6ba4-3d4b-431e-8b6c-1406484a4a05,0e901da0-97cb-4e90-96d7-ecf48b22dffc,Kelly LLC,2024-06-08,TN314488
03e917d9-90c2-4daa-a8f5-8082f0904cc7,310dda69-1225-420a-9e28-cb15e5f18d9c,Hoffman LLC,2025-02-22,TN800164
ae31994a-42e4-4ba6-bdb7-3c9b59847d9d,e5fc2ae1-5922-41ab-8e6a-ecca86fa897e,"Ramsey, Smith and Hubbard",2024-05-29,TN134882
7544475d-b9d2-4676-a9d1-fa87a6c3d864,b8829e97-1aa0-413f-91df-cbc4c02ba0b0,"Long, Murphy and Frank",2024-04-19,TN591880
ee7e1bca-d757-4493-a0dd-53b638595272,21d62ae7-5d73-4350-918c-2ef738077e56,Ross-Krueger,2024-06-06,TN787391
b5aac0ed-c2b7-49da-899d-0c228e599516,4be16379-07dc-4b7c-8fdf-94a6d0e0f64b,Rodriguez Ltd,2025-01-12,TN714685
c108b297-60af-4674-9f94-0c802ce91b9a,21d62ae7-5d73-4350-918c-2ef738077e56,Hutchinson-Gordon,2025-02-05,TN601453
b182934c-654a-4d3c-b6a0-f51a8f0c7a2e,91f71c03-e911-40e1-81c6-bc31fe647391,Baker-Cannon,2024-10-01,TN858037
a482eb64-adbe-4b0f-b24e-02f3fc8d9eb5,48092001-ff49-48ad-a2ea-b3389f7ad850,Day Ltd,2024-06-24,TN976961
85a66284-466f-4ae3-8911-79ce788520ae,5b81d18f-9db4-4ad2-9dbb-10e33c3b61f9,Wilkins-Robinson,2024-12-25,TN174210
f1ca1455-e6bb-4fc9-b206-9a585fded49b,8e47b1fa-bb1a-40aa-b488-8eb4d3c014b4,Vargas Inc,2025-01-26,TN530754
2f16d834-bb39-4268-94fd-b1c2508613fa,de29d8e8-4b6a-43cb-94b4-b0e3f6e72b6b,Arias-Mendoza,2024-08-31,TN773704
5245fdce-ed9b-4dc3-80ed-65c1e909e9c4,edcca134-624c-4aaf-8926-3a0309521814,Smith PLC,2024-07-15,TN272706
7b9220ca-e631-41b5-b567-d30969664184,1cab703e-5a15-4a7c-9bc1-966778d29f6a,"Hall, Yang and Johnson",2025-01-10,TN740373
7635bb40-db24-44ed-baa4-47079d16c045,2439c78f-09f7-49d1-b37a-201826a13a51,Smith-Lawson,2024-09-13,TN424427
e9a1cee4-4bd7-4785-8f38-1cb955af11e3,79a8b0b1-d336-4f65-a80a-8bea8b938c3f,Dickerson-Wood,2024-12-21,TN531401
825ac568-152a-4c13-b47e-2c56a0ac21b5,f993cafe-a53b-40cd-8ad6-3bf33e6b3c31,Salazar Group,2025-02-04,TN722000
eb9d73ec-b11e-42c1-9af7-8620ef60ecdd,e671ef88-962b-46c7-9486-4f452d10a548,"Mcfarland, Winters and Gordon",2025-01-21,TN992240
472970be-764f-47e0-b1b9-eee88cea85ea,89f207ae-f449-449c-a33b-ae64f35b8308,Martin Group,2024-06-01,TN108044
7f8e4b1e-0a47-4ea2-9d4f-ea786024d5c5,912510cb-2f71-4329-ad94-f5689f03b9d1,Reilly-Mejia,2024-08-28,TN332234
acd16481-4c7d-490e-bd8c-92674843aa18,52e9fec7-d336-4262-afa2-83fd5ad1be3c,Howell-Graham,2024-07-14,TN559151
