TransactionID,AccountID,TransactionDate,TransactionType,Amount,GST_Compliance
6c9be132-6468-4245-b755-c97fb8dbc5c5,45d6f1cb-f9e7-41ad-b200-d4e252c894da,2024-06-02,Debit,70388.99,False
5c76db1d-422c-4d16-a5c3-63a4387e6b20,189ec596-4219-4080-be06-2c5b6500217a,2024-09-29,Debit,63972.29,False
0f8f263d-1768-402b-be2f-85dfb0866826,7b3ef9cd-b48b-49b2-9722-11582463e4b9,2024-07-08,Debit,20186.75,True
f91aa09c-f0c3-4b48-a661-b8d16b5d5c43,e23b32a1-3a0c-49dc-b940-beb78c5d9f83,2024-06-11,Credit,51241.44,True
838515ef-a09c-4ff7-9051-fd8c40ce19e5,d895b7fc-eaee-4867-9433-a3c4bf24504d,2024-08-13,Credit,4265.19,False
dbfd6c9c-8408-4e3b-92d5-62b5cefc929b,44011394-c670-4025-b74c-e392b4003b2e,2025-03-19,Credit,14276.42,True
faccbe19-76e5-4a03-ac17-178eb3d40b3d,1d972144-804e-4b09-bba0-4774b3622155,2024-06-22,Debit,75753.42,True
a1fb8b4f-426c-4747-951a-b4995d797dee,9b7c2388-d86a-400b-b9d9-5dda74e42b5a,2025-03-01,Credit,26094.42,False
ea30165a-2b1b-4609-9098-f1171bc484ff,7437e9d9-f225-427d-b6af-3da94506af74,2025-02-22,Debit,98025.95,False
6162a227-37a9-4ff8-b02e-0e6d8f360740,20a8eca5-7827-4a5e-85f1-bb395698c0e0,2024-05-04,Debit,14425.86,True
8afd2928-2d39-4a2b-ae0a-61865743426c,a3be0ea5-edcc-4dcc-938f-db8cb3027c44,2025-01-21,Debit,91545.5,True
52ae3085-765d-417a-9d7d-f582bdbe3529,57228ac5-a1af-4480-bc7c-10fa1e7dc246,2024-07-17,Credit,2338.27,True
0c215241-0f0a-466a-aa77-59197ced58cc,fe8f673c-cd3f-49e6-96b1-ce3f90da76af,2024-12-13,Debit,6272.74,False
a8a7bde6-0ecd-480d-8527-9c57c040fa94,90f96ec1-caea-4271-8506-7a4aa7bfce29,2024-08-28,Debit,8971.35,True
156a69d1-2fdf-437b-86d3-43cdfcaeaf4c,3e68d2c4-67af-4b63-a2b8-dae8a45f9197,2025-03-21,Credit,82625.93,False
39f6ed57-2c88-4026-b322-e872983e39af,7d9a19da-c893-4289-a7be-e7c105ed90f1,2024-11-22,Debit,6127.51,True
0a833c99-5487-4c38-a43c-982c7300f008,22c14b43-3cf5-4db0-9929-5817a73d22d9,2024-08-16,Debit,1313.42,False
c299d119-d3b9-480b-a210-11cf895937ba,642459bc-50ee-491b-be37-8229015d1e83,2024-04-02,Credit,90892.42,True
4cdfafc9-a664-4cbb-b99a-ebefef0854fd,3d9f553c-b059-487e-b4ac-9408a0492faf,2025-02-19,Debit,55668.53,True
0d069352-52bb-421b-98e7-1519bac075c9,d4a01543-2eb8-405b-b928-042eb1c47509,2024-08-08,Debit,91618.69,True
d5a6fe53-d9e3-427f-8f69-ea1abb12b304,8514ce48-d4c3-454f-9b91-0e3477051cad,2024-04-17,Credit,35227.18,False
4086315a-25ad-4c8d-8361-6a93dfa1d8f2,6c9c1a2b-e2a5-4aaa-83d5-69b3eee3a53c,2024-06-06,Debit,58738.79,False
8844f57f-2348-42e3-a869-5a6a4bdc2660,d04da3cc-61c3-4e65-b45c-8e2eadad3558,2025-01-30,Credit,27374.59,False
c9c8aad3-1610-4b3b-a3dd-10e3ce94ddf7,23f85620-0b16-4d5e-bbc0-2daddbaeccec,2024-07-07,Credit,97052.77,True
04a7c642-bd2b-4d10-b508-2ab5daed1097,453a8ca1-d96d-4eb4-80fd-187e7723850f,2024-06-05,Debit,43268.03,False
84bc8749-4b52-4e99-8e81-9008612349c8,d58196ae-cc05-4a4b-876c-7a9c9e994af4,2025-03-09,Credit,77789.93,True
3be851b6-1f30-4ae6-9eda-b62f54646830,65e6aecb-792f-4190-a035-d92080d6ba33,2024-09-20,Credit,30258.51,False
38b2cbcb-a429-4e7d-82c8-2dd8ced36e2c,a97a9be7-2c59-4fae-9eb7-5cf0b539e599,2024-10-14,Debit,82799.62,True
cd4f7c09-971f-4842-8a90-ca952476124e,546c54fd-e16d-494e-a062-840cdefb09ea,2024-11-28,Credit,12667.12,True
c2e5063d-3985-4125-a848-77892a709472,6f1e14d7-5ed3-42f7-914b-deae77adc5cc,2024-05-08,Credit,79023.38,True
12105a50-d0c3-4acc-8bd5-5ccba52afb0f,c1dd521e-d18e-4e33-b675-1a6f4c2e5cf2,2024-06-08,Debit,1456.15,False
150ed09c-0d82-4789-8e35-5289635276df,75e3469a-2252-4a4a-8261-f046a7f56a3d,2024-04-13,Debit,84144.37,True
0b4f1143-3efa-4e54-8b49-ddf7546e5825,30e3e495-ab3c-4151-b917-bdea5eb68bf6,2024-10-03,Credit,39119.4,False
055d8d65-5692-4930-9aa2-716468fbd200,d2c2650a-595c-4a8b-bd0a-74574d5788db,2024-09-08,Debit,43334.1,False
86a1eebb-503e-455e-b81c-a509c23bd214,f842a4c4-c84b-44d7-a03c-fb26208a1ca6,2025-02-09,Debit,2411.47,True
b11f686b-0bd6-46e6-9942-4220a1350e7d,cb59fec8-a9f5-4d0e-999c-b963580dc29a,2024-12-27,Debit,12942.39,True
27fa8ca2-d457-4010-a060-6efcdf2b93b1,00c7638c-d3a9-4153-b480-3a328c0e0f60,2024-12-20,Credit,38099.64,True
6cf06ada-f795-431d-8040-6db8c18a5c04,65a11cc7-3d1b-433b-9388-580e64dad498,2024-07-15,Debit,94819.34,False
ffdb9c89-5e4a-4514-b31e-f67d5f50aa5d,9bcdf6c1-085c-4d77-9a14-51b3788f2805,2024-07-25,Credit,28389.16,True
c82c2a68-e4b7-4141-89ef-3669b424649e,7f32eb0d-b44e-4c9c-b920-518edbae69a5,2024-10-03,Debit,7524.51,True
79011a91-edea-499c-8720-1b288ce9dcf4,17d975af-caf0-4b34-949c-b1b69af8c8a0,2024-09-21,Debit,84123.28,True
574758d6-2c3f-428d-bd48-9d2e2266cb3b,4b0d7cd9-7b28-4dfd-afc5-65ea1ff5fb74,2024-07-02,Debit,22334.03,False
7bff16ce-4833-4ae4-aa21-1aa4781f5460,f3ae7cfb-adc2-4ff2-a534-1deecf39d4f9,2025-02-17,Debit,94885.86,False
75a2e497-6ed1-4155-aff0-f1430362d717,4d023c6f-d2c8-4a0a-a4c9-cf6b2d444fa9,2024-11-26,Credit,45521.94,False
905e3b02-f39b-4f1f-89d7-37b501630ac1,d6f40ce4-fbfc-4fd4-abbe-9c6255b94bbf,2024-10-02,Credit,80512.07,True
ceef7b80-1551-4836-b45f-46a39f5182d6,a7c4e5a3-65e1-4e2a-809c-9bb1e796aff9,2024-05-06,Debit,12823.82,False
8ac819e3-61e6-47a1-a7dc-6ae90717a34e,dfd26dec-dfac-42b8-be31-1d200bfabbfb,2024-07-18,Debit,74710.93,False
65f57ee1-829d-4542-9135-5e155097c9fd,ccf92414-b2f6-45a3-a065-8022487ee92f,2025-03-03,Credit,48386.53,False
4e87b3d2-8cac-4ba1-bf82-8b4b9601afc2,96b96759-2350-456e-92ce-74ded71c365b,2024-04-19,Credit,22792.12,False
3c576971-ecb1-4325-9aea-36011199ff74,8e866f19-cb01-471a-8c70-98953867f9ca,2025-03-01,Debit,83626.71,True
19e41a1d-5096-4a3a-a3bb-93231a85151a,7b9fa8d7-0323-4dca-8e0e-661521a9beaa,2024-07-16,Credit,30594.95,True
0c3be1a0-d311-4d86-a734-495255e54b29,4a93db61-ddd2-4675-9964-ab7b92994f4b,2024-11-12,Debit,52602.19,False
e5d937c9-4df8-4f92-9896-b5d7f22c77a4,6222bbce-68d2-4c73-ba3c-ae2b8a342eb2,2024-07-26,Debit,58116.63,False
cd76cf84-2f1e-4c14-9051-3ffbf7a74d89,ebc1389c-6b6d-4fd0-ae63-9ef4cf5a8f13,2024-09-06,Debit,96200.58,True
b13cd3d1-01f9-49d6-be0d-0443a2e610ff,41362aa9-0dcc-4697-b61a-4977033e49c2,2024-08-03,Credit,78575.22,True
35f5b185-fce9-4730-ba71-13fe3c2a9e0f,b0155566-85a1-4026-81ed-59f76543e647,2024-07-09,Debit,45047.22,True
709da7ec-c2aa-4ece-8860-fa8fbfe62e53,f887b1d4-d213-49b8-a71f-89cb0ccdfdf3,2024-07-15,Credit,92859.12,False
81bc2f43-7398-44a7-b15b-7810d77c4bc1,eaeb57c3-ae23-4593-a918-15e49662e8a0,2024-07-13,Debit,78912.17,True
d0ce0a5d-7e1a-4d44-9a09-583ec0451223,260cfa1f-c2b0-4e78-b489-75b3e7f68196,2024-10-15,Debit,68625.49,True
5bfcbbb2-f0b1-4a2b-9c88-8a53ee53a8cc,8a9f9d9c-1183-4bf1-885f-82b8f396d597,2024-04-15,Credit,61206.38,False
2d2a979f-6f39-48b7-a47e-608fdb5c3ce4,d829c979-1f71-4fca-9b1a-bfeff02bf9db,2024-12-27,Credit,18344.14,True
b9c7f0a5-21f7-4e9b-8506-fc743810b94a,7b9481ba-d7ab-4d4e-8014-bf83b2f36656,2024-04-19,Credit,48080.67,False
8fec4932-ade7-4c16-a7c6-5d8a6482eb0b,86eb9c31-7726-421d-b24c-fb3aeeef5fcd,2024-10-06,Credit,98890.1,False
9d276372-606b-481c-8ca5-98f4c124c1be,54841772-8803-44dd-9187-4bba47605faf,2024-09-22,Credit,48943.81,False
cffeabe5-0c33-49a4-99bd-56e739b12d25,8c8454ff-8499-4e5b-adce-1b1495c173a2,2025-01-22,Credit,69681.66,False
d80e1dea-1bd8-45b0-aeb7-ab8ae468c54b,7de04e3f-7efe-4191-8170-1fb44e08eaca,2024-11-09,Debit,74210.93,True
9d322406-9e5d-46b8-88a9-67f02854dbfa,3e57c8df-9e0a-4523-838b-82a4642ee1f4,2024-12-26,Credit,28856.97,False
dd36d49f-e15e-4b44-a1ab-49b26e5d4676,f69c1b8b-d6ca-4256-a406-b47ee0029257,2024-12-11,Debit,32033.78,True
229071e6-019d-496b-866a-26e18bc78a5c,3295d8fa-136d-4a7b-b742-78b890683c9a,2024-07-21,Credit,86405.53,False
afe3437b-f45c-497d-8b61-8247e4e132c5,bb8b0cd9-e288-4b1a-8659-b02a075c704c,2025-02-27,Debit,87071.53,False
4ce60d75-428f-46f1-9d26-533f113b50d9,d0d1fb3f-0090-4c9f-acb7-5536b0805b5f,2024-05-12,Credit,65685.74,True
0594da71-5216-4daf-a978-d0b6f1fb3fba,4942f8e5-eefb-47f4-ab03-fc71cc5cbfb3,2024-12-04,Credit,76038.46,False
9b24af3e-603d-4e2f-ba55-0360f6622f34,fd776e8d-9582-4b77-80cd-a078bd214fee,2025-01-13,Debit,39539.03,False
8fadfe9c-2104-48bd-b682-ca7cb563a067,9f3d2e5e-31ea-4335-b2af-8e16eb49ab4f,2024-11-19,Credit,82597.36,False
359675f4-2951-4be6-bd4d-8912915f3e26,af4e954d-f9e0-462b-a8a2-99449ff3d2b5,2024-09-24,Debit,84041.06,True
47ee0703-0787-41b1-8310-25caf6e6f110,afc0059a-d403-40c8-8af5-079d8a2eeeb8,2024-05-17,Debit,62016.85,False
f1603fd3-5ff1-4039-ac79-290a6a6b1ec4,18333a26-8355-4f4a-b5eb-fc5b1484ce83,2024-05-23,Debit,31421.35,False
bad2eb61-9d76-4ded-9ff7-4060badd5099,14f1d8ec-6d60-457c-af15-2e76cdbbb23b,2025-02-13,Debit,68380.23,True
f4f4a9db-bb57-41b0-b7c1-26bb8f05fde8,b0b2784d-6914-4fbe-af80-aba613956f31,2024-12-29,Debit,64971.99,False
4d2b0255-29a4-4a32-92f6-0c7d2b40266b,3e9530f1-60ba-41e2-b6a3-6160cd5c1068,2024-12-02,Credit,2434.79,True
b25895c6-011a-45f5-bc7f-5fe20591d7bc,c7f661a6-d636-4fed-8d7a-226cef9eb786,2024-09-30,Credit,74713.55,False
4699bedc-9a31-4cbd-b32d-0614a3e22074,7c61c41b-4fab-45aa-bfeb-bd0aab347eea,2025-01-10,Debit,18274.17,False
0cfa3f83-9180-4106-8421-2709504e0b2a,b3e627b5-6f19-4301-8e2b-25f3615d4452,2024-07-07,Debit,52071.14,False
b7761ecf-dcbe-4f7f-b7e5-4449f74ef67f,b8f7056e-acd2-40c0-956a-e5b2e00021c6,2024-09-20,Debit,29483.12,True
b72f07f7-80ff-40fb-b913-cbc6fdf14fc9,5c43236d-66ea-46da-9998-d09e4c1117b8,2024-12-13,Debit,69376.61,False
652e1e5a-8af6-4819-b613-2dc4d93859fc,82fae6b9-098a-4080-a284-9d85f88f8278,2024-08-08,Credit,20254.5,True
c05a59f8-6c9e-4056-a4a4-e5880d5c4a64,2b4e319a-1388-4db1-a6ba-fecaa5b74428,2024-12-19,Debit,18118.76,True
7a079bee-fb04-484b-a888-dc2f52fb752c,fff18e52-c1ef-432c-b013-c739ac9c8d87,2025-01-26,Debit,53242.14,False
007b1ecb-1d6b-43a7-90b5-b1d53a5eef6c,189ed050-7102-44e8-8774-4fb6fd7a076e,2024-11-18,Credit,28306.86,True
97e7d324-c8e1-4de7-9fb9-44a2355e35c7,c133d324-5a34-4081-8fe4-2252edf8f01b,2025-01-03,Credit,8387.53,True
8ae3ff99-2a02-4153-b978-7681d3d46c1a,df7aa6e5-b8be-4196-9221-d460eae38ab6,2024-10-06,Credit,52308.78,True
f5d14dc1-318d-488a-9430-e73b4b15e627,bcbf9407-77b5-43c7-8f69-1f8494b6a981,2025-03-14,Debit,18840.29,False
a7417c87-1dd0-4f59-89d3-6f20ea44d350,4a2ccb1e-bd31-445c-aeb2-39ae093b8208,2024-12-19,Credit,44082.37,False
89bf4d74-d5f0-4a75-877e-7f7209ab6ccd,c9be9972-6204-4283-98c3-c3afd24af83c,2024-11-19,Credit,82007.83,False
9c25c92c-8e28-442e-9af4-e220dff534dc,047c7907-9fa0-4a14-8f4b-8bcc932d6652,2024-03-21,Credit,53286.26,False
7d536cfb-90b6-4014-83a0-1a5e2c17bb8a,e9326cc8-bcec-4f4b-8872-b8b9ae1e5781,2024-06-21,Debit,16564.81,True
3746eacb-c8d4-48ef-a3d5-91deb637c79b,1e1f2f45-6feb-43fd-b1d6-e6edff364824,2024-11-18,Debit,80994.99,False
0c7472b4-2b93-4cbc-a24b-42c1ceb711de,67f70770-36da-489c-a108-7d97db34c02a,2024-11-22,Credit,38780.63,False
1f92b370-ae2f-4632-b709-f31a977a7827,4810f895-828f-4212-85a2-c7580ae00bae,2025-01-22,Debit,53700.1,False
30f3731e-939e-44ad-b830-e0961e3addff,03cc8451-8008-439e-8234-70fe9c06e3c9,2024-10-07,Credit,40115.14,False
e637c690-580f-4f0b-9f57-8c4ca22f0b0f,ae57d339-46e6-4e36-9b60-94373837ee76,2024-07-09,Credit,68524.14,False
facb3159-77eb-4962-9a00-cdb41d889402,55daffbb-4c6c-4e08-838d-d60025d07520,2024-05-26,Credit,70720.31,True
4446858a-d9d2-44c7-8285-ea9d6641056c,a93d6f30-2a4c-41d4-862d-9f44cefd3bbc,2024-12-30,Debit,90089.29,True
729da47c-7c7e-4ffc-b7aa-7f1a0499d24d,bec0613c-f060-420d-a217-0c6788404df0,2024-04-26,Credit,57638.42,True
8c891037-e9b6-498d-9113-aed06f804bb4,24d3b47b-6371-45ea-b267-b3243ebdc76c,2025-03-01,Credit,5036.91,True
da504de0-59d0-40e1-8565-3e5275f58ab1,b4056971-34f3-43c6-adcf-1ae257c082f5,2024-10-03,Debit,19812.39,False
fc18f0b6-58f2-44f0-ba16-183ab05a1681,d988dbc9-6df9-4027-8378-b2af54335fc2,2024-04-24,Credit,53822.53,True
5a86346d-9e5d-4b59-ad58-5aa54d6be15b,be20226c-4df2-442c-81cf-84e894aa5b4d,2024-05-21,Debit,58147.23,False
0c8bffab-e416-4f15-8a5a-d8ec77e968cd,042ee297-2534-4970-810c-d312ec9d5d5a,2024-12-01,Debit,77189.59,False
3e469cf2-7071-486a-bd25-461350052415,d11a6b3c-5913-43d0-bf33-6b236f80078d,2024-09-09,Debit,38119.2,True
1c492093-9254-45b4-89db-b524ba438205,ccfd5ca5-43fa-4913-a489-6c811a882844,2024-03-30,Credit,94368.93,True
8bde8b08-8ce7-4425-9c48-de2ae4780e25,57244f90-f4cd-4c52-9e88-d5539a1a365c,2024-05-26,Debit,84020.63,True
4152607c-47f0-432e-b0ce-3e5768796663,fc5f5d1d-b06a-43a8-89a8-a443ea6a51fe,2024-10-18,Credit,76878.08,False
f9184dbb-b840-461b-8a19-ad10551d1abb,ee5c76a9-77aa-469f-bd11-780cba56dbb9,2024-06-22,Debit,88241.29,False
7e868a27-f375-4a2b-bce4-aee6f7196490,7f23f2f4-7751-44de-84b6-1c5ad92948a2,2024-10-09,Credit,48445.82,True
2dce6733-49ba-438f-b14f-10f49779969a,e1b74952-54dd-456b-ae71-60053dba1d2c,2025-01-10,Debit,56644.61,True
9d985419-5bd0-4313-80dd-fe71062bfd9b,226eb67e-8407-420d-a090-6d8ff3a8d479,2024-11-29,Credit,98480.1,False
fd0e388b-8e07-4c2c-a85d-3e0c7a6cfe7d,778620d1-951b-4a0b-9515-1717b9294c23,2024-05-24,Credit,99901.14,False
d94511fc-b581-46b7-963b-6167a3ff8086,4a77f267-d67a-4409-a7de-7c0606dfc467,2024-04-26,Debit,24098.62,True
9c8b2ca0-bd80-4431-b802-8110b9186c90,04edcc3f-44d4-453f-8b42-a2b1b74107cb,2024-11-08,Credit,12997.04,True
92942023-a55c-4b4e-91c6-5701742fe2b4,16622cdc-2d24-4ff3-a04f-b09f3dc75f04,2024-05-28,Credit,49057.46,False
cf5068e2-40c0-4a85-85d1-1d5ab19e5eec,cc865e55-5853-4146-bd39-0d40bd342fe6,2024-09-03,Debit,27245.67,True
cfe0314e-d79e-4789-a2a4-393d4e2554b5,825aca1c-0504-4545-8acf-67ddea47969a,2025-01-08,Credit,78634.67,False
bf5e0d3c-b999-4b77-844c-bb609e387319,267d73d9-01f9-4cf0-9750-8304414cbead,2025-02-11,Credit,14930.65,False
ffbab69c-17eb-4050-9731-217c3883a2c8,e1be44de-29ae-45d0-a585-055dddbae176,2024-08-24,Credit,84351.09,True
b3afa319-b850-4f2f-9d4c-e630e2381a02,a8669a09-b3b6-49bb-87a8-42e456bf4005,2024-05-23,Debit,95496.61,True
cf549cac-662c-4bc0-bb40-3e18bb27c2e2,a2aa1104-1238-48eb-a145-50519e289f15,2024-06-17,Credit,74628.29,False
61ccf980-b174-446d-b351-7c4f32184ced,cd7ca8d4-a036-4fb5-9524-0ad42cc02c5b,2024-09-05,Credit,37966.22,False
56acb021-4f77-4324-a61c-8938095e2743,418cce16-b322-4f41-bda0-4e97523f6c2d,2025-01-29,Credit,8376.16,False
d0d50dd5-cd0e-4041-8ed3-5ca7aa760348,0f33c980-a54d-40c6-87ac-755048f6242a,2024-05-24,Credit,23574.02,False
d65f851a-2c86-4171-b9e7-0be8f1e803e8,267538cc-50f6-454c-b781-a40e7b6f2f7a,2024-10-12,Credit,17825.75,True
43d17b9f-942a-4bb8-b23b-8a16dc2329fb,4a7eab73-6290-4034-9dbd-2a65a266ddde,2024-10-13,Debit,19634.35,False
60201ac8-2b8c-400c-a90c-3a82cd8b3a3f,675265ae-8feb-4930-9e6e-ded98acebb8a,2025-03-13,Credit,40244.48,False
4a4c211c-1552-4d93-bb65-c5a2fed174d1,4bc76f01-4c00-4a6f-a41e-390ac6347207,2024-08-21,Credit,30169.08,False
4b36c7c8-0d27-4d38-8b76-f838907ed0ef,351f3f51-4f9b-4e50-842b-88fa9b00d7ab,2024-11-10,Credit,50065.76,False
b26bf169-a3d2-48e2-a2cd-f68535eb0fe0,ea7c7787-93d6-4b72-b8d0-333460b8eaff,2024-12-20,Credit,95853.82,False
1710b9ef-ecd1-4b04-942f-2eeac9e71034,9b62d2b9-40d1-4d47-89b0-539041517a7f,2025-02-21,Debit,60814.13,True
b9a4c74d-8cfb-4582-bdd5-f4ce5691aa92,3473f9b2-6ef3-4c91-85ad-f971e2240018,2024-09-07,Credit,77768.82,False
49fa336a-864b-4172-9df7-c7131721bdbb,832ae4ae-b24e-4260-9a33-9f5cbf3b37ac,2024-10-04,Debit,29062.19,True
b8ccc7f4-c288-4a90-ae23-a6948530d27a,a9624080-caaa-4094-9bcd-e937b2f40392,2024-08-09,Credit,87462.2,True
c4a1d481-d1b1-4625-b005-3e0267211574,a5364995-2e3d-4621-a5af-4e6bb29c9674,2024-12-27,Debit,76453.7,False
af7c30d3-9159-4208-b6c0-165f087b0b15,61fd1bdb-04e1-4e60-80ac-2cb69631270c,2024-09-11,Credit,77655.94,True
510cfc0d-4317-43b6-922e-9dac634e73a3,434decf0-89e7-4892-9590-88591f986868,2024-04-14,Credit,95222.06,False
4d90c59c-4c18-4cc5-9919-8cbc847a1640,9cce5ee2-bdb2-42f7-b9bc-bf5e480d21e8,2024-08-07,Credit,78474.3,False
2c8a537c-2c80-4828-9bf5-0937773b601b,978fd78f-860b-4c88-8d22-4751dc39de50,2024-05-21,Debit,27685.1,True
fa9b3374-6641-4ead-bc40-fc7226191d32,da9b2040-dacd-48aa-909a-8cd1a5632afc,2025-01-26,Debit,42822.2,False
e03f38f8-6bfa-4bbd-8935-f82ff12810f7,aaf70c31-66d0-4fa5-bd72-df91b0a0851b,2024-06-11,Debit,91849.98,True
876e8a3d-6daa-418c-98cc-879aa1f4346f,9c345510-363f-4147-8780-a548a073c3ab,2024-09-14,Debit,45763.5,True
78ac6f87-11ba-47e5-9ae8-4915801b68e0,8592bbbc-e22f-4639-b9c2-72104bc66ebd,2024-11-09,Debit,23163.21,True
d2b96d06-b054-4a51-973d-5f137e375e62,eb8fe90f-4756-452a-b90a-6e6bc66952d9,2024-08-07,Debit,46266.93,True
d236b532-95b1-455c-962f-76d1b7ded03a,03d4bf08-9190-4c15-8323-05338860779d,2025-01-29,Credit,4393.08,False
2b522ada-5f05-42b5-a1c1-c58ab25e75d6,439fdfcb-f2aa-46ef-83b2-9ffea44baa9d,2024-04-14,Debit,51010.03,True
98724746-0df1-4a53-a003-e49163696cc0,f383052d-c131-4533-b63d-f50881009394,2024-09-20,Credit,78067.45,True
d21b2332-d29d-4fde-b685-c8e905f629f8,97957c81-d406-488f-9dc3-bedfd09e35f8,2024-05-29,Credit,99828.68,False
f4a13a1d-b83a-4759-8cfa-a7e833cbb1b0,cd82ce95-4bee-4621-a96e-eaaafd356b76,2024-07-24,Credit,97127.65,False
b1815f28-1aa8-4eed-975b-34f07dc1f1b2,d6d57c00-74dc-480d-be75-2071675ebf9e,2025-01-10,Debit,21408.61,True
10dd78ec-a396-4a84-bd72-223017da39b9,ba6e0b34-39e2-4705-a4fb-9d0134d1dcbf,2024-04-24,Credit,48556.37,False
2a9d4f4d-88be-4b32-bea1-9067c686f71b,487bd0da-058c-4457-bfb3-f9e08c0001cb,2025-01-14,Credit,38678.88,True
82caba04-376e-4016-acec-5452d92fc01c,3c5b2916-93bd-4d23-ba0a-0890aa3f276d,2024-12-09,Credit,48505.85,False
f29e4bee-621d-47f1-b0b0-9c6aaa856879,79f12f5e-58fb-4f96-b990-7605a45b0323,2024-10-13,Credit,90281.93,True
8b40be5f-9916-4599-b983-f422531303b1,25f4c329-e88e-4003-9fb2-55976d09018d,2024-10-26,Credit,9369.02,True
482fe623-91a2-47c5-8384-d0dde3f6f420,2adada35-6a71-46d0-99fa-6a9d5d741ac9,2024-03-25,Credit,74987.41,False
7f5f6951-676e-4a7a-8af6-9b7536134943,ff1156fb-4fc9-499b-932a-233dd23854d1,2024-09-17,Debit,49858.79,False
ee7f5c50-1651-47fc-9bf9-eadccf561845,7c9e131a-2d63-4198-8d68-df4becbd5988,2024-04-13,Credit,73758.37,True
68db7c07-fce1-4e1f-bdb4-794d23a79a8b,3fa052b6-bf29-480d-acff-16159f501bce,2024-11-27,Credit,94085.76,False
0809f4c8-905a-4d29-bd86-b4f81b84c428,4e3fd3e9-5f23-47d3-a045-4a8eea50f0ee,2024-07-28,Debit,73004.92,True
56c070cf-1f57-44bd-a67b-a953ed2cab5a,973d68cc-420d-4c5c-831f-2e85ef1fe15f,2024-03-28,Credit,12954.76,True
5fe40bb0-39d7-4263-b649-fb85afe795cc,fb5cd648-c5df-402b-b670-c78d5c9c3436,2024-12-12,Debit,73403.04,False
67cdf485-0c51-4746-8e45-8310f2da2d4c,64eb2574-110b-42dd-af7f-2ae32e19b537,2024-06-19,Debit,95662.0,False
da2c9dcd-efc0-41ff-9576-6a994b2576eb,9a7cfaba-2a54-4020-b470-c742d6e9d6d6,2024-09-30,Debit,98692.9,True
c9bc0ce9-e957-4f2d-8c9b-432204f433d7,ff87e94c-5f17-41d4-b84a-a16ad2341366,2024-11-21,Credit,60762.2,True
eef3ce9c-361a-445c-ba85-319cf0262e42,b4fc2a3f-28cc-4c18-80b1-c030b80598a8,2024-10-08,Debit,16341.26,False
29be0588-e219-479a-927f-8db21cbec690,47a69659-b63c-44c0-be39-729df0eaedcd,2024-09-16,Credit,86052.18,False
b7af9752-d781-4b80-9398-737a7b87acc2,74b76493-d549-46ad-98f2-cba0cd10d93d,2024-04-18,Credit,87371.4,True
aa06064d-a029-4974-88f2-d2c99f08015d,312bb926-b28f-487e-aa88-8a9225312f4f,2024-07-18,Debit,35316.96,False
1b0b7af4-a0a5-4604-9e41-b25d55577565,a2c2db1d-9de0-4a3e-8e96-57c16ed6af3f,2024-05-28,Credit,38875.59,True
df16ae3e-b931-499a-89a8-2af81823d0b1,b3ba4790-3f4c-4411-b160-cdadbbb436e4,2024-08-13,Debit,69254.83,True
a5829129-a89c-4795-ae74-7fbe48a309f4,2bbca99d-c22d-4849-b789-6dd00dfe4ed0,2025-03-01,Credit,63104.97,False
c18ec1bf-1d9c-4b2f-a0dd-9e93c96e4704,5b73e614-347a-4b0c-a817-231d152b2a98,2024-04-28,Credit,57598.73,False
91d03fbc-ec06-4da7-be4e-b22b0b45b24f,1b81a0f4-b756-48f9-83fe-babfe8320b8c,2024-12-02,Debit,17681.2,False
5425a468-7d7a-4389-b6d0-bd08acadff63,1937e735-40bc-4817-b23c-15b69ba3d111,2024-09-12,Credit,63734.8,True
df9f96f6-b88d-4de2-8656-be1053fe54d2,003f1926-c0b8-49b1-9051-bac352e7b9af,2024-10-30,Debit,70479.66,True
d27fc731-4648-40c6-bd2d-dd2c8332186a,f77ca1a2-b141-4b19-8258-4ba4dd0410d0,2024-11-04,Credit,33271.83,False
6662f5d3-7ddc-4b3d-bcc2-5649e8666ce4,1032a94d-a50c-4138-9110-be7d1b99a608,2024-04-26,Debit,36992.64,False
2aaa8c00-6ebd-4971-bcc7-3dcacd3f038c,7f8aa293-5e23-4570-a1b5-9a1f30ba78b9,2024-05-29,Credit,67995.14,True
5addb249-bce7-40f1-8329-dbd82646cb23,fbc8a610-2c1a-43b2-aabb-f3461715710d,2024-11-02,Credit,32630.82,True
b214d19b-14f2-46b6-8f77-2fe86666cc15,91b5c42c-6bd5-49cd-a183-2d94b3e29f3a,2024-06-18,Debit,74594.89,False
15cb709e-7205-4323-bfcf-b7976be4eeea,00c38f9a-5bf9-4797-8222-b5162bfc6efe,2024-12-03,Debit,75808.71,True
bb09ce00-61ca-4ed1-a687-8f66c02bcd09,7121fc7f-089c-46dd-8879-62c17dffb262,2024-08-21,Credit,93244.68,False
689751c4-b4e8-4563-955a-d4f31b6381b6,b8579394-79d7-4652-98c5-aadc516c8dd3,2024-11-26,Debit,39908.43,True
09e06990-7a7a-4e58-b87e-2f79fe970590,711a0321-c4ee-41e8-9213-a280deb7db3d,2024-08-29,Credit,30462.17,False
671d20e9-8320-4edb-9d30-a7f4f9d43fe1,6265c4b9-d0c4-45a8-bc0d-05cc925976ad,2024-12-30,Credit,25915.03,False
c666e92e-62ac-47bf-bc60-0ccce8d4ee71,3968be6f-2c3d-4fc0-850e-7058acd4413c,2024-05-24,Debit,62624.81,True
1333a57e-9109-491a-9235-dfc114b2b550,55a2bf6a-dadb-49c0-92cb-dabf4e57651f,2024-06-21,Credit,38786.85,True
51d31845-35bc-4834-af0f-f5bc0794a383,15a8b666-4276-45e3-82c7-482c3ff2b1fd,2024-05-06,Credit,78780.77,True
4990ba7c-67b6-4c08-830c-305c9a53a53a,33ff515f-7a23-40cc-b41f-17ba6dc0dcc3,2024-10-24,Credit,39129.9,True
41d21599-1a60-4977-aabc-a06e9e81a7cc,e67c7d48-258a-4fd6-b77f-066c6c8782ed,2025-03-06,Debit,93624.67,False
68b78fd5-7156-4bf6-a94c-4c5beb1ba1b2,f15775c7-6779-4fc2-8363-9464839c2163,2024-07-13,Debit,36458.66,True
e3b1bcf2-3e8a-49bf-a1da-0a5c44d183cd,d51e44b5-09be-45c3-84e8-24a38b560cd9,2024-09-08,Debit,28064.88,False
0265b6cb-b79d-41df-bd55-0916bd81eed8,53784954-cb17-40b1-9e0a-8b7ca4d86b67,2024-12-03,Credit,83080.15,True
fa640404-4db7-4a16-8651-43ebd4426d0a,af578c85-fc35-4b79-ba3c-834134eaf60d,2024-05-08,Debit,41220.2,False
3952cb65-b6a4-4863-996a-ab638de22121,e3bad3c1-ca13-4241-a238-cfe47733419e,2024-06-25,Debit,5084.69,False
b0e59a68-f67e-4cec-8db3-7af4316c7e7f,382196a3-f5e4-4293-a8d0-9f0dca24d761,2024-09-04,Credit,45819.24,False
99093ab8-ece0-4d01-9795-6f148026be0e,01575a65-c55c-4187-806c-e705cea9def3,2024-08-23,Debit,31820.1,False
093626eb-5f4e-4585-ae96-fd86f6c5fe8d,dcb63101-9d15-49e3-a54e-4a8fe66e9445,2024-08-15,Debit,6649.96,True
8511a5b6-5f89-4935-a7f0-1e33cae6b4c2,fc3a6264-437f-405b-9e7c-1a09d1f8759a,2024-06-10,Debit,35404.43,True
513252a9-8640-4f0a-99c8-aaf944fc120c,1b806a9a-5fe4-430d-8d8a-f4d52d7fc974,2024-06-05,Debit,86804.76,True
ba033b96-237d-44fe-a9ec-63232dc855a7,600eb053-7199-4370-8be1-3a49dbf32516,2024-10-17,Debit,79498.14,True
492ac660-5bd1-4c65-8b7d-dd94e0c935f8,e32ec43d-9267-4b96-9e12-ff22792a0d43,2024-04-05,Debit,78250.05,True
c64e14b5-ef57-40a3-b5a2-db6e66480934,22824cb9-63fd-4c4d-86d7-768fea3284f4,2024-04-27,Credit,5857.21,False
f3f87d37-e1ca-4589-84c4-93d5f9b906c6,dce42c00-a3b5-45fb-bdd1-a108667aa609,2024-08-18,Credit,27239.0,False
40ca96a5-d7d2-45f4-9e24-b25b64887bc5,4fa5af89-a1c2-41f4-b26f-91662a2cf2f5,2025-02-11,Credit,97455.24,False
b73b2b0e-0612-4aa0-88e9-d106e43469a0,df5eccc0-ec8e-4d65-89e5-b194235bc63c,2024-12-25,Credit,15659.16,True
41779e37-8f9f-44e3-8378-1edff59146e2,14969652-930a-4ed8-b41d-37b76505d22f,2024-11-07,Debit,49927.46,True
6935a4ff-9531-4611-9bdc-7b42fb822371,5d95e7f7-cbef-49b8-b1e3-d326fe5ebcda,2025-02-13,Debit,57640.5,False
ebe284b0-e298-40bf-a7c8-1bb5419e55f6,f0d2a0a9-d4ea-4067-966d-8a966a733850,2024-06-01,Credit,95530.2,False
287a174c-c11b-496c-901a-f3c568b60fea,900d7670-e08b-4a79-9c3c-0f2c30af489e,2025-01-12,Debit,23983.86,False
b2c864f3-f5bb-4ec2-9a2c-bfa4afa7da71,974152b6-f149-4c69-9ac8-21c047e365c0,2024-04-26,Debit,34573.25,False
f1dc5d8b-d8eb-4736-bf88-8e38b0a3f2e9,c2589f7b-c56d-4fdd-a755-a773a65bbba8,2024-05-29,Credit,87076.33,True
48090d3f-9f97-4af7-a51d-462c0734d5e2,7a31e3c2-6090-41bb-9c6d-8b5c4a803333,2024-12-30,Credit,70341.05,True
2c2a0649-9a66-49db-98ea-d1062d988a49,b2f1e94b-a02e-4f10-9520-45764056edf7,2024-09-15,Debit,39827.52,False
0d6825ed-4fe1-4d34-abeb-f6b775815fda,230f764f-ef19-4ffb-9fbd-76bf90e2b3af,2024-05-23,Credit,89113.17,False
a0384eaf-eb58-4d39-a505-c1292a29a237,98e99c49-0773-47d6-8486-982aef69a9e6,2024-12-17,Credit,62208.05,True
61877b42-2500-4c1f-8614-67a46d9daa0f,eb0de0db-2472-4e09-81f1-66517ae33385,2024-09-01,Debit,37490.92,False
2c8dc267-4769-44fb-b8bd-52f6a4a8a840,6d540ca0-80ec-4202-bec4-24f49cd662d9,2025-02-23,Debit,99816.5,False
814debfa-6dce-4284-8cb0-5882322fbccc,47736186-cc6d-47c1-b9dc-e07de7469533,2024-06-02,Debit,41278.04,False
12b0c6a4-27dc-4c97-836b-3d7c6e386bf1,4a968f55-a8e9-4413-84e5-045833ed4d68,2024-11-25,Debit,30067.81,True
0aae30b6-c5d6-4230-9509-c96638b2fe15,966bdfa9-82b1-4e1b-a8b0-e2982f5773b5,2024-07-04,Credit,67252.66,False
4c6facb2-25b9-403c-9b3c-b4056988d6e5,58dc9f07-37eb-4612-a9f2-5e9c34a735d0,2025-02-19,Debit,32638.07,False
5521c35a-d20f-481f-8801-652b322c7e01,654979cf-4281-42d1-b49d-ef46fdeb9e77,2024-05-19,Debit,24340.54,True
33e94471-db4d-412b-a155-126cf40ea1ff,f2c85068-9250-42ac-8e58-3dc9e90ac768,2024-04-21,Debit,63341.41,True
8730031a-4545-4ae1-a64e-c4c5e033abfe,02d6b96e-7081-46f9-9389-d7924c6da4f2,2024-05-02,Credit,19436.13,False
8e1e43a9-f844-466b-9dc3-eeb6eee7ef37,0f437b7a-588e-4652-a515-ae0cfacbea06,2024-04-26,Credit,43605.21,True
5e0bcb0a-0275-4b85-81ab-3bad8e7938cb,221385c1-fe53-4b4b-96d7-9065318e0b8f,2024-08-02,Debit,32450.48,True
d4a85ae8-92a9-4f10-a903-fc495d514b5b,8dd870fb-95fa-4135-98d3-18cb2c203a99,2024-09-30,Credit,94622.91,True
3a16b43e-3e51-464e-a795-4c099f83506d,134f4b23-5ea9-4881-a284-7b551dec8007,2024-05-30,Debit,51058.74,True
8770059b-3fda-4c96-8a5f-5a284e53fe5b,a5ef0818-70be-46d6-b640-d8c54d102054,2024-05-09,Debit,89842.97,True
b0d8da8e-ab98-45f3-b17c-e9d088b6d777,d8d5c128-baf2-47cc-a7e1-1ae0cf5df796,2024-12-29,Credit,24148.93,False
f789dcdb-1145-465e-922c-ec7990c9d5be,127f5e6d-e04f-459c-96e8-1ccfe24fcc71,2024-06-18,Credit,58221.21,False
f6340b23-0e9f-4849-8216-14b04666c66f,9633ff75-e74e-418e-b428-77f09d65241f,2024-06-09,Debit,81211.61,False
4ac5792b-4ced-4227-bc3a-7226761433f4,0f039dba-ed86-415e-adf3-b4b7c04f301f,2024-11-11,Debit,57392.06,False
b83971ac-c336-44e6-9de2-e4bd6f4ea908,f14d8f79-381e-41b5-b289-2ae2b7d6a415,2024-10-27,Credit,77908.78,True
73ff1d3a-b484-41e1-ba2e-40bb8bfe6ab4,822b3d51-6162-4817-8a80-127d435fdb8d,2025-03-11,Debit,12005.65,True
fe8032c7-5f71-44fc-9f8f-c2e578859d1b,8cc75728-c314-41d3-b8df-e1648d2dbe61,2025-03-09,Debit,59407.31,False
aead3ba9-de51-4852-8f82-de35511ec796,5cbf7389-6bf6-46e5-b9ea-63471a4541b3,2025-01-13,Credit,74488.05,True
2bf2b825-1ef0-4c19-affd-1f73924a62f3,056b941c-a208-4101-adaf-3d97577ce85c,2024-12-25,Debit,78348.99,False
24ca24bf-72db-44ce-a4b8-15179f91cfee,037f8319-e21e-415b-a8b1-8cde2a4ab342,2024-07-25,Debit,9568.34,False
78e43b0d-13a2-4f53-b6b4-575f509cbcd3,dc25b491-3a70-4126-94f1-a733cfe01e53,2024-04-02,Credit,1123.24,True
db658947-9cf8-417b-b75c-93db7e4e6c81,2fa5fb7e-9ffb-471d-93ed-91a3839c1ba9,2025-02-27,Debit,44637.44,True
88507bb8-fb77-4527-94c1-90a9686c3fd9,c3fde379-7408-4df9-a7e2-adffea2d01d6,2024-11-20,Debit,79785.71,False
4f5e6836-0702-4e20-8e8b-0961ffcd66f8,cab96665-188a-442c-b324-704149893de0,2024-03-26,Credit,69318.98,False
e5209f24-e81c-4368-83ec-9eb579a8c0ce,b2eb88bd-1d07-4b46-b5bb-61618b750e52,2024-09-14,Debit,57025.62,True
4699e97a-0250-4ac8-b61d-9cc61d0b56c1,c444ca6e-6e0a-42c3-a092-c6ea63e59e41,2024-03-23,Credit,32215.71,False
5818ffce-8547-4161-882d-dac82ac0ccd1,f5ab7de5-d624-4f58-ad88-028a89c67668,2024-07-11,Debit,86478.7,False
1262c719-c174-4fa6-b140-8c265ec692d5,374aa4f3-24de-44e4-a38a-abe6fb06fd65,2024-06-16,Debit,13110.83,True
e9b8de5d-d612-468b-bda5-29d1d1847d86,d6b06e49-91a8-4f49-9020-ea234e29efa3,2024-05-08,Debit,87634.64,True
b0ae6581-4cd9-4faa-868f-2c56f7708213,271dd9da-2347-4544-9997-c216e4643019,2024-10-25,Debit,17593.57,False
8e6247f6-6feb-4e52-afce-84c4ccf19c90,7c8832f8-9721-46be-86d2-7ac01ea271d7,2024-04-26,Credit,18194.21,False
f6df0baf-e12a-46bf-ac1e-a61d5d88af0c,87b95ebf-77f6-4ce4-81c9-599dcef2df38,2025-03-14,Credit,1136.05,True
ebfb99d3-e472-42a9-a526-6dc24655803c,a532e5fd-09f5-49d9-b244-fc7836bcef2e,2024-06-15,Debit,14922.78,False
a62e5051-8bc7-4788-852c-3bcba28b8a19,3fbf88f3-5f52-47ca-999b-9daddcd86ab6,2024-10-09,Credit,38134.14,False
9d2cb9bb-4301-44dc-8114-795043e1c4d7,b302f9c3-5fa8-4ffe-b90d-be51c09a523b,2024-11-12,Debit,2091.96,False
aae1f0cb-5813-492e-b461-7ba964160855,b0e1e8e0-c63b-47b8-b52a-c16be9fc5a91,2024-07-02,Credit,22117.13,False
ba71a712-525f-475d-be8a-1b96898f3f98,45275994-ffab-4c62-ab36-c4d8d936da3e,2024-07-06,Credit,49124.37,False
01c690b1-4e43-4dcb-9ef2-9c95a43f01ea,86f105c3-b00b-45d5-8791-0ee5c2d4d0a5,2024-10-07,Credit,48096.86,True
30e6cf95-6bf9-4fa5-8d1b-93253e2ecda4,720d8c08-09e2-48fa-aefc-b6334a72518d,2025-01-18,Credit,44415.08,True
76d95243-98dd-45d8-837d-4b791334b0ab,ca1c64b4-4305-42dc-b69b-74a27ce3b213,2025-01-29,Debit,77266.65,True
ea2c0e5b-15d0-4d82-afa3-25d40cd6b94d,ba82ba6c-6e70-49c9-b8d3-9bd25889f566,2024-07-26,Debit,23486.05,False
b18d8630-136c-4711-a04e-35fa2b555a7c,e8561220-01cd-48df-ac96-8cb1e7142225,2024-10-26,Credit,29229.06,False
4bdd4513-6a82-48de-beff-ed1730b25d5b,8fbb6ff4-4f27-43c1-a8fc-048328756254,2024-03-22,Debit,20702.99,False
7a885ed8-f77a-4dbe-af68-22252bd8cc91,6c4b81fe-a92f-47eb-8af0-c4a37a916f6f,2024-05-07,Debit,66498.98,False
9925b990-7d48-47c0-915c-3fbacd90c942,60669f15-e91c-4ac3-9903-556436ed1b69,2024-10-08,Debit,35408.44,False
44c14d04-aef4-44c3-879e-f7848dd5f791,c3ac2863-a76e-4374-bc40-32cba55dcc4f,2024-10-20,Debit,36463.59,True
1771c971-96d2-4e4b-933c-c63ad2687d94,bd08cd92-fbd7-4b57-8eb5-0f101bfa8374,2024-06-29,Credit,66847.43,False
9ed538d6-4ed4-442b-b49b-93e8b68926b9,9932d0f6-a2be-4334-923e-2cf6420c8400,2025-01-21,Credit,700.85,False
2e6bb8e3-4863-46a5-ab15-d221dcb86835,1be6b210-a21d-40e8-93c8-85b8344ccbc5,2024-03-28,Debit,1884.78,True
bdaf97c1-6aad-431c-8735-01939af5f127,48ace75c-8483-49cc-86f9-5bb53f4e8b9b,2024-04-30,Credit,84600.42,True
a28e8487-2cd5-466d-b929-3112a84942b9,c2ac84b0-9eba-4caa-9e6c-fae0c8fdf286,2025-03-15,Debit,82955.47,False
a740aee6-6ae5-40d5-aaef-c4c09f137b0a,7607300b-c277-4e9d-a492-2e1b0c946c0b,2025-03-02,Credit,22394.36,False
274656cd-01e0-4a25-af1f-a7a905c25da8,038242d1-8b8c-4433-bd43-b3d44132fe2f,2025-02-20,Debit,2075.34,True
301a6863-cf2b-4d99-9d1d-404d2f2726f9,ebf6680d-69fb-4737-adec-923aa0ab0050,2025-02-24,Debit,37704.46,False
b45e4385-8b8c-40de-a61d-d0fb717340f4,0c8a2306-1e5c-4923-a0e2-b52a24495a50,2024-05-14,Debit,42243.41,True
50eba9f9-2d4e-4e4f-a41f-ac5c9a204542,d2d51e53-a8dd-4f3a-9a72-4534056c4b51,2025-01-21,Credit,23065.37,False
3b077c3b-ef95-409d-a368-a5a21f285ba8,0caaef9b-0d6a-43af-bed1-3b08adc7a1d7,2024-05-29,Credit,67494.13,False
da14bba8-a13f-4d5e-8e6e-e1ab5c4286ab,c9013472-ae82-43e9-bc98-f8157515a0ce,2024-04-30,Debit,1768.72,False
5b39ca44-fea8-41ba-a2fe-58ecad04af8b,1163a08c-7d69-4705-9d52-5d368858686b,2025-02-20,Credit,44996.9,False
7b6ec4d7-4810-4859-ae6d-1b666bc1461a,9bd0d0bd-c76f-4dae-9d46-91d8bb0649d7,2024-11-29,Debit,25576.09,True
ee615984-4adc-4200-8286-0c80fd433f6c,822b62f6-8efb-4fdb-b22e-f2fb735329c7,2024-11-16,Credit,57221.02,False
0413dc31-1187-429e-bf57-ad9bafe0ce8e,87266171-f3a9-478c-8111-f2313044e340,2024-09-22,Debit,24370.37,False
93ca79df-39ce-4313-a73e-b416db88b310,33f9de2e-6299-47bd-8ced-8e3dc1147b03,2025-03-12,Debit,52844.12,False
c258c954-b2ae-4ea8-9248-acf2108b7bd7,5e604b21-7759-4c18-a641-b614ab5417fd,2024-04-06,Credit,8998.6,True
afe1fc13-3443-40eb-b72a-56b29e122b16,cd99fc86-d9f0-477d-a8ca-687afbb97e91,2025-02-09,Credit,81171.81,True
34e3a7a5-39ec-4215-bcba-97a581b75578,5abbe8ff-da56-4b15-ad10-eb5f5de6ec3a,2024-07-29,Credit,33102.78,True
005015b7-9b0e-4a5f-be32-d2b2c9ebe3d8,259d8cde-6617-4b31-b45e-4d38d977decc,2024-05-22,Debit,81832.88,False
6824df9e-123f-42f4-b81d-59620fe1ea89,bef17040-81f9-4c51-a91b-e88fd36ebf2b,2024-10-30,Debit,1381.07,True
a5c955da-59b4-4277-9fe8-0125150d8b76,e8f2a59a-6af7-446a-84f7-082d1f9a4d38,2025-02-02,Credit,34687.25,False
7e6c00e6-3b7c-42e5-95e8-6ab9a7d35149,a5f05d79-fc9b-44fa-8723-4ec2156f8c21,2024-09-13,Credit,51000.67,False
7c7fc47c-2870-4d00-bda3-a5920b392bd1,1679da39-dacc-401b-99f0-dfefe81d5b8b,2024-12-24,Credit,53656.45,False
c499e20b-fd53-4018-bdde-436cba0ee815,11310e23-241e-49b5-bd0f-4544187e1b81,2024-09-29,Debit,29441.38,False
de308a55-60ac-4bdb-8345-ee7920fcbff2,a9d1c338-7afa-4bcd-bbe2-d9f363fdc1b3,2024-11-01,Debit,38961.69,False
68b0bbee-488d-43a2-b821-fcac2398c7cc,6e45b461-15b1-4143-8e74-09c79b550a83,2024-10-19,Credit,58891.71,False
0a668aaf-2a16-48ee-9444-5409a14509fc,2252cd4e-9194-4779-a511-535950f7d5f2,2025-02-12,Credit,4049.39,True
1f2de548-4408-4e60-95f5-feb9c18a1416,07ac0020-18a9-412a-8354-1e1e3410bf97,2024-06-27,Credit,93157.77,False
597a2359-7939-4af9-81c5-44fab249fd76,a99828eb-6ff7-413c-ae93-641c28fe0bd0,2024-10-04,Credit,87967.31,False
efa4b1cc-540c-44a8-a4bf-33912db31789,46e8eb95-467a-4b6a-8b89-fe814582855f,2024-05-29,Credit,62095.05,True
42181ae2-5013-4f4e-a56c-7075d1ed0a19,22bb8d38-4e7c-46b7-9c12-8511647f415a,2024-07-19,Debit,19452.76,True
74ffcd9d-558e-41d0-a7bb-960c0b026274,86fa5b72-6110-497c-a7ce-9970bd9f4d5d,2024-06-15,Debit,92729.64,False
b9df9b17-7da9-4045-9795-adbfb2ba5159,8177f571-645a-4602-ba7c-e8f3218cbaab,2024-09-03,Credit,19338.44,False
13534055-f05a-4b1e-b610-5cf52ae483b6,334fdf44-831e-4c2f-a475-372c7a69625f,2025-03-20,Credit,85031.55,True
82cf68f3-a5b6-4222-8e20-c828b76f263e,9b87216c-0902-49c4-adc2-c5764ab04975,2024-06-03,Debit,71120.2,False
4bf38530-bcc2-4d6b-a695-d0fe4a858d89,5e19b746-8a62-44e4-ab37-c6f1363cb516,2024-11-17,Debit,49727.82,True
302dbf42-3db2-4549-8b73-28c43ebb9b82,9986a704-6c1f-4bbc-8453-0f934b1c927c,2024-08-10,Credit,95860.94,False
ee601ec3-36a0-4336-a4ce-be05bb974feb,b7042564-59f9-43c5-9961-c9ccf9a83f9e,2025-01-08,Debit,25726.08,True
8914964b-7717-4b53-ab31-0f9eff0b7159,f347b4df-59a1-4617-90bc-6e20d9ff280a,2024-10-07,Debit,15485.82,True
7871e657-b04f-4def-91ff-be7182250503,3dd78ee2-c2b2-4b3f-b3f4-726d531b583b,2024-10-10,Credit,6237.19,True
bfde9ded-c18f-48d6-98cc-07b45c27cbb0,26cca2dc-399e-446e-9d9e-afe36a0b4f1d,2024-04-20,Credit,96247.42,False
ccefe2ae-2c18-47ac-b0cb-3620d0824843,6acaf1b1-7dff-43e4-9597-fe98bac606ec,2025-02-14,Debit,12032.33,True
14116288-9889-4dec-aaa7-6f46d2db5b28,4254a22e-c09d-4af3-a259-ffae629cb5dd,2025-03-21,Debit,61547.98,True
d39c8136-bb6a-4ae9-a981-eaa5336ab462,12dbdccb-b4cd-416f-92c1-c4990a75ecb4,2025-02-04,Debit,15916.63,False
91b4e827-15b8-4873-acbc-f0781ae78699,ced0c54a-0939-4dc8-a187-b67ea8274129,2024-04-02,Credit,14222.44,False
65e540b8-8090-46f2-9e76-7d047d480876,7b8a874f-583f-40b4-985e-dfbce48b0922,2024-05-27,Credit,32945.6,False
f51b4668-7e15-41e9-9e3e-95c2612047a4,7e7b95c3-3c1f-42cb-a0f9-486d7f597111,2024-07-15,Credit,18639.32,True
e0e7ab4c-bac3-4263-b25d-ed31a7308dc0,c5263ce3-0fd9-453c-990c-2227b926e92d,2024-07-22,Debit,4912.45,True
5c47d914-b8a6-4af1-98f1-be58f43ca062,a814cf10-aeed-4c07-b3e0-5e029c12fa01,2024-08-08,Credit,65436.68,True
1597ef5d-7fb5-4006-bb0b-55d4df1e2cb2,13c662ee-183c-4d64-bf18-ab1c8176856c,2024-11-07,Credit,46514.3,False
76b06d2e-446f-4a22-9678-c7da4ac9a4f0,37072ebd-9ddc-4d59-82f0-b80afcd9d80d,2025-03-07,Debit,26706.34,False
6384322a-7778-44f9-8c2a-7a8184235aa2,be938d7b-f4e9-4336-83bf-dae66c77161d,2024-07-05,Debit,38389.05,False
a112ff7d-1fde-4054-8a91-0aa9d135ef6c,c8d2c494-7faa-43cf-af11-d5b1ff9504f4,2024-11-26,Credit,74403.83,True
0379f0a2-cf8e-4740-80e4-f76c5b4f55a1,d7fb999a-0cbe-4eb2-8f49-8e31bd518639,2024-08-24,Credit,48668.07,False
00895fa3-f807-4660-a099-1d21fde06a9c,7fadfce9-d618-4c51-9e18-ac5fd621f6d4,2024-10-25,Debit,57266.03,False
ef295980-53c9-4f39-a783-672095475fd7,fbb7d0ab-4234-41eb-b615-2f09b7dd6552,2025-02-06,Debit,96811.87,False
93359cca-3018-45b7-9fbd-b627ae2dcbaa,aa84c033-8f55-40b0-9305-c079eeec08f0,2024-08-19,Credit,54796.83,True
821b0ff2-80b1-4621-8a21-fd17b6bff582,cc42d84f-4e7b-4a01-bb6e-fe9cc9fa7bc7,2024-09-20,Debit,37162.36,False
6a3b3d4a-6dd4-4fbb-86b5-ea43ff47155e,b3960f35-fa1e-46c9-a7ff-25f2c769c748,2024-09-18,Credit,90227.62,True
d6e494b8-1a5b-4215-9da6-f15c2a5ec79d,38aacc8d-b895-425a-a6d4-b071317eece1,2024-11-04,Credit,54596.02,False
8fac8517-7f05-405a-a590-dc92aac1335e,af776202-b1ea-47fa-9dca-67add3cf66ec,2024-09-09,Debit,78431.25,True
c25914f0-d6fb-4f1b-aea2-a25eff62d6e8,b33797bc-ffad-4166-9c63-949d6b43fe88,2024-05-27,Credit,81551.03,True
ed11523f-ccf6-46d9-bc75-30eeb8bd57a7,b5ef29b1-0c7b-453a-8757-a8dae88b49c8,2024-06-01,Debit,88641.38,False
8a39a233-23a8-462f-b00a-96dc197dda99,e36e4e6f-509c-4234-bbc4-03a14698e5ad,2024-04-26,Debit,58921.6,True
ac57ffd6-5da7-4906-b15f-a6a7406728f7,7b6fabf6-ff7e-43d9-ab3d-7f3f54cc37c7,2024-10-15,Credit,22998.16,True
5aa5cacb-011d-4c21-bc29-5dd42378fd52,c220d22e-d2d9-4aff-9168-ac9a0767f8dc,2025-02-04,Credit,84884.8,True
acb6a421-3127-4e9b-aa69-f5264a138cf4,b3714fc0-8520-46c2-bf28-8ed98f4f6014,2024-06-14,Credit,81208.18,True
535716f6-05db-43ba-9921-f91d0b4d0c93,e5f04c2a-f606-4c7c-9200-940ae9b972bf,2024-11-14,Credit,81935.69,True
a0b4b650-8622-4872-8740-74dc6329fd05,0e8c5037-07fc-4daa-9983-7ae11315484a,2024-11-05,Credit,92316.98,True
6327b2c1-8f3a-447a-806e-fe74e20cce01,87773701-9c49-4dfc-ba46-694019f888e8,2024-11-08,Debit,65153.28,False
6a5c2f3f-607d-4dd3-bd42-6c8a1ffc796a,64c1803e-f58f-435b-ad0e-e0bf8e703edf,2024-10-05,Debit,2823.57,True
8b5c38e8-5f87-4271-842a-a58974570cb6,6334a038-a4a7-4d8a-a5ad-cf90eb455dd5,2024-10-27,Credit,83037.06,True
1bd6a40c-200a-419e-ae78-3254d15b3d23,5e4697e3-6b60-4071-95b0-cd67d1b3fa06,2024-12-03,Credit,87172.7,False
c84b0239-1e0d-41f3-9985-5459432f0f59,a42d498d-4d10-49fe-899f-a0c1e216e3c9,2024-05-03,Credit,63373.41,False
8d48ba43-ff31-4c41-b9c9-bdf9780ccf67,e3a37a70-4717-4f5c-82f4-ff06d249df86,2024-05-16,Credit,5654.59,True
a5196860-c3b8-4a5c-8703-6e78bc5a10d7,eb454b71-8268-4da5-954e-3d91c88adb03,2024-09-15,Debit,87082.57,True
156c5258-f855-4ec7-984d-23da85fe5395,124af3aa-ab33-46a9-83d4-9fb198249197,2024-09-22,Credit,28378.41,False
c5660c17-d01e-4650-a0ff-9a122a2b8c3c,dd0f0ab2-bc2e-424f-8c20-16cc31a6dc60,2024-09-03,Debit,2529.24,False
98c20f5a-8e3c-4f47-8490-5b469fc9867c,f0354b87-912a-454f-a4bd-71b4090fba17,2024-05-27,Debit,66633.22,True
3b5591d6-caca-4e5e-902f-c010a0116622,461e1971-6385-4676-9c3d-fe384837585b,2024-04-26,Credit,81800.56,False
8a0bbdc2-2e58-425b-9904-ae589424c2f3,eaf026e2-f270-4dff-8c30-5f84ecdd3acf,2024-08-19,Debit,14320.16,True
faf5c4fb-aa2d-4f5c-b3b9-77638920601f,c78d7255-f341-477d-99d5-9c3c3fafd787,2024-05-02,Debit,29479.81,True
cc75f7eb-14b5-4a37-9538-73e3dabd339e,ed7a252c-e77b-4a79-a839-7f03cc183a69,2024-05-09,Debit,97859.64,False
07624b6f-c720-4696-a4d5-cf27b633b458,276239a7-d497-4123-b483-8c0002454c50,2024-06-08,Debit,30598.44,False
5781bdd3-cbd7-428b-b55c-55694e9e9c12,c089c7eb-c191-40b7-bd33-14243b88db6f,2024-12-23,Credit,14024.32,True
d4345615-3887-45bc-b3ec-51ae17f1dfef,d557f898-454a-49c9-a73e-9ddd0c993870,2024-07-13,Credit,81913.98,True
84c7720a-cbe7-436c-9830-e04580b1bdfc,b620bc18-b8b0-477f-a25c-2b21ba5744f4,2024-10-16,Debit,60280.73,True
02d95a28-e430-495a-bbca-933c81c217db,bd96bc2a-c1ba-4a0c-acbb-b17c940a990c,2024-06-27,Credit,44054.29,False
963b7b55-093b-4de7-ae95-540fbc53f85a,021e0ec2-cccc-4c9e-943c-9b75a9182add,2024-07-27,Credit,15247.82,True
1bb9ae32-ceb2-4459-9f47-49f60dd6d103,3341e660-f027-4ade-b615-419f7cb68c92,2025-02-08,Credit,81910.96,False
95899ad3-f722-4713-bf3e-d0fc7638167c,12424542-4b15-4257-af8c-11d2fb5512b0,2024-03-21,Credit,61107.95,True
fcb888b5-ba9c-430a-bfbd-be9d455b8a84,ccca3f5d-7c74-4c05-9a18-e3408d0d1f7b,2025-02-03,Credit,93243.92,False
cc98861c-55c4-417f-b334-13df484c0868,78e4943e-c376-4364-8faf-0d1c53874b63,2025-01-01,Debit,96992.3,False
2a34b7c0-4f97-4685-abaf-b915fead4c64,8ec64b3b-e659-45f1-9591-777c563f4ef7,2024-10-05,Credit,10439.5,True
89f3f326-9139-4ea0-8ad6-eea9acff6e00,18692889-6825-439e-a02d-217431517a98,2024-12-06,Debit,52728.28,False
c75672d7-23d0-4f23-bc15-5834fce841f2,a79bc57d-2e5e-4a19-bc1b-1f51a8b2fa0c,2024-10-31,Credit,7555.16,True
d39db37d-9b22-41a7-9d05-c6f1704296fd,f5e9c7ff-c539-4bd7-9372-50a1b16e0144,2024-05-03,Credit,37633.43,True
154230b6-942d-4d38-a16f-f1b292192620,e83c7107-8911-499b-b4b0-4f8171da9023,2024-03-24,Credit,45351.15,False
3b874b16-a416-49b9-9bcb-afc734ae0a6e,1ac3ba1c-3ba4-4290-8837-7a4b90284587,2024-11-17,Credit,97084.41,True
1e0e29a5-9eda-4dc4-afd2-ecf5f6a89961,d1518e74-8773-4dd1-8ad7-7bebc537cdef,2024-08-01,Credit,65379.1,False
13c578cf-9787-42ee-a0f8-2b4d2c451ca1,4659a98e-6727-4bda-8855-fa0fb413df87,2024-11-11,Debit,82236.28,True
bc7b60ae-ec73-4137-ac49-812e51e304f8,f6a0d6ea-956a-49d6-8145-25d37a4aad12,2024-10-30,Credit,42810.89,True
90a47792-97a3-47fb-8bfc-2f0671b75cdb,a35f5747-27ae-4e00-9239-98228a9c1fa4,2024-05-24,Debit,5455.52,True
f7d6194d-693f-4a71-946f-4409431983f6,465ff864-ddee-4996-9cd1-cc3481485c44,2024-11-03,Debit,16405.97,True
cf00b698-d17b-4b33-b7a9-6b1f58c0098f,28d08cc7-9909-47ad-b96d-365b52f5ba8f,2024-06-11,Debit,26177.11,True
fd6f1884-4ea5-4d47-a322-36c0710ecb42,8a983c2f-4b04-4427-a0b7-52cd6606cad0,2024-09-23,Debit,38102.39,True
92074275-242b-4ea6-b1ad-f2bbdd38280f,aec4fdca-8b3c-4d34-a46e-bc9d0e84e8fe,2024-05-15,Debit,31373.88,False
b941d4ef-aed8-4a30-9a36-8a4d42a9d0f4,7f46b6e1-ecda-4ab2-a30d-b8f0fb9a7ca0,2025-01-27,Credit,35868.8,False
5c3d7ee4-52d9-477a-bc32-76c92d0a7892,ccff5d5b-06df-47f8-9669-9444f4e8a669,2024-10-29,Debit,23503.93,True
74a692d7-eca7-4b84-94d3-0ff787c0bd51,fc1527ae-d29a-4a9e-a042-64880948d657,2025-02-19,Debit,60749.64,False
1a702006-fd95-4090-b116-c3a80d33fa05,62c938b2-c6fd-4d9c-9955-4bf976b0bc76,2024-11-05,Debit,25132.64,False
a51d33f1-cb0f-49c7-a985-a5fcb7b244fe,cd7c2d07-ac38-4fa8-a693-7226f1f45802,2025-03-07,Credit,30399.16,True
cb9f1901-4453-42fc-a9ca-f5287253497f,c304c4d0-df1a-41ad-90e5-593a07eda6cf,2024-09-18,Debit,24599.72,True
700be98c-48e3-43a8-8944-035df000d5e2,d713d3c2-4f58-48d8-9839-845a9b28b4df,2024-10-07,Credit,9864.46,True
69336a4d-6d9c-4a57-a895-95a40d80d595,ad5d814d-b0f0-4081-8c28-68733b91784b,2025-02-11,Credit,82782.64,True
4e262405-a70d-4966-86ce-7c201103d9a3,fb321585-bed4-41aa-b723-c763a57187ee,2024-12-03,Debit,61293.55,True
f93b8087-6ebe-4e7a-85aa-30cd16d2ed3e,dd4b38c5-313c-4059-abab-d9c08824027e,2024-04-09,Debit,49448.33,True
8fcde4ee-5c4d-420c-a4f7-825f9b484abb,03c536c9-4858-43b8-a6a4-465ceac75584,2024-05-09,Debit,93931.7,False
4dd8f338-4739-42f4-be10-37eb3ed2600c,0a6cb380-f770-4863-957a-db6b4c008840,2024-08-13,Credit,8971.79,False
458bdbdf-d366-4437-9a25-ebaa7b2559c3,0ffcf29e-1aa9-46d0-8ba7-73caada32ed4,2024-10-11,Debit,54266.26,True
3f731c4a-d7c5-42d2-830c-0a71ee0b4b4f,d8fd4084-5876-44dc-881b-2032c7be1542,2024-11-02,Credit,18394.06,False
ec8c564b-8ccc-43f4-b963-60f0ef4f22fe,c881229c-0897-41fc-8862-16c1bd0eed96,2024-06-02,Debit,33414.06,False
fab96172-e1db-4345-96c1-3e4a9ade8982,c716c32f-7a79-4864-a218-e596ec2c28eb,2025-01-12,Debit,50477.68,True
536b9787-c477-4afa-bd57-63e7397707b0,b6da363b-f615-41fd-a040-ae7dab4586ec,2025-01-22,Debit,33084.86,True
e43ae169-874c-4c83-a0d4-7e2069175613,c3f84229-eb1f-41dd-a6d9-f540d016f2af,2024-12-17,Credit,31316.15,False
63a1f51a-76a2-4b54-a2de-7267b581be8f,4a1ca210-17a5-48e7-a181-a6391d66f54f,2024-07-01,Debit,69052.6,False
76d942ef-8dcd-411e-b159-6f7057a170c1,4254f077-c7bc-4959-94a0-ce8e8abb1648,2024-09-30,Debit,6855.06,False
ce0e4b5a-d292-468a-8596-64954d007ac6,a6d710a4-ceaf-4ac6-bf17-e813139dc5ab,2024-08-15,Credit,22246.64,True
7f3fbefa-34b4-4dc1-982f-7fcf5d16923f,4ba945ee-81a5-4819-b16e-3eecf2a40a95,2024-04-12,Credit,71997.23,True
906959e9-61ac-4594-a857-b1eb0efd4c73,f0170fa7-04c1-4cc9-9ee2-d0e93af5a553,2024-09-20,Debit,18346.56,False
5c37df65-c2df-4003-b0d7-a6716a7e0b62,4df70f28-f09a-44e3-ac58-ed11e49fd042,2024-04-06,Debit,39202.29,False
c78d4870-dc5d-4bb6-9d12-9339d7f9d69d,045b7fb0-cb87-4adc-8ab3-34b2904cf5ec,2024-04-07,Debit,8843.94,True
6f83810b-90a0-4f38-92ed-137e539615fa,e9ca62b0-a8c9-4851-9028-0ef67b5889d3,2024-10-20,Debit,10575.23,False
3563d09e-742f-4366-b36a-4c2658e44e59,75c1c335-2990-486a-ad9c-7be2f95efff4,2024-07-07,Credit,62265.77,True
719c7312-cb60-4b72-b186-c7671e2c9c4e,2d9a6ea9-a023-447e-a7b5-f0c826d67085,2024-11-14,Debit,63991.25,False
dc3fd153-1bfc-4b5c-8de0-3c8d9cc2cda0,35019142-6cb5-453e-b793-6ec85bd95eef,2024-10-31,Debit,90519.18,False
0dd7eaa8-6f72-4f4f-a095-a9c7ce56b59b,aeed6ec3-fee2-46b5-8c03-28c6684794f3,2024-08-14,Credit,25754.74,False
3fd4263d-37be-4efa-be9c-806dda738076,99a42db3-51c4-4028-9364-5e302f887cda,2024-09-01,Credit,55128.92,True
c88da7ec-448a-459a-a050-3717023eac10,08758979-0dbf-42b4-80ac-27bdb123d6bb,2024-10-22,Debit,86136.91,False
8b86eee8-9709-4b71-9308-5cab1c4696f8,960b1843-9da8-42f0-b224-8be256aea591,2024-08-29,Debit,24629.65,True
0017522d-cf26-41a8-9c9e-58e376b6f93a,1a514890-caf2-4d92-98d9-fbabe1263414,2024-08-15,Credit,58722.85,False
f768241e-6778-4980-bca0-a9aac1f07d02,8fc6d9a0-fff3-4ebb-8f6a-43cf11a34f6c,2024-04-24,Debit,99575.27,True
5b3ed7b7-06b4-41cd-8a12-5e17c3612447,5ac07526-84a9-43ef-9f26-a31130d454ae,2024-05-30,Credit,1800.59,False
427c2040-e046-4f9a-bb93-e52d44a39d30,a877dcea-315c-4bab-9740-aa188763643e,2024-04-04,Credit,73293.44,False
40789f2b-c125-4ad9-adc7-a242ce0a8156,f9d19fae-6e2d-4ca3-b148-4abda38ff0fb,2025-03-02,Credit,32330.27,False
7cbf50c7-5940-40eb-845b-601b2bc995c5,3f03d9b7-d033-45b6-8fa9-d825d4e67483,2025-03-03,Credit,41286.83,True
bec367f1-3143-4c5a-9a22-7710e5ad62f4,01414729-9a07-44b4-9dab-69359cefa9ae,2024-07-23,Credit,15198.19,True
9096fecb-55da-407d-a1b2-efc9f474eb34,57788944-dc9f-4465-8605-6014fbc52c0b,2024-11-10,Credit,44801.63,True
334963f4-200d-44b9-9384-15fe307cca3a,9c3f0d7d-3085-4e61-9159-9324e6a06f1d,2024-09-23,Credit,90636.08,True
26a6fa54-9420-41db-aa12-6fef00b1598a,bd982533-eec7-4da5-aa04-892776e6f8cd,2025-02-01,Debit,54138.35,False
317a1392-b4f3-4283-ab03-c31f205062be,eb69a433-e352-479a-8762-a5bb1e47a29e,2024-12-02,Debit,20626.98,True
b9ccf161-6feb-461d-9683-1a371d05ba62,f8b051e5-9e48-483e-9238-7bc9003857be,2024-10-01,Debit,86195.58,False
2ba95375-885d-4ff0-a0b5-d27af59836e1,f56b7380-999e-4d33-a946-17d48c03f3c5,2024-07-27,Debit,70678.48,True
997e41fe-f2e2-4838-bd1f-f2177fbd58e7,dff799ed-0105-4680-815d-ae59c734379d,2024-04-29,Debit,5355.91,False
8fbcc5e7-cce1-49c8-bd83-f76cc1ec8da8,e4661215-0c2b-4823-813a-79c03a5a1a6c,2024-04-26,Debit,21570.61,True
2ebae428-b220-4b47-b511-4bb7735d6305,c6549bdc-a309-46fa-abaa-2ad74ebe4395,2025-01-27,Credit,58679.37,False
117b9ca3-3c87-44fb-85f1-11591c533d67,cf83460e-e2b5-45f0-9f26-36330eccbf81,2024-05-29,Debit,88804.63,True
19bdaa7a-d2c8-4c59-b219-37db8727af15,b2bfa67a-adfd-4155-b1fd-4b1a97fcad69,2024-05-12,Debit,25528.05,True
74ddc266-1f00-422b-9907-4ec68a4c9e4a,09129419-2715-4903-9d3b-0209158ac7d4,2024-11-06,Credit,42225.48,True
a7c975e7-8dfe-4b96-b9da-3053e3fa2bb3,b2331f6b-61a6-41bc-8c2f-cbe0793231f6,2025-03-11,Debit,16672.3,True
5942063e-81ea-4e4c-8767-ecc0d69c664b,3af9fd78-ed8d-4a81-bd8b-4bae3f74eed6,2025-01-09,Debit,84726.43,True
e78abdfe-f91b-4525-b318-7042e577b4ad,e2e5c780-4687-422a-a7f1-03be073ee866,2024-08-01,Debit,20274.64,False
cbdfb99a-0531-4013-a9f9-45877784671e,0f60cd02-8054-478e-beaa-de5f812050a1,2024-12-04,Debit,45853.1,False
a8f0099a-9fb0-4f39-b29e-d1ccfdc9a286,553d6e93-7b4a-4113-a94b-c66fdef7fbef,2024-07-11,Debit,50769.2,True
5e70b518-1cb9-4d25-8483-3453fdac9917,8fb7f3f2-c81a-4467-9c75-96ea11583b3b,2025-02-01,Debit,69164.45,False
f78506ec-d604-43bc-8f75-ab90ac26f29d,79fc074d-2c3b-4af3-9124-c662a0d653fb,2025-02-17,Credit,62759.33,False
9a269c7c-1978-4765-ac42-ddfcc66007b2,54e6c2e8-7231-434d-86ce-fb2d4d397267,2025-02-05,Credit,57852.87,True
260938c7-a674-4301-85b2-46f77a92b93e,70818616-2c09-4066-8162-f248e7e1ea19,2025-01-18,Debit,78058.15,False
3b41a149-63af-431a-818b-0bb44054a9d8,03767148-17f4-479b-8a61-140511a5c99a,2024-05-18,Credit,16471.65,False
590f1491-7e31-47b0-844d-4c44d41fefb3,b96e1d24-7aa4-43ad-b73a-aadff0df4007,2024-11-28,Credit,4014.66,True
1eede6bd-a1fa-4f6f-b4b6-a20d39c2d899,573935f5-10e3-4f56-8252-68d7c22c0ddc,2024-07-11,Debit,2059.75,False
c9f4cd57-47c2-48d9-8d84-36d9d69bfe17,397fe85b-d053-4c12-a625-9c53c28c1051,2024-12-19,Debit,91481.24,False
151be74f-da11-4774-83fa-e2667552fc32,fea2c7f7-30fc-4886-ac3c-ddd092493a54,2024-05-14,Credit,30040.02,False
497dfe67-a9c5-44b6-bf3b-45ac1ba2b683,58ea8907-27b0-4d13-863a-7e1158d87498,2024-11-19,Credit,50832.3,False
229b3aaf-d512-4501-9445-c3407f8e52d7,b5b65a9c-e70f-4167-8a49-b22f9a4a48b0,2024-07-27,Credit,1669.34,False
739cb1b7-1a9f-41e2-a075-3993898005b4,2a891ff1-15a4-43c5-9d68-087b026f0f8a,2024-07-16,Debit,43832.09,True
635dd904-37d2-4454-adc8-4d11262b374f,36e7b129-60c1-4a4b-a515-8b947b5a8f7d,2025-02-27,Credit,3423.48,False
8684c9c3-07cd-45d2-9d1d-0af9108a41b1,ddbef135-800c-4dfa-9a84-a48e01c70009,2024-07-15,Credit,17432.4,False
3c833397-c6ce-4ce3-9966-55599964b90c,f97b93b8-30e6-4a96-bfd1-bf7997cc2123,2024-12-07,Credit,22441.95,False
f797ebe7-d143-4e13-bfc9-b267b77fd1a1,f7802c7b-45d5-4f68-8f35-04a7845460c6,2025-02-08,Credit,5646.0,False
f6368b87-f2ea-4002-b1aa-6f3c37605377,0ff346fd-0601-4fab-abac-30ea7051893c,2025-01-11,Debit,70879.88,True
b59db257-5aa5-4be6-8812-efd44a52719a,b753bbac-2a5b-46f0-9e29-ca0e32add1f0,2025-01-13,Credit,21526.24,False
f1e95669-f275-48f4-8bd6-a8b5367ffe8a,c8ff5b50-e4f9-4fc4-b962-67d809061c56,2024-06-17,Credit,53133.07,True
6a25e2fd-f217-425d-b01c-9412d53f37c2,919c6955-ffea-4f3d-a5e8-924cb460d11b,2024-11-17,Credit,33192.54,False
2cf3cc3d-1a6a-4500-ae53-ae214d9b095a,ad0fafe9-213a-4159-a5ee-a536e2f80cb4,2024-05-11,Credit,24961.97,False
f041f46d-4ede-4ed0-a6f2-9145db8fcff8,bad6cd70-dc29-4190-8980-7f232bc8eeb4,2025-02-03,Debit,43107.39,True
19cddf9d-06f9-4536-81e0-e5ebb7baeb07,648c4ddb-6b00-4b60-a748-93f66cc94d60,2024-03-25,Debit,96537.91,True
11c45160-b188-44db-a9e4-ac5476d02881,6e057653-64be-4c55-b32e-f09284e05af7,2024-06-05,Debit,31419.7,False
8d08d253-525d-4afd-88fa-78c823298953,d35f0cf0-5ec6-4fc8-8025-aabe61238129,2025-03-13,Debit,42723.44,True
ebf8be2c-080d-4fa1-a79a-9c3b417e862b,caa75fef-bd2f-4ecb-bedc-fba02e9b774b,2025-02-12,Credit,91741.37,False
e4d3f02c-3e96-4643-9b1f-9ccd5b707bf0,5851e261-08a3-4eeb-8a9a-3c6a32863aa7,2024-08-13,Debit,44771.61,True
843e0889-7ff4-4a6e-98ed-727c13a27783,a8132e80-2a11-4a62-8c28-1c0b3b0ee1b1,2024-03-29,Credit,791.73,False
2f4c7cda-5a86-4c50-8eb6-f25c38dfb8ce,1039225f-e8e4-4a80-9c4e-159d1251c93b,2024-11-25,Debit,35748.45,True
9b97e6cb-0db3-4cdc-b24d-3acff1886ed2,657f0954-59d3-4b57-99dd-ec2eeb2b4e8f,2024-09-11,Debit,14118.78,True
c1cbbbe1-7137-4e02-b54f-adc4854858b1,6c868fa5-31e4-4224-8ade-7e5822716eb2,2025-02-08,Credit,51324.61,True
cf5c956b-4c40-4f73-a420-884e574cfe57,04565e20-cfc4-48d7-b98f-abf873efc56c,2025-03-02,Debit,17784.95,False
4b3df0a9-341a-49cb-93de-86170a90ce87,9545dd2b-0a89-465d-98ed-dee5e670ebb5,2024-12-31,Credit,15895.06,False
6aed50c3-ab62-4033-9168-a8ee5b3df082,f914aa35-be41-419c-bfc3-6a530b1abaac,2024-05-29,Debit,97337.46,False
6cd5aabf-6ed6-45fe-916f-7062430a5d77,c05b6290-da3f-4c0a-898a-cb4f01ed12bb,2024-09-20,Credit,80648.75,True
e0e7a978-05f4-4ead-89dd-1cce74c39881,d77558e2-219d-4fc6-87c8-a019556e59d7,2024-11-07,Credit,90683.1,True
3c302a03-2d43-4863-92b5-70e8dfa2c44a,19424648-1c5a-471e-9e8b-c61d4674749a,2025-01-30,Credit,20175.08,False
3372c51d-4cb0-40b9-a78f-d8d1b34a9ced,7c39f817-cc00-4205-8cee-1b8ee8b550d7,2024-11-10,Debit,97074.0,False
7b14165c-8276-4e2b-93f6-39391362d0fa,3bc5bad6-6216-4bd5-a7bf-27b371995b40,2024-07-31,Credit,46565.57,True
a551c88b-b105-40fa-a7e4-5b5ab64df558,066f1ca3-5420-4c24-8083-89f0f22c71e6,2024-06-01,Credit,19307.93,False
b76c9b04-8081-49c5-a582-df4e38e11caf,dfaf5f86-86c8-4fab-a1dc-75eb2a9956ce,2024-07-04,Debit,16949.03,False
8b2a6584-5ea3-44db-9c02-39c683413c8d,a3ee52d2-db19-4a7b-97c1-d2c5cf1e1f11,2025-02-14,Debit,17122.69,False
ceab8c55-2d09-4537-a50e-69055988e662,1cf664b2-469e-474c-bb4a-3c511ab40199,2024-06-17,Debit,64414.53,True
41bd289c-6f45-44f1-9c93-f08191736ccf,93e48a81-23e5-42bf-830d-e98bd71f7ce0,2025-01-13,Debit,82690.46,True
497c31a8-247e-4498-b37b-7f613dd8bda7,de0f9ff9-8051-4c8d-a006-08ffda979b98,2024-11-16,Credit,72712.91,False
3d6c1ba1-d1bf-4d87-bc72-006aa3ead447,d3198638-8f35-4225-8ee1-b62b0fa0805c,2025-02-13,Credit,88408.83,True
6f33ef95-c297-4dcd-966b-b56ad59dfe3d,318fb58b-1f51-48c5-bdc9-0dd16ac0785b,2024-12-26,Debit,28005.3,False
47f46336-2f78-4c73-9357-7b008de84416,c9900b3b-33d9-4410-9e60-b582d6962124,2024-05-24,Credit,31794.07,False
d0afcb0e-6d5b-4913-b985-dc7f564036ce,988ff28d-1d50-4cd4-99b2-e8a654bb0e06,2024-07-13,Debit,25200.87,False
35671702-8d66-4457-9941-e2859e2168eb,ee046cde-71d2-4cbc-a167-e40b2d785b47,2024-06-24,Credit,22701.26,True
389994fa-a08e-439d-be63-ec947c00b02a,17f09a95-2257-42e1-bb96-ec21a50e0429,2024-04-13,Credit,86423.48,True
247e3a6c-e29f-4736-b442-a73372e6c72d,d61896f3-5196-4aab-ac10-c83d52ddd95b,2024-11-12,Credit,24113.49,False
c09b5b52-8c9d-4405-b38d-824e7fc8d3e5,77fecf91-5a77-4455-ba46-5fcd0ba802e7,2024-08-12,Debit,80926.99,False
d40b6436-12b0-4a38-a73c-dbeb8fe1ef9a,6e0ce616-05dc-4349-a3df-2a5aaba423ee,2024-05-24,Credit,31325.77,False
9dee572e-e54c-4532-b0d1-2ca5c74c9e6e,4593ee01-b2e2-4164-a084-8cf123366281,2025-03-13,Credit,62223.84,True
2696e4ef-d9c6-4002-ab69-50eec92b2d5c,37a4edc1-637a-405e-93f1-81e71146970c,2025-03-20,Debit,98789.71,True
1111b9fe-5b9c-4aa9-b2b0-5a8e3430f456,06d77653-1633-4d86-923e-accd496ee5d7,2024-05-14,Credit,81173.45,False
f81ee1e2-91c7-450d-bed3-bf45eb6d760e,e61f6723-1e79-4a1b-91cb-103ec344080f,2024-11-13,Debit,38665.98,True
9dcc8679-beea-4778-b7e4-3b6498d9f9ec,8e4427d9-b5ce-4586-ad6c-1caa585b353d,2024-12-04,Debit,35223.13,True
ac572fa8-a055-4b31-9e24-fed415f5597b,918f854c-f8d4-4386-bbb7-c492e6014e92,2024-07-01,Credit,5541.19,True
c28507e4-3d6c-4c60-9b93-1c051794ecb1,e69143d5-aa75-4928-8d5f-ce109a8ea7fa,2024-03-28,Debit,18503.4,True
