EmployeeID,EmployeeName,HireDate,Department,Salary,PayrollDate
c0da5043-2270-4891-aec1-3a61dbe50d1f,Tammy Taylor,2023-09-25,Stores,147740.91,2024-12-02
29ec23ed-1d70-44c5-aeca-d06e775d14ea,Jennifer Skinner,2020-07-12,Purchase,123698.06,2024-11-06
bbc5ef78-c245-477e-9cf6-48c80b54ea5a,Emily Hart,2023-07-14,Stores,41618.35,2025-02-22
e2a61566-bc2f-4d44-830d-d3e0ad721a38,Katherine Riddle,2024-03-11,Finance,67994.6,2024-08-18
89c7bf24-d74e-45d0-a45c-9c6298175483,Tonya Pham,2022-08-31,Planning,123306.58,2024-07-14
bce62712-9531-4dc2-ab9f-69a57c3cb70c,Thomas Berry,2020-10-27,Planning,127190.28,2024-12-06
65896e96-8735-439a-b28f-a164a1d49491,Joseph Garcia,2022-08-20,Purchase,135950.05,2024-04-09
eeea4075-d25b-4407-bf70-6b39928156a9,Matthew Ryan,2022-12-18,Quality,31875.53,2024-11-24
dcc89395-b1c3-444b-bf8f-852a683e649b,Dr. Phyllis Miller DDS,2020-07-18,HR,137199.84,2024-12-06
f79fa330-7dc6-4ae3-bc32-e9a432680933,Joseph Drake,2020-09-29,Planning,37274.19,2024-06-30
2825e249-7b4b-4601-83cc-78fec0e02ed9,Shannon Sims,2023-02-23,Stores,113200.8,2024-08-11
f9b3c8cd-784d-4e9e-8a39-305d7b1fe9ce,Larry Mullen,2023-03-18,Finance,122996.08,2024-04-21
e75360d6-1a7d-482e-894b-a40baaa190f3,Jonathan Rodriguez,2022-06-19,Purchase,69260.18,2025-03-13
a379d04b-23f9-45b8-a0d2-1a77e08874c3,Angela Cooper,2021-11-08,Stores,93174.59,2025-01-12
aac1f54f-8884-4e6c-9abb-e4df5cd69968,Alicia Peters,2023-05-26,Planning,135263.73,2024-10-11
c5789581-d800-4060-b341-a5aafaf371fb,Linda Harris,2024-02-16,Planning,39088.72,2024-04-15
6b651ab7-74a8-4256-a917-c22c78e4bdda,Susan Smith,2021-07-06,Maintenance,131695.89,2024-03-23
c1699d99-4d9f-4733-99c5-23cf5ac49d13,Latoya Williams,2023-07-21,Production,81319.35,2024-03-24
8315947f-e359-4094-81ed-e52deaf1ef96,Stephanie Young,2021-04-03,HR,146154.85,2024-04-20
db7176bb-5853-4025-b0a9-b25a601115ab,James Todd,2022-11-01,Finance,142052.02,2024-04-26
e5bbb616-bbfb-4c33-ac87-f548fe66c408,Michael Estrada,2022-03-06,Maintenance,147551.63,2024-07-30
c5bf4607-2b7d-449a-b896-3bd11b13dc39,Karen David,2020-12-01,HR,104895.13,2025-03-10
788b21f1-9606-4d32-835d-39625fa05dbe,Christian Obrien,2022-09-21,Stores,37615.56,2024-08-08
5d7a42d3-73d8-4511-8193-d3340e9e4cd5,Michael Meyer,2023-08-21,Planning,135251.32,2025-02-09
9dc51a51-c44c-4a0a-a569-d955169dc81e,Andrew Garrison,2023-07-01,Purchase,141336.2,2024-05-27
06070f49-c4b2-4303-9fef-d7d85c9ceaa2,Jacqueline Burns,2021-06-06,Purchase,53303.67,2024-09-26
471a1892-e400-4a39-b0a3-f0aabda18da3,Dana Ferguson,2021-10-20,Quality,66495.87,2024-09-24
3225ba30-6b73-4c3b-a632-c511818f9a09,Austin Bender,2022-07-10,Maintenance,144518.77,2024-06-20
a6f5b07c-e1ee-429b-9d8d-aa0e58e551bd,Jessica Anderson,2021-07-29,Sales,63213.19,2024-10-15
569e9a2c-9241-4e8d-9503-60c9537caea5,Amber Davis,2020-12-09,HR,65286.83,2024-05-31
e0767e97-d65c-40e6-b630-048ac59b213e,Thomas Scott,2023-02-12,Production,32408.16,2024-12-13
0dffef74-c6fc-418e-8ab1-03018f1711dc,Anthony Boyer,2021-09-25,Quality,133732.91,2024-05-12
07ed0a64-c7ed-4917-8aca-30c5cdc98f46,Mary Smith,2022-01-20,Planning,101886.41,2025-03-12
0fa97439-d685-42a4-903c-5a2cc830347c,Kevin Wood,2023-12-01,Planning,89437.05,2024-05-30
c6da947a-5307-4aa1-9389-971888077289,Gabriel Sanchez,2021-05-09,Quality,43733.31,2024-07-13
bb0746f8-10f6-4f24-84f1-3ecdb4db8b2c,Courtney Mitchell,2020-06-27,Logistics,115764.2,2024-09-26
fb01c217-b16d-4ad8-9ead-4c28d627369f,Daniel Dorsey,2023-12-14,Sales,145545.74,2024-09-25
407447bd-6de4-486e-9e18-89d29257b8ce,Brianna Ortega,2024-02-16,Maintenance,119079.88,2024-04-14
e8b5e98e-3f05-4519-b1ce-2f94a02b152b,Samantha Sanchez MD,2022-07-03,Maintenance,65926.64,2024-08-26
918e8866-10af-4686-9928-9f166c8dfaca,Mary Morgan,2023-05-15,Maintenance,30309.22,2024-04-13
a4b7eba0-f0ca-4443-87fc-20a222f5d1b4,Jamie Lewis,2020-11-12,Production,58574.09,2024-10-10
e5fed225-0757-49e5-9182-b1a9957547cf,Kurt Young,2022-07-27,Finance,31408.03,2025-03-06
d35a5932-6062-4403-a78e-7b2076efd32e,David Oliver,2020-05-25,Quality,119700.04,2025-01-04
1e7a5dd5-b833-45d9-bd20-782485766ac3,Jimmy Carey,2020-08-02,Quality,143041.02,2024-09-30
e67636a3-3039-4b74-a08f-28a475ce4ce0,Miranda Hernandez,2023-10-22,HR,49348.36,2025-01-26
28f92f3d-faae-4a86-ac52-e6acc37b1b34,Michael Stokes,2023-12-26,Finance,60650.79,2024-04-11
c35f8330-24b0-47ce-98f0-2c27e2f6d1c3,Megan Hunter,2020-06-15,Production,61771.66,2024-03-26
91e86b0e-86e7-47c9-bdbc-a898f2583c13,Michael Thomas,2022-09-15,Maintenance,86805.47,2025-02-04
c72c4332-5057-4cac-94bf-9516a9226513,Ms. Maria Stanley DVM,2022-12-28,Planning,131109.8,2024-11-26
38e482d4-1661-41b9-97ef-a5da1784a92d,Mikayla Chavez PhD,2021-01-02,Logistics,107238.33,2025-02-11
d525a550-71aa-40d5-9274-07672d14766e,Jessica Harris,2021-12-09,HR,41959.74,2024-03-24
ff04fb9c-3cc6-431f-a3fc-257d357f9bb0,Travis Cook,2024-01-16,HR,30070.75,2024-09-19
b13499e5-8482-400e-983b-09930a2df2ea,Allison Stephens,2023-05-18,Maintenance,73660.85,2024-12-21
d4f7cec5-02bc-446f-b4e5-6f59b7343be7,Timothy Yoder,2020-09-21,Production,129981.99,2025-01-16
5c3a391c-6bdc-40b0-9b8f-1bff78afc332,Alexander Richardson,2023-12-24,HR,132110.54,2024-10-30
35d377b2-8991-4643-b9ff-603e9d367dde,Mr. Timothy Velazquez,2022-08-09,Quality,48492.94,2025-02-27
45c631f2-1798-47fe-b60c-f1c6302b6ecb,John Arnold,2022-11-09,Sales,40542.37,2025-03-06
91d723a4-602c-4eb1-957a-12234f83aba4,Peter Ware,2020-06-01,Sales,80057.05,2024-11-07
8b31c716-d403-46a6-8d39-6e312137bc17,Richard Austin Jr.,2021-07-22,Production,41101.77,2024-04-02
62762f55-ad5e-46b2-a516-0540b89faa23,Edward Morris,2020-12-12,Sales,51154.94,2025-03-20
d6e32ae2-674b-41c9-aaaf-d6d8f599ed80,Terry Christian,2022-02-12,Planning,31037.51,2024-09-21
f4ab00ba-6bbe-43bd-bcb7-ebf2cca637ac,Maria Bailey,2021-07-21,Stores,146484.5,2025-01-27
d4622d09-f8a0-4578-abf4-6c6b7b94d443,Jason Gutierrez,2021-06-13,Production,50093.14,2024-07-25
508689f2-4c42-4864-8f24-d6073b12dd1b,William Wade,2022-01-02,Maintenance,124972.31,2025-03-17
b1dac2b4-264d-4c98-8ccd-9658ecf36e90,Nicole Edwards,2022-04-23,Quality,76336.73,2024-09-14
462cf191-db75-4955-8fe2-30163eb359bb,Timothy Delgado,2022-05-25,HR,123306.24,2025-02-18
61f109c1-7e33-45c9-bc73-4058a85f962c,Robert Henry,2020-05-05,Finance,70387.51,2024-06-19
6512eb85-8df6-41d7-ab94-bbe8d022cd63,Charles Rodriguez,2020-05-02,Production,120635.73,2024-05-12
17ffd3ab-710e-4e5e-b6fd-64f12551c1bf,Denise Miller,2022-12-31,Sales,75134.31,2025-01-25
f73d28ec-4f15-421c-ac5f-3eb2f11ff085,Lauren Miller,2021-04-28,Purchase,31241.55,2024-08-20
813c2ec0-bf03-4d2e-b70d-c13e135c21c0,Diana Garcia DVM,2023-10-08,Finance,47426.48,2024-07-15
d5598e95-2d65-4a9a-bf1f-890e9f81da8c,Shawn Rivera,2024-02-09,Stores,127159.83,2024-12-07
74be80e7-1bad-4b07-a32f-15b53dc186b4,Sandra Henderson,2023-11-22,Quality,67197.13,2024-10-28
74778b57-7108-45d4-a863-d8be68428048,Erika Moses,2022-10-17,Quality,81286.3,2024-04-15
1be74472-9451-488c-88c4-e70d2f029a0c,Luis Hall,2022-10-21,Sales,100097.24,2024-05-15
94aa801c-5c96-4ea5-9092-9c4dddeb9b13,Andrea Black,2022-08-25,Sales,84188.19,2024-03-30
217f0293-91cf-4581-aa30-6c2d83111c67,Jennifer Williams,2023-10-12,Production,121048.61,2024-08-11
b3314ff0-73ed-4bc8-8c58-fe589cc7b4b6,Kyle Lane,2020-11-20,Sales,119207.77,2024-12-20
d20432ee-85eb-419f-827c-e523a26ca0e4,Lisa Weaver,2022-11-02,Logistics,108097.63,2025-03-21
d85a10bd-0551-441a-b125-1776dce0a6f1,Wendy Martinez,2022-01-29,Production,125184.86,2025-02-12
249fc60b-c40c-44f0-b67c-b35c0936eb57,Nicholas Wells,2023-05-17,Stores,138367.67,2024-08-31
72565498-f301-4365-bf72-11ca782f3d2d,Michael Rodriguez,2024-01-23,Stores,92045.52,2024-11-07
859a989b-06c2-43ab-be84-96d6626e0101,Mary Barrett,2024-01-29,Stores,78977.46,2024-09-24
83f6448e-6057-4530-8287-167ca76fe3f3,Ronald Thomas,2022-12-10,HR,101405.59,2024-06-30
410904ff-d9bb-4180-9dc0-01bf7891e58e,Tyler Anderson,2021-08-13,Purchase,117293.18,2025-02-05
8b261611-b1a7-4e0a-8ad7-e8d882d7eb1d,Gregory Young,2021-03-26,Purchase,54980.02,2025-01-31
54983e0a-1b7a-4d5f-93c4-c72761feabd8,Adrian Scott,2021-02-18,Finance,63901.22,2024-12-22
02b0a0e3-5953-4e4f-9fb6-beb77e927b0b,Charles Lara,2023-09-20,HR,80480.24,2024-10-13
0cd44c75-cd15-4ad6-9758-6239a6566cfa,John Schroeder,2022-10-01,Planning,93125.47,2024-07-23
571b9455-0bbd-4d92-a357-dbbedd7743d6,Lauren Burgess,2023-02-13,Logistics,115405.1,2025-01-09
105acd42-44f6-49bc-85b7-3b3f38954038,Tina Thomas,2021-10-20,Sales,132616.39,2024-04-14
75d8d183-9fd6-4494-bde1-c7eb39323927,Kayla Strickland,2022-11-17,Logistics,89662.45,2024-12-24
f75832ba-11b8-48fd-adb7-ddb191202539,Timothy Ward,2023-12-29,Quality,34889.18,2025-03-01
88ad1795-a00a-4d87-a1ab-a223eda92206,Christine Olsen,2022-06-29,Logistics,98896.5,2024-12-18
e2d8cd21-89e9-431a-87d3-92932c615c08,Bradley Garcia,2024-01-24,Production,115358.75,2024-07-16
246c496d-9280-4a5b-b14a-51cbca2243b6,Katie Johnson,2022-06-15,Maintenance,92450.63,2024-04-04
ecc1f137-964d-43a6-b722-0f1c45b21519,Victor Hull,2020-09-01,Planning,41044.58,2024-11-27
b28e6d08-2076-4aa4-b279-a37e22bc7139,Meredith Cohen,2024-01-19,Quality,106274.98,2024-04-02
5909b8b6-06a2-4116-80a9-90b9d20cca7c,Adam Stephenson,2022-02-22,HR,80666.56,2025-03-14
6db207e1-a145-4680-b6ae-c411f56cf13d,Juan Perez,2024-02-25,HR,63001.89,2024-11-30
ea958038-8fdd-4b98-a826-b4ee1ec40275,Hannah Barrett,2022-06-04,Logistics,136421.46,2024-08-26
71c56158-36d8-4fd2-a2c0-dc4b6bf330da,Chelsea Brown,2020-06-13,Sales,126689.56,2024-06-01
87d68d8d-80d5-4bbe-b577-5a8fbaf5914c,Samuel Taylor,2023-09-12,Finance,125794.05,2024-09-02
fdbc86e1-3098-4ce6-b7ea-c6c304f48fcb,Valerie Bryant,2023-01-15,Quality,117673.16,2024-08-20
fc62788f-93a5-4f2c-b3cc-69a1db2dbe0b,Valerie James,2022-04-25,Stores,78186.53,2024-07-13
5adb3f61-f28a-4921-a4e3-358c55cb751b,David Andrews,2022-03-29,Stores,118348.09,2024-03-23
27f8f465-7de1-4ed6-be3f-46c7e27fed4c,Margaret Pham,2020-07-20,Logistics,58187.76,2024-06-21
a385bf8b-8d35-4b62-a5b8-c23bcd20a508,April Johnson,2021-11-21,Quality,122584.44,2024-12-27
62491dfa-9b9e-496d-9f45-e77f2235a70d,Jeffrey Livingston,2020-09-20,Production,67035.21,2024-12-16
81f2a69d-2967-46aa-a839-8778b29d91c8,Sean Nguyen,2023-01-09,Production,124651.63,2024-11-07
6d68d675-4571-422d-8215-b0eb04ce7d1b,Ruben Obrien,2021-08-03,Maintenance,130264.52,2024-07-05
e7bae598-4bd5-4ab7-87e0-7716422b87bf,Heather Moore,2020-12-15,Planning,30557.86,2025-03-09
998d384a-6a14-4f11-852a-e3e486e8be36,Mr. Wayne Sanchez,2021-02-23,Finance,102920.56,2024-12-06
eb4d0f51-3496-44fe-9225-567199bf618f,Michael Snyder,2021-11-16,Sales,130940.08,2024-09-17
c3789017-fdd1-45fa-ba05-be8672d97ddb,Michael Avila,2023-03-28,Finance,89418.78,2025-02-25
fe2cb295-260d-43c2-a3dd-122294bc4c65,Mary Walter,2024-03-12,Production,115336.54,2024-07-22
f41b9c4a-bdf1-403b-9955-a3f5a2e39409,Matthew Smith,2023-10-25,Finance,139537.74,2024-09-28
ea0b7c68-6ce7-4d47-b32d-f0407c1bd176,Michael Moore,2023-08-25,Finance,109779.21,2025-01-10
e1b0114d-c39e-4294-b180-2663420a48ec,Kyle Conley,2023-02-06,Maintenance,72265.03,2025-02-28
9832ec38-ecf7-4644-9dc2-227b8d42086d,Terry Vaughn,2023-02-01,Finance,117894.85,2024-10-21
57118018-a372-4782-8ee1-bf88545c0745,Jonathan Barnett,2020-05-02,Purchase,127221.93,2024-07-24
086f5a9f-9e58-4c88-adee-320fed509d6a,Reginald Hunt,2023-09-14,Production,61353.49,2024-11-04
53de3703-fba7-46c0-962a-fd57bf0adf2c,Christina Mayer,2020-08-17,Stores,37339.16,2024-06-22
a582cdb9-3202-4592-a7ab-dfe63b375a0b,Joshua Richards,2020-10-17,Quality,115056.1,2025-01-10
c8756a09-602f-4676-b39c-85226c91fc02,Brian Jones,2023-01-11,Finance,134362.67,2025-03-01
ca6f6cf6-43e6-4796-a962-b6f188016170,Tabitha Melton,2022-03-01,Logistics,48194.91,2024-07-12
85ef027c-befd-456d-a476-2e44b13bee86,James Ward,2023-10-25,Production,52832.54,2024-10-28
4004609e-ddd6-49be-9a1c-5d52098cd524,William Duffy,2022-02-27,Logistics,45992.7,2024-05-03
070a27ef-8cd2-4ca2-bc3d-6db663f35193,Eduardo Ross,2021-10-30,Planning,62350.96,2024-08-20
92811901-7b8f-4ba6-aee6-e59bc7fd0906,Angela Petersen,2023-07-16,Quality,146109.24,2024-12-11
cff7b925-c408-4ea2-89ed-56c8ecb9d935,Scott Newton,2023-12-14,Quality,77656.93,2024-11-29
7a885bea-80bb-4934-a1a1-0c5f2c51559b,Lori Hamilton,2020-06-28,Production,113219.38,2024-08-12
b601f27e-947f-417d-9bce-0a0f9abdbb62,Emily Frye,2020-07-01,Logistics,38860.23,2025-02-19
16bde5c2-e9c2-4ee8-a48f-dca579dbd07c,Lance Johnson,2024-01-22,Purchase,94014.43,2024-11-12
77aa4be1-d06b-4ab8-9e87-449790eb4942,Matthew Greene,2021-05-28,Stores,76468.55,2024-06-05
13c9e7f1-d8dc-411a-82d0-b00595847e48,Dwayne Robinson,2020-06-01,Sales,72810.15,2025-01-29
deb97a90-8db8-4531-9e7f-8cd7d110a490,Julie Evans,2022-08-17,Planning,32906.93,2024-12-11
53dcd463-b209-4782-99a3-d3e76446f108,Christina Stephens,2023-04-29,Finance,118979.47,2024-11-04
aca3105f-4d1f-4266-a5d2-1d793c00dd90,James Pena,2023-05-15,Production,85699.11,2024-11-19
34674bda-f12b-4951-9e9a-bcbe19949b71,Alice Riley,2023-08-09,Planning,61817.75,2024-09-24
9fddcf89-6f5c-468f-9f8b-825e9ee4b8ce,Jill Brooks,2024-01-22,Production,93739.68,2025-03-08
451d35c9-b9da-4840-adf3-198f94d2aeea,Samantha Braun,2021-06-22,HR,62966.14,2025-03-03
c8cbc163-bc29-4429-85b5-a86c0f1a3c64,Brian Soto,2021-11-29,Finance,108732.5,2024-08-14
c51009ba-5e08-49b6-a04f-eb5577196386,Jessica Morgan,2021-07-22,Quality,84577.45,2024-08-02
b07d3ae7-1bb1-4d9a-8075-96e5aceb7e84,William Bates,2020-12-25,Logistics,127926.07,2024-12-25
51eab9e3-f6fd-4f73-9fdf-3eb50be7ce84,James Morgan,2021-08-29,HR,145317.96,2024-10-20
ee4c1a28-16a1-467a-a3e8-0037897a0c48,Lynn Lopez,2023-04-17,Logistics,32170.91,2024-03-31
595a0760-0691-405b-b38a-5337ea3c25e6,Marie Martin,2022-08-19,Sales,75111.79,2024-05-02
58f775fc-e09a-42a3-9bd7-073bd25f5b72,Richard Hendrix,2022-08-20,Maintenance,117972.57,2024-11-08
9a8b3e14-5159-4436-bd88-9eb3dc43f7c2,Kyle Holmes,2021-10-11,Production,55204.59,2024-06-02
a87c0fdb-a43d-44be-ad33-60e54f9ea7de,Robert Johnson,2023-01-16,Finance,115293.86,2025-02-09
b57ea58c-d874-44c5-af68-c25cc454a8c9,Becky Alexander,2021-01-06,Purchase,54208.7,2025-01-06
0ba501c2-e073-4ad7-bb55-0ee6e4f4c32e,Anna Lane,2022-12-01,Production,139836.14,2024-11-14
020914c1-e0a4-44ec-b9ba-72ca4c1459b3,Michael Warren,2023-05-27,Production,91013.99,2024-11-23
645a4442-3aff-4c39-b712-127fcbed4b49,Wesley Bell,2022-10-16,Production,71175.3,2025-02-24
0272fdc0-4909-4026-b6d8-bca704480e52,Ms. Nicole Sanders,2023-01-29,HR,107187.7,2024-05-23
ecea0269-0b52-4323-b554-52c29175dc06,Debra Finley,2020-11-16,Maintenance,59390.19,2024-05-26
77024261-a88b-44bd-90d6-fc9f7b537d94,Mr. Ryan Hickman,2021-03-06,Stores,62971.63,2024-11-13
225a239c-66a8-414e-9114-f15fb6048bc0,Mr. Paul Ramsey II,2021-11-19,Quality,67343.16,2024-08-24
fd81fc1c-39f9-4068-b0bc-5a0a390e0d89,Tina Carpenter,2023-04-28,Production,46124.17,2024-10-31
ab41d6d1-bf7f-48f2-8ce7-133836f1f97f,Charles Gibson,2021-11-21,Quality,98032.78,2025-03-19
bba5fcbb-8b54-4cde-9b5e-70d5b7db9185,William Williams,2023-08-20,HR,33617.31,2024-07-13
caa8ab74-b6ad-47cf-82fa-fc9ffdf841a0,Laura Marshall,2021-06-11,Stores,59334.52,2024-11-14
779891ec-e47e-48a3-aef7-2b524d21b47b,Yesenia Anderson,2022-03-14,Maintenance,38015.11,2024-11-22
e0b60870-7f3f-467f-a385-1d5a1762eee0,John Harris,2020-03-23,Sales,58894.63,2024-05-24
1fcfadac-fdd6-45ff-9cb1-46ef92435223,Robert Lowe,2023-05-25,Planning,50218.78,2024-10-20
7b762c78-7b4d-495b-851c-3d1d70436169,Ryan Bryant,2020-05-15,Sales,39608.02,2025-01-24
d7054b19-1921-4877-91f9-3340d9651b9e,James Davis,2022-06-13,Maintenance,135799.88,2024-10-08
c10144b5-b7c1-4d87-9efd-9ce55af1873e,Robert Michael DDS,2020-10-30,Quality,146953.49,2024-05-25
d6fcd578-9726-42ea-94b3-c79b8b9be9a9,Ann Woods,2021-02-13,Quality,42343.22,2024-04-17
dcfc5578-007a-47a3-b5e7-33c477437719,James Woodward,2023-05-30,Sales,128687.22,2024-06-10
3111b976-1a16-44aa-9bd9-97483dc30f4a,Gabriel Allen,2024-01-29,Purchase,95615.39,2024-04-29
97446178-6f40-4a30-86e1-cc0e24f4ff9c,Drew Bradley,2022-05-10,Logistics,69756.16,2024-11-30
968c9c8f-33ed-4b96-9cbb-7743f9ca548d,Perry Martin,2020-12-31,Quality,137638.12,2024-05-12
befe6d8f-0b4a-47ac-8221-d2570639b767,Sarah Wallace,2020-09-28,Maintenance,47666.06,2024-05-29
8ee7310c-c641-4142-b10b-19699e6d2be9,Daniel Ruiz,2022-03-25,Planning,98216.09,2025-01-26
29d53d50-3ed6-4b74-9e04-8797702bf675,Jennifer Massey,2023-07-12,Planning,57704.03,2024-09-23
67405a0c-075e-47bf-8650-7de153881a61,Isabel Burns,2022-12-08,Production,88724.74,2024-10-19
bc0c719d-bd5b-49b2-b32a-aa04806fe8f5,Jeffrey Bradley,2023-10-25,Finance,38178.58,2024-12-20
e9f8116d-364d-40a8-a900-e75a62576de0,Lisa Malone,2022-01-01,Sales,77137.99,2024-10-26
d45338f9-5362-4691-8db5-06faf87e21d4,Jennifer Stanley,2020-07-27,Quality,49208.53,2024-08-29
8391a231-16cc-4ac3-a128-13a9778b54f6,Patricia Sanders,2021-12-21,Planning,39557.67,2024-09-05
c881e014-bafa-4430-a24d-076918f97c56,Cameron Nguyen,2022-01-20,Sales,78399.94,2024-03-28
50d701b0-86f9-45a5-a30a-edea0367a1c7,Michelle Montes,2023-12-20,Maintenance,82262.33,2025-03-17
df233f1a-b97c-4260-972c-6339dfe1ebdb,Michael Heath,2022-10-17,Stores,104220.12,2024-12-01
2eb4af78-6110-4c25-a772-ab4df90c867e,Ashley Anderson,2023-11-16,Maintenance,78152.88,2024-10-02
1d398d50-f25a-42f2-b385-f75ca22256e0,Tracy Ford,2021-08-04,HR,71450.11,2025-02-04
13928971-3c75-4649-b66a-36627f9c92c2,Jordan Guzman,2022-02-23,Quality,64554.3,2024-10-16
32a18e5d-1819-4341-84d1-501196110d48,Russell Rivera,2023-09-10,Purchase,87462.43,2024-10-13
01ef937c-d7a1-453f-b683-b649019a2b4b,Alexandria Murphy,2021-08-16,Planning,83995.63,2024-06-18
69f575c1-1241-471b-ac44-25f0ee88ae10,Lauren Wilson,2021-01-18,Planning,70761.26,2024-05-08
595a8974-37a7-43be-8d09-99657bd1be7a,Cody Vasquez,2022-08-29,HR,58208.6,2024-05-10
fb5281a4-1181-4981-a1ad-898ed96b86a3,Jennifer Harrison,2020-09-02,Stores,105739.64,2024-07-07
5bc9083b-0ba3-4c06-982f-141faecb1799,Christopher Young,2020-04-06,Sales,82862.24,2024-07-14
2e5e71b3-42d6-4130-a2a5-d2c51e326f79,Andrew Lane,2020-07-29,Maintenance,82638.31,2024-04-08
1153c0cd-2edf-4782-89d1-bb439bfed615,Claudia Sanders,2020-08-15,Stores,101084.06,2024-08-17
8b3a2870-62a5-4e6c-ae47-3bbb6571d7aa,Tammie Miller,2021-12-14,Purchase,138930.1,2024-04-21
ff325618-48d4-4b66-bc79-0a5e06c286a8,Lori Clark,2023-01-06,Quality,82127.65,2024-05-20
c4d99b92-e384-46d4-a58a-28d059c43523,Krystal Mercado,2021-07-26,Stores,91130.55,2025-01-06
009dc727-75ab-4697-b910-7084c03cc3b8,Elizabeth Herrera,2020-12-23,Quality,73231.59,2024-11-04
1333694e-c3ec-421a-b168-3d5363e97a3f,Cristina Morales,2023-05-17,HR,91754.18,2024-07-17
df63d29a-1e59-432f-88f8-1757d8456f7c,Diane Mendoza,2021-02-07,Planning,47893.49,2024-07-23
4ce0e965-2d13-43a7-adef-9e463b6ee31d,Jennifer Oneal,2022-02-06,Logistics,46443.05,2024-09-27
c46b7d1e-c9af-496a-b2c9-05114e73056a,Christopher Levine,2022-03-12,Stores,121054.18,2024-07-22
0c8e0ba0-faf8-4ab4-a73c-b02c8ff67d3d,Dale Hernandez,2021-11-09,Stores,58545.72,2025-03-01
37839b67-0b86-4e16-b1ba-3cbb2790f87a,Lee Smith,2020-11-01,Quality,56301.0,2024-12-11
2577ba9a-4eba-421d-9dcc-59c5d4c6c99d,Olivia Gilmore,2023-02-09,Finance,60074.22,2025-03-09
a8fda6da-f744-4a32-abb5-60cb2820e2a9,Alejandro Bell,2024-03-20,Quality,123269.61,2024-09-20
ff26c64f-ab63-4596-abec-e934cb4dc492,Anthony Chase,2021-11-06,HR,79014.96,2025-03-15
03e5c083-28c7-4daf-9292-c94672a058e2,Ian Gibson,2020-07-19,Purchase,107274.66,2025-01-04
bb17abb7-9f45-4552-bb86-7b8e256d5b38,Katherine Jackson,2023-09-24,Production,118536.26,2024-05-29
9ee589d9-d7c7-410f-90e9-a026f9f07bee,Brenda Greene,2020-12-29,Planning,55437.03,2024-08-06
8b88c2d2-57ee-4d6f-8be9-2592d3f5d28e,Ashley Bray,2024-01-17,Stores,85200.56,2024-06-12
6b24b724-3132-47fe-85bf-d20c207c0976,Sarah Williams,2020-03-22,Maintenance,88946.26,2024-05-21
2de26e3b-af41-4755-92f4-073820053bd4,Megan Burns,2021-12-27,Planning,102624.83,2024-08-24
33140bb5-b1d9-4c98-9ea4-68ffcb04e099,Audrey Green,2023-05-14,Production,136868.44,2024-05-22
850bd683-6a3e-42de-b40d-5691970da91f,Matthew Hobbs,2023-10-18,Purchase,82615.88,2024-11-13
cc52c3b4-eea2-4d61-82e1-6af5b261d336,Kevin Robertson,2020-11-20,Finance,136228.95,2024-08-23
49a45098-fe95-40f6-a095-2acfbbc9463b,Jeffrey Mcdonald,2022-06-04,Quality,80406.8,2024-05-18
caf15659-64ba-4f90-bd3b-3d901dbe3560,Mr. Ray Collier,2021-07-10,HR,75737.42,2024-06-27
a6699920-c620-4f2a-9b38-2d373ce9b5a0,Glenn Jackson,2023-09-12,Stores,54223.86,2025-03-09
210d5964-5bdc-4227-9f30-34f1638d552f,Robin Logan,2023-07-20,Finance,142265.21,2024-05-05
a8b05320-328d-462b-8174-e6b52f139ca5,Bryan Smith,2020-08-02,Stores,66099.04,2024-06-11
d197e517-cf6f-485e-b16e-fa06e678e14b,Danielle Sellers,2023-05-21,Production,119713.56,2024-12-17
6cb45c4e-6dd0-4ecf-91a4-f35165dcdb6e,Heather Hill,2021-01-01,Quality,115945.3,2024-11-13
7f60a3dc-6750-4a39-a247-ac4a51e489f8,Eric Goodwin,2021-06-01,Planning,80378.9,2024-10-27
722f04bd-3b96-4dec-bdf9-d5e3babde26f,Lisa Carney,2021-09-05,Purchase,85411.57,2024-03-30
30af6cba-971a-4aa0-9f2f-8d1ebce8c2a3,Dr. Kathryn Curtis,2022-04-02,Purchase,77799.38,2024-11-21
cc7b9c93-72dc-4761-becb-926bdd16a08d,Amanda Jefferson,2021-04-10,Production,97008.93,2024-11-02
eb4dbc83-0d00-4905-b6a3-bd03a4111c61,Gregory Davis,2023-01-26,Finance,50652.43,2024-06-04
82e1ad6c-3518-40a6-b774-35358673ab26,Michael Cameron,2023-07-25,Maintenance,61883.87,2025-02-01
7c1850ac-5a46-4bba-9b93-7f5a0ed2951f,Christie Huang,2020-12-11,Sales,35023.38,2024-06-06
a31e9ff2-2f74-4847-ab7a-1e75842b2731,Terri Cook,2024-01-01,Quality,44918.09,2024-10-07
e7569be0-0d50-48ef-b85c-358fb853b125,Kyle Brooks,2020-04-09,Purchase,37657.69,2024-08-07
3b880be1-7e84-43c3-bf95-15f65f6b4c71,Brandon Ochoa,2021-04-02,Maintenance,46356.88,2024-11-16
67ad89da-235e-4895-aa15-320f84e777a8,Eileen Knight,2021-06-13,Planning,57278.36,2024-08-02
a9a0edb0-b49b-4dea-ad07-a043ba7cbc24,Amy Schmidt,2023-12-30,Planning,85192.05,2024-05-17
9fd5d3e5-d664-487b-ab7e-734dcfcb1cee,Linda Scott,2020-05-25,HR,124970.69,2024-05-17
4af485c1-4b44-44f3-8659-8b2bfe1d2d1f,Sarah Martinez,2023-04-28,Planning,51354.26,2024-10-30
176d3190-0cb6-4fe0-9aed-a6ae91a38dbc,Savannah Ross,2020-04-18,Quality,104231.77,2025-03-21
1397805b-217e-4ac4-a34a-ebf792140643,Carly Roach,2022-01-09,Quality,74054.4,2024-08-12
5ca56a4e-f49b-4ed1-80f8-90b9857b6693,Patricia Hood,2023-04-01,Purchase,33291.86,2025-03-21
9292615b-126c-4991-9937-cfac5ddda18d,Lori Whitney,2020-10-08,Finance,127369.54,2025-01-29
0276d6cf-a38f-4653-a4aa-5aca81271e90,Felicia Herring,2021-01-13,Logistics,107180.75,2024-07-01
58cd5133-fdea-454f-982e-e21f7a289a0c,Thomas Montoya,2022-06-19,Stores,137340.86,2024-04-29
0ed7aad6-6de0-4d84-b6d8-520f359acd36,Joan Goodwin,2023-03-14,Quality,52512.47,2025-01-10
2d5628db-647d-4bb2-ad40-4f878209e78b,Luke Jacobs,2022-06-08,Maintenance,88937.48,2024-07-04
a1c2214f-4c0e-4785-ae3a-b1f5a9ead412,Patrick Davila,2023-12-09,Sales,137683.96,2024-05-05
ff2b8fcc-9afd-472b-90aa-5dbd8bc89bf2,Abigail Williams,2022-06-22,Production,103345.77,2024-12-20
e2703e76-3dee-421d-b70d-f3a051c258f1,Kevin Buck DDS,2023-01-22,Logistics,38412.04,2024-07-01
80f63dd7-6a67-4e12-8bc8-29e5af3f89a8,Michael Becker,2021-06-05,Sales,101129.01,2024-03-21
8b253810-49a2-40be-bb77-a9ac2ebea34f,Patrick Lee,2023-05-18,Production,104303.09,2025-03-15
5a48812f-18c7-4322-bac4-8cde106a540e,Alexander Ferguson,2020-03-30,Planning,113037.78,2025-02-25
500424ef-b68d-4f08-82a5-66390afe702c,Heather Nelson,2021-08-26,Finance,117338.25,2024-06-20
6b094623-84a9-4284-badf-47720069d1d3,Jennifer Becker,2024-03-01,Production,54875.03,2024-09-08
266f89ce-9a3c-4664-b308-39df771b2c29,Jasmine Wu,2021-03-16,Finance,38516.66,2024-05-18
8dd3dd22-924f-4ed4-8f91-48a7255fec6d,Cassandra Patel,2021-09-20,Quality,100032.19,2024-12-30
a739f31b-384c-400c-aa26-d51305c3b38d,Samuel Martinez,2023-10-09,Finance,74964.97,2024-05-08
8fdc6183-0926-4d37-a949-13eeefafc1eb,Maria Lee,2022-02-14,HR,30872.62,2024-10-09
f9f7dceb-cf6d-44c1-9ff8-2234882373a0,Michelle Oconnor,2020-11-07,HR,66868.69,2024-12-24
6493cf90-f230-43ca-9af9-3c54dae4847a,Maria Fields,2023-02-05,Maintenance,36053.57,2025-03-03
53ec8e05-c404-48a9-a565-1f52c465cee9,David Harris,2023-03-17,Sales,65421.34,2024-08-11
3876a991-5e21-4b02-861f-c4274da82a52,Carol Perez,2023-02-03,HR,58863.11,2024-05-10
41204f29-58d5-46c7-976b-99bed8376051,Christopher Ali,2021-03-31,Sales,34103.18,2024-06-27
75784c68-1e46-4489-9769-fd7c1c56ace4,Alexis Duran,2022-01-10,Finance,122777.04,2024-06-22
7b556c8b-4bc0-450f-a106-b5b62608843f,Michael Simmons,2021-04-23,Maintenance,138852.96,2024-07-23
9e5a0666-abad-408f-a273-92fa53f908ab,Benjamin Gomez,2023-06-05,HR,133984.6,2024-04-15
a008961f-6baa-496a-bcfd-711dcb175d5d,James Lopez MD,2020-05-27,HR,49957.45,2024-11-04
4815facf-1139-4d7a-a967-9424472a0048,Michael Carter,2023-10-19,Quality,56880.67,2024-06-13
3811c69b-9756-4fa4-98c4-8bc1ba4069cd,Nancy Ray,2023-08-12,HR,89577.83,2025-01-25
e39eba5e-730f-4443-b11e-167be153c7bd,Richard Wang,2021-09-22,Production,76197.39,2025-01-10
11f3043c-4d04-4044-ba55-a77041358be2,Kathleen Charles,2022-05-24,Planning,89647.69,2024-06-10
0c29a1a7-2eb8-4d78-b2dd-0773571ee841,Lauren Thomas,2020-11-09,Sales,81006.46,2025-03-21
f3202398-8379-49a3-b21f-4f20125e54c9,Kathleen Mendoza,2021-05-21,Finance,46407.09,2024-10-18
7b68db84-d390-4894-a816-9c7c1f7b4852,Brooke Montoya,2020-11-22,Stores,144194.62,2024-08-04
d64bcf7d-ea95-4507-8fc7-531731a444c6,Nathan Gates,2021-05-24,Purchase,83909.9,2025-03-06
adb31a20-a6fb-47fc-8fc4-0760c765e91f,Christina Mcdowell,2023-10-15,Production,68301.57,2024-12-30
415ec925-4c6a-4bab-a55b-57fbb1487611,Jaime Barry,2021-10-27,Planning,84331.25,2024-03-28
87fef834-af5f-460a-b7a5-9d6da42d8651,Cheryl Harris,2022-09-27,Quality,59673.26,2024-11-11
ee495954-f9ed-415b-bef5-507565181da8,Jonathan Shepard,2022-05-07,Finance,41368.46,2024-12-13
5dc828d3-31b2-4414-aad7-934e4a3c1c39,Ethan Cruz,2023-07-28,Maintenance,101029.47,2024-04-01
3c6e96b7-fc9f-4b7b-a2c2-577cef97b2c9,Kristine Smith,2022-01-22,Purchase,37933.23,2024-10-13
7d851c8b-4246-4cd6-9eff-40f20ae8c18d,Jacob Blevins,2023-10-23,Planning,47984.98,2024-06-27
d94dd3f4-de58-422f-82af-4c074e5f4ce9,Tim Cobb,2021-03-04,HR,93474.32,2024-04-28
3fce1807-c024-4f87-9a2b-16ee830d370a,Brian Roberts,2020-04-26,HR,43688.06,2024-03-25
31be398e-4686-4df5-8225-edf4014ada1a,Jaclyn Hays,2022-12-19,Stores,126979.24,2024-11-03
822804b7-7dbf-4d1a-9a36-0318bfbed494,Don Duffy,2021-03-10,Maintenance,40894.77,2025-02-24
0010dc40-c0bd-4f5f-bb04-e665dd667523,Stephen Bonilla,2021-08-22,Finance,55424.72,2024-06-07
fa34df33-cd57-4e80-a516-43962b54ad5c,Melissa Gentry,2021-01-15,Quality,86586.02,2025-02-27
d2b04121-46f6-4ab7-8631-6c5a2e635139,Olivia Moore,2023-08-30,Production,106000.97,2024-08-03
20ab1655-b7dc-414e-9000-9d238ac2e533,Steven Patterson,2023-02-02,Planning,77406.88,2024-07-15
8aeddc09-9804-4243-a6db-8f02c66e8ad9,Matthew Nelson,2022-02-11,Maintenance,89298.38,2025-01-17
bd6638e7-4439-4f69-9240-47745288b98c,Kristopher Tran MD,2022-12-20,Stores,134444.0,2024-12-16
2b50bdc9-d543-47c2-a21a-50830a0f3286,Makayla Myers,2023-09-13,Sales,114884.26,2024-08-01
686fd640-ae5b-4ffd-bff4-ff86e6067b55,Patricia Wong,2023-04-17,Purchase,47000.65,2025-02-21
9e31696a-f3a8-4d7e-b4aa-280cdd2d7133,Robin Curtis,2020-05-30,Stores,35375.12,2024-09-16
4c3dd4ef-1bf4-4b09-8636-cfec1822ec8a,Barbara Bryant MD,2022-08-25,Production,35359.8,2024-07-19
7d0c2fdf-d5f7-474d-93e9-15b3a7c0a225,Seth Murphy,2023-10-06,Planning,115303.82,2024-12-28
cdd4ffe6-de64-4716-9fcd-0955e2103cc3,Cynthia Thomas,2024-02-09,Sales,74860.98,2024-10-29
26bff029-226d-4c9b-8ed0-b9ed90768896,Dennis Johnson,2021-10-29,Purchase,56476.92,2025-03-04
88e3a889-d274-45b3-a7bf-422d08849ebd,Michael Cook,2021-11-05,Sales,84157.12,2024-06-09
ace0f9e3-58b6-43a1-9e95-05f6ef0323f5,Robert Brown,2022-08-07,Finance,52794.13,2024-04-28
dc0d87fe-6d02-4b77-b043-12cccb07505e,Brandy Miller,2021-08-27,Purchase,118700.25,2024-06-10
b47e3dc5-cfa1-4034-8e48-4c00eda5c05d,Christian Walters,2022-05-07,Logistics,121008.52,2024-10-08
3f2d6222-869e-4c71-995f-b39aed286856,Kathy Solis,2022-12-07,Purchase,141778.26,2024-05-28
0426ee9d-2799-483b-8ef6-e750746a5825,Karen Jordan,2023-05-09,Finance,122296.03,2024-07-03
da957865-d577-4055-a941-80e7bdb9c9d0,Courtney Jarvis,2023-11-07,Logistics,78873.17,2024-07-28
ae350fed-1687-48e2-8249-99755da8dc77,Kimberly Donovan,2021-08-06,Planning,89561.51,2024-06-04
f60f654c-9238-424b-88e4-dc037f89244a,Tyler Lynch,2020-09-07,Sales,119086.03,2024-07-08
6df16cff-e983-4275-8c01-6c7861baad53,Stephanie Villa,2023-10-15,Production,79952.42,2024-09-19
bd47a938-c9be-492b-bc3b-ad66335df413,Julie Grant,2020-07-22,Maintenance,131186.64,2024-05-22
c4501d5f-4a8f-45ec-bc3c-2493df8742ec,Brian Hess,2020-07-23,Production,31710.34,2024-09-19
86f9f06d-195b-4b23-8bef-c26255d55a63,Suzanne Diaz,2021-07-25,Logistics,101987.87,2025-01-02
a5662d8d-ad77-47d2-aa7a-af1fe0afd2f4,Robin Hill,2023-11-15,Logistics,113616.39,2024-07-01
b34772fd-c8d6-4de5-962b-46e7bcd8c6a1,Richard Moore,2021-02-23,Sales,109995.69,2025-02-19
7f9471a5-4821-4cc2-8e95-2650fe89e905,Jeffrey Dawson,2021-06-19,Logistics,72255.72,2024-12-23
ae68aee9-5de2-4ee7-b673-68500e13ae0e,Shawn Stevenson,2023-12-11,Planning,130139.2,2024-11-03
166125ce-e43d-4212-9277-41570611cda6,Jason Payne,2022-06-05,Planning,89433.88,2024-04-16
7ddb4c5e-4cef-40aa-a3c6-9022732d81d9,Eric Baker,2021-05-10,Logistics,78170.61,2024-04-20
bf38400e-bf4f-4b93-8c83-9a74871a9098,Dustin Mccarty,2020-06-04,HR,34900.61,2024-07-04
7114d564-cf71-449a-93fc-d4d59ac544c8,Christian Robinson,2021-07-19,Finance,120203.67,2024-07-01
c238aa86-51ff-40ef-9fc8-6466794906d5,Tanya Hoffman DDS,2022-11-07,Finance,86404.0,2024-07-03
1f20dcbe-71d8-4b73-9e7e-dba4da597485,Joseph Gentry,2020-08-11,Purchase,93448.34,2024-10-30
0037c7d4-f4f6-47a1-a962-92e3e955b365,Richard Barron,2021-08-18,Production,91453.13,2024-06-08
b804abe4-c6b5-488a-a617-8ffeaeedc4b4,Stephanie Tapia,2020-05-14,Stores,74926.15,2024-03-26
d15bd62f-8ea5-4f89-9fdd-c0dbebeb781c,Elijah Reyes,2021-10-20,Quality,139512.14,2024-08-03
94e18305-d526-4d35-8e79-e238ab902d0a,Nancy Gilmore,2022-04-07,Finance,107245.76,2024-11-02
34c830c4-5172-40fc-8c4a-ce0c59a7b90a,Robert Gonzalez,2020-11-24,Planning,62420.32,2024-10-21
790ccb7a-b6fe-42a2-84a4-8adc58fdf9c8,Tanner Mays,2021-11-03,Stores,79128.46,2025-02-04
464a82f8-d6d3-47c6-875f-4df7959e6a9c,Christine Smith,2021-09-25,Planning,143580.53,2025-02-10
0a03d7b5-555c-4256-9b9e-15ec7252b39c,James Lee,2022-11-28,Finance,146782.26,2025-03-20
1b568685-4121-4445-b0ec-6ca2c3dc9992,Tina Thomas,2023-02-25,HR,70685.45,2024-09-07
03540adb-fbb0-46d1-86e1-597369a80707,Jorge Maldonado,2020-05-17,Purchase,77397.25,2025-03-06
56234775-e536-4cef-9953-ce6b5f7cdd7d,Michael Nicholson,2024-03-02,Planning,61901.47,2024-12-23
b28b4402-5837-45b0-8e66-515a1180dd63,Alison Holt,2023-06-03,HR,31145.92,2024-10-24
30c557fa-34cb-40f9-bb90-442d6bcc6d33,Benjamin Stephens,2022-05-08,Quality,97724.28,2024-06-23
7ef925cb-6ecb-46c2-87cc-07b7a54a8991,Kelly Parsons,2022-11-13,Purchase,125475.3,2025-03-07
e1f91466-4605-4a0a-9cea-44faf7b6346e,Nicholas Woods,2020-04-07,Finance,73288.55,2024-04-18
0f2180b9-ce1b-4e30-8bbe-af3dee054a79,William Evans,2021-05-23,Sales,132214.82,2024-07-14
9a5a6a70-4cd0-4e15-8a56-901f90c251e9,Douglas Hayes,2022-07-20,Planning,101979.36,2024-05-12
36bc6b38-e922-4f06-b31e-b7e8f8caa82e,Mary Henderson,2022-09-23,Stores,82230.77,2024-09-16
3a5626a0-fb99-4e38-9a13-2e331f89bfc7,Brenda Ramos,2021-12-22,Sales,49495.26,2024-07-23
2443ddb9-01d2-4053-a820-b06e2c67bbb3,Erika Miller,2024-01-31,HR,139261.25,2024-08-11
c655d689-42f9-4240-99a2-15b7792a876a,Douglas Carter,2021-04-11,Maintenance,107399.41,2025-02-19
430acb9d-414d-402d-9857-8f4ffb650faf,Pamela Juarez,2023-05-11,Quality,148157.35,2024-04-27
93e48d48-8f3a-4a33-b6ea-7dc45e4225be,Ralph Price,2020-05-24,Stores,98102.96,2024-09-30
fa7b08da-65f2-4366-8011-cf42da394468,Chad Hill,2023-11-26,Finance,113938.44,2024-10-18
95c88f45-7be4-4797-b6e8-83e859ff4b8f,Jennifer Holmes,2023-06-09,Sales,113189.44,2024-12-10
61a8d6d8-00ea-4d30-8341-d76bc3043fc7,Allison Watson,2023-01-12,Purchase,60039.74,2024-08-08
3a36c2fb-98a0-4eb2-9b13-1654fbdac918,Tanner Santana,2021-02-27,HR,37997.79,2025-01-29
bd312d6d-b6ec-4eb4-b70e-1b9a76e45cc3,Rodney Edwards,2022-12-06,Sales,41603.54,2024-11-20
084d4bd9-8dc5-4c6f-8124-5a31baf48ad4,Michael Fox,2022-02-13,Stores,113213.23,2024-11-15
12783cd9-4d5b-456f-93f3-274a6fd6530f,Seth Brooks,2021-06-04,Production,143864.86,2024-10-20
46f90a0b-d00b-4208-af67-330d1895cfad,Michelle Lynch,2022-06-07,Purchase,119155.89,2024-11-07
6b5b2a8a-6cec-42bc-aa0a-8ae80147a808,Colleen Smith,2023-02-25,Finance,97670.09,2024-08-15
0d2cdaab-7aa2-41bb-aa81-ffd8046730df,Victoria Summers DDS,2023-04-18,Purchase,57882.81,2025-01-01
773281ef-86cc-4e74-ae3c-8bf66774db40,Jill Morrison,2022-05-20,Purchase,39341.42,2024-06-07
3ae0c4a7-fd35-4294-bcd3-454ff6db1c80,Tiffany Williams,2020-05-10,HR,79129.34,2024-12-14
a2cbfcd6-b020-43f4-b17a-782a1adf8b3a,Norman Ford,2023-05-16,Finance,125935.25,2024-07-25
8e6b1287-79a3-4997-b957-d3a2aa4de05e,Kathryn Carpenter,2021-07-15,Quality,131974.89,2024-07-31
6d328056-9e4c-4681-910a-78521d0399aa,Christopher Thompson,2024-02-20,Production,61042.83,2024-07-06
7d15d865-362d-4ae1-af2d-f0ef9b27ae2e,Leroy Francis,2023-03-29,Sales,88594.4,2024-04-30
1c2c48ec-cbc3-400e-be28-524eeae019c7,Sherri Rocha,2020-03-21,Purchase,134246.42,2024-07-29
7d2e1f36-c2e8-4148-b302-b7b0fe57c4f8,Aaron Peterson,2020-05-01,Quality,140259.83,2024-11-26
5f891eef-3b6d-47f8-a3ed-b39ff17948d7,Steven Bailey,2022-07-11,Production,92247.34,2024-05-01
38442add-c51e-407c-b2b6-e4278867ea52,Thomas Jackson,2020-04-04,Logistics,46457.25,2025-01-19
bdc191fd-9d9e-4edd-8fee-e726799cdf21,Eric Sharp,2021-08-12,HR,50484.9,2024-06-03
f7198732-a41f-405e-aea8-cf11bdf59752,Tiffany Robinson,2020-12-21,Maintenance,60669.89,2024-06-26
79fb299c-1ba0-46bb-9158-9f1ad85f0b76,Deborah Mclaughlin,2024-02-13,Finance,35812.29,2024-08-09
05882717-beff-4493-ba34-62a1ea478630,Katelyn Davis,2021-01-26,Quality,89670.03,2025-03-08
056695e2-935f-4262-bbf4-d5705abe1ee5,Todd Hudson,2023-12-31,Maintenance,141831.49,2024-09-22
2c182ecf-87c9-4066-8953-04737fb9e3e1,Michele Sullivan,2023-07-03,Logistics,145410.78,2024-12-29
51f7fae9-5d89-4282-b7a8-cb4818f5e281,Jessica Phillips,2022-05-23,Maintenance,88637.41,2024-06-30
cdc75b77-50c1-4113-b313-d67f0d971786,Chad Ruiz,2022-10-05,Stores,84688.58,2024-12-15
8bbc5273-7b8f-438d-bd21-e73c8cda0240,Isabella Smith,2023-10-19,Maintenance,119503.25,2024-05-07
69af87b1-300d-4150-81c8-7075ba39d7fb,Kristina Davis,2021-12-06,Maintenance,125154.32,2024-04-26
4428a495-6150-4349-8d25-20d805a604c8,Renee Garcia,2020-05-03,Finance,42126.7,2024-12-12
38ef7005-2844-472a-bfb3-8ec2e3ee4146,Marisa Watson,2022-04-03,Finance,65991.24,2024-05-21
f27207a5-92ec-467c-91a3-bdbcc97a0abe,Jeffrey Thomas,2022-07-05,Purchase,119697.64,2024-04-27
db9ffa9b-c81f-4d48-a2d4-6332ea64a0cc,Brenda Clark,2022-07-11,Stores,59708.88,2024-09-29
641df888-37ba-440f-8bfd-2b37538c9bc4,Willie Wade,2024-03-18,Finance,129198.1,2024-06-04
bcb7bbab-5897-4cc2-b0b3-b8f46d6786c6,Victoria Garcia,2020-07-13,Purchase,49737.93,2024-12-15
4dfa261c-921c-422c-8761-f175fd36086f,Stephen Hall,2021-06-19,HR,119674.04,2025-01-04
b32b6d04-0102-4275-91cf-3775c9feeeba,Charles Tucker,2023-11-14,HR,76733.96,2024-06-11
907bfd52-fc76-446d-bad4-cf3797a97a58,Ruben Sanchez,2023-11-05,Purchase,135049.09,2024-08-29
2ce67856-af11-4c9c-a97d-f120a835496d,Ms. Angelica Montoya,2021-06-25,Production,70338.42,2024-04-05
4a642b4d-12ba-4167-a15d-74d5e340a5cd,Evelyn Montgomery,2022-07-09,Quality,96166.37,2025-01-27
3c82dcd1-d06d-4e7b-a32a-6cd7b4b8ef7a,David Patterson,2022-11-03,Maintenance,61043.4,2025-03-06
b8a845d6-ddfb-44bd-aef7-f2fd5c26a04c,Paul Cameron,2023-08-10,Purchase,114967.67,2024-07-01
42333f3b-a94a-4c06-8d46-02714b6ec695,Sarah Jones,2022-08-13,Quality,33994.96,2024-06-28
f8d89d74-9328-413f-a289-f6f82cc742c7,Maureen Jones,2022-10-22,Maintenance,31316.44,2024-04-05
0c21e41c-bafe-470e-aae7-64ec661edf81,Gabrielle Thomas,2021-08-07,Planning,65308.88,2024-08-16
be285dc7-758e-440d-9db8-068a376e175a,Amber Brown,2021-07-29,Stores,66919.88,2024-08-16
a41b5880-86b8-409a-8324-5e81160abec6,William Evans,2020-05-22,Logistics,74446.97,2024-07-17
9143f442-8431-4ee3-9c68-2a4959c18dae,James Pitts,2023-05-06,Finance,87890.52,2024-12-16
722e9cf8-54cf-4ca7-b94c-e98af5fd4de7,Dr. Justin Austin,2023-12-08,Production,95963.97,2024-07-20
ff518e27-7ddb-4906-a03c-9deaff52a58c,George Rhodes MD,2023-02-08,HR,83184.33,2025-03-10
f1336394-28ad-4bcf-b3ba-dd9b27bc260a,Cassandra Snyder,2021-02-22,Production,119109.87,2025-03-05
c3cdde3c-1ae2-41b2-8ded-25a0a48d506d,Justin Williams,2023-10-07,Logistics,84536.35,2024-12-29
2cf02496-1613-4bcd-8cab-b055404a26cd,Kim Moore,2021-05-04,Stores,68016.86,2024-08-23
791c5b19-b3bc-4d3a-8f34-4420440045d5,Nathan Johnson,2020-12-14,Logistics,87906.52,2024-12-13
d6f9511d-8804-4066-be80-21a07f05f507,Joel Guzman,2023-12-14,Finance,138413.72,2024-09-14
c87627cf-e9be-4399-8b92-664600a0b2b4,Sheryl Donaldson,2021-09-11,Purchase,78159.03,2024-06-16
e531783c-20da-4264-ac93-8fb471f2aac7,Melissa Michael,2023-10-22,Quality,80221.91,2024-11-15
be5f0691-22b4-4b19-8397-9c4163dd0ae7,Christian Black,2022-09-10,Quality,105248.41,2024-06-17
d72bff9e-1be8-43bd-a4f6-c304c6a511e3,Michael Murphy,2020-12-08,Logistics,126597.89,2024-09-13
71293140-e928-4500-89dc-8521d13791df,Brian Cochran,2022-09-09,Planning,107407.29,2024-05-22
4ec34f9a-9f12-4980-b077-26b057018c61,David Ramirez,2022-04-06,Quality,94712.01,2024-07-12
8fc283ca-7efb-45a3-a44a-58456c373182,Michael Richardson,2022-02-28,HR,76654.93,2024-11-29
df2693ac-1094-48dc-9e6d-f837e71a4871,Thomas King,2022-12-04,HR,71065.49,2025-02-27
cd235a26-c2d8-487a-9d91-dc7008bbef58,Eric Foster,2022-07-29,Maintenance,117464.24,2024-04-06
c6a36b3a-e1d9-4d40-a382-01d22604336c,Katherine Nelson,2021-11-24,Finance,49917.89,2025-01-02
d887e5cb-8e32-40c7-83f9-7e47d80b161b,Brandon Little,2024-01-24,Stores,47804.0,2024-05-03
272100b7-d526-4409-ad32-f30d9ee1bc8c,Michael Townsend,2023-04-30,HR,94614.7,2024-05-18
01f1986c-cc8c-404f-a6d6-1b1a50d762d9,Tonya Wright,2023-03-12,Production,137469.55,2024-11-26
fae0689d-c5fd-41d0-8975-3fe511fe126e,Heather Thompson,2021-11-12,Quality,142549.18,2024-07-01
33a0c4b3-c038-4200-895f-eec2eec6aefa,Debbie Chen,2022-09-25,Quality,46321.74,2024-12-03
2f6a06e8-f704-436d-9b4c-fb1591e8f3af,Jim Bell,2021-01-31,Stores,73490.54,2025-01-12
5e6e8aca-89b7-478b-8167-51f61d3dabf2,Danielle Randall,2022-12-10,Planning,126038.15,2025-01-13
54f2e7e9-c5b6-497a-a2d5-26b26236927b,Christopher Hamilton,2021-09-12,Finance,107977.95,2025-03-04
aee581e7-1d50-477b-85f0-504b9d629cb2,Mary Wilson,2021-04-01,Logistics,73341.59,2025-02-21
8013866c-98e1-46d3-936f-9e8e773670db,Russell Ochoa,2020-09-03,Maintenance,36034.29,2024-05-05
b3b13e66-55dd-4d43-a454-295598641220,Nicholas Brown,2020-06-03,Production,51380.62,2024-11-30
140f0024-e7fa-4d3d-a86c-57281bc275bc,Pamela Murray,2020-06-11,Sales,75403.86,2024-12-13
2e7a6011-d259-4a87-b11b-79ccd333f740,Michelle Sanchez,2022-10-25,HR,129978.32,2025-02-12
aa7c318a-5933-4568-b00a-886029b37691,Bradley Powell,2021-10-11,Stores,83425.98,2025-01-30
71f04568-66cb-42db-9bca-819e3fa39e93,David Barrett,2022-11-27,Sales,84045.71,2024-11-20
3cfdec73-6b88-4b30-a47b-922000d5460a,Lisa Martinez,2022-05-31,Purchase,91396.73,2024-05-01
2190043e-f30d-411c-b25f-8ea1a699162a,Brian Perkins,2021-07-07,Sales,126052.06,2024-06-22
ce1e34eb-bbfe-4e8a-969d-84f0cb561c64,Jason Mcintosh,2022-08-18,Purchase,80578.48,2024-03-24
edece2d3-a791-4384-8ab8-78fc31335cc2,Kimberly Jennings,2020-05-22,Maintenance,111648.08,2024-10-16
7957ef8a-3642-49bb-a687-839e452340cf,Norman Baxter,2023-11-28,Maintenance,138489.36,2024-08-01
aad7e7bc-18f7-4241-bcba-95dcff919ca2,Jessica Watts,2023-01-07,Production,108179.03,2024-11-19
ea09155b-8c79-46b8-9cf3-d439673bb449,Daniel Rodriguez,2023-08-26,Production,125771.49,2024-08-01
5c18c158-42c2-42ab-9c44-11842be78fdc,William Schultz,2023-07-17,Maintenance,141973.15,2024-05-06
590da6cd-973f-4e15-9c10-f253076c82a2,Mary Edwards,2023-12-26,Logistics,149935.21,2025-03-02
797bc9a6-5a51-4d78-b8cf-b4099879eda4,Hector Howell,2021-07-30,Finance,51881.07,2024-07-02
4e768259-a32e-49db-8578-ff917ca8854d,Tracy Lyons,2022-10-24,Stores,147286.82,2024-07-13
f3c6f9ec-069a-491c-8fe0-3bb5554d736d,Steven Norton,2023-12-03,Maintenance,86071.95,2024-07-09
b0582b77-a69a-429e-ac8b-365c659d6e9c,Crystal Huff,2022-03-20,HR,50143.73,2025-03-21
1bb6247b-c571-4668-944b-3160da5384a0,Candice Stewart,2023-01-06,Stores,89406.63,2024-06-09
8204429c-bf0c-443f-a705-24d264e17b44,Megan Cardenas,2023-12-18,Quality,63874.73,2024-09-28
bfb05a05-1870-4f64-a8e4-f4525bc3aa05,Danielle Rivera,2022-08-10,Logistics,128375.91,2025-01-05
33850878-efc8-484d-bc45-8c2910d42de5,Steven Diaz,2023-09-20,Logistics,142967.38,2024-05-16
1aad14fe-974a-4e35-8a59-235c2fc8830f,Debbie Smith,2020-08-20,Stores,72600.5,2024-06-18
04402316-3ac9-4ec8-876a-471c4a881889,Sarah Phillips,2022-12-14,Maintenance,62254.99,2025-03-09
3b124a13-9eb1-4ae4-ab92-7eacca3c2ffe,Phillip Cook,2023-01-17,Logistics,105037.93,2024-07-05
5da61b31-1f77-420f-9042-bb4433791cde,Melanie White,2020-12-19,Stores,97586.28,2024-10-23
456767d3-f467-4c52-9d99-9024b7ee335c,Michael Jensen,2021-01-23,Logistics,146233.03,2024-04-28
14337f6b-52bd-482c-9dfb-4bd9373e2969,Tina Cummings,2021-01-15,Logistics,76076.41,2024-05-13
a9430eb2-6355-4ef7-8a4d-b15230ba2e9b,Michael Crosby,2022-08-16,Finance,111857.09,2024-12-28
70263950-1530-4bad-a97f-2d3344f44f7d,James Hawkins,2021-12-21,Planning,106604.59,2024-09-04
c7b5bb1f-47a7-4f23-99a5-e94e64f59194,Heather Williams,2022-02-10,Production,122401.63,2025-02-12
6072d153-e175-41a9-a003-4621b2d859b7,Robert Cain,2020-10-18,HR,70448.84,2024-08-17
a57c0694-458f-4c32-a759-24fca8b8b8c1,Matthew Pitts,2021-02-21,Logistics,92170.74,2024-07-29
151f58d6-7859-4d9a-be5b-0fd5c2248277,Douglas Lopez,2020-05-06,Purchase,69398.1,2024-08-01
b01ed988-ed07-4df3-afe7-e9eeb19e6a79,Jonathan Chavez,2020-09-06,Maintenance,74083.0,2024-03-28
907b7a57-88af-4f91-87d9-6eacbdb52820,Nancy Jones,2021-03-06,Sales,82343.69,2024-08-05
76dacaf9-6cf2-4aa1-88c7-58c472814587,Mathew Madden,2024-01-19,HR,145157.64,2024-07-27
f473e729-1cb5-4e12-81e4-a0282147d2f3,Ricky Montgomery,2021-09-22,Logistics,40444.73,2025-01-08
fe2d62c4-2502-43cd-916a-f5633222c6f7,April Sanchez,2023-12-07,Stores,58537.03,2024-05-05
29a321b4-56c3-4e7c-8e55-bd8fcee21963,Scott Vazquez,2020-07-28,Stores,90664.86,2024-08-05
0fc4a6ad-b64b-40a6-a75c-fb5d13192e64,Travis Cummings,2021-07-08,Sales,49368.88,2024-04-27
92f748c8-213b-4f74-9aa9-bf81a3b31a89,Chris Hall,2020-04-12,HR,114694.3,2024-03-22
0bc8caea-06a8-456e-8427-5d6ff37375ec,Jonathan Delgado,2020-07-10,Finance,67525.22,2024-09-22
10286d96-fdd5-4107-9395-57b2c2cb6710,Jacqueline Walters,2020-08-06,Logistics,60079.82,2024-04-25
e366db20-df35-48dc-b04f-410105d817ee,Tim Rogers,2021-10-01,Production,57701.56,2024-10-22
2ab1d24a-85ce-4bb1-a9c1-7d925cb894f4,James Bennett,2023-08-27,Quality,115319.22,2024-09-10
531c0138-c11c-43b5-a67c-ca1a627e08e8,Jesse Hopkins,2020-05-11,Sales,135743.43,2024-11-06
39d2a44b-0589-45e2-8d72-87906cdbaa46,Scott Foster,2022-03-11,Quality,45363.07,2024-07-06
a9c2be0f-3f19-40af-a144-5fb04731fc32,Emily Pierce,2023-04-06,Stores,111818.28,2025-02-09
ee2d9bdf-d0b6-4e54-aad6-e63c36b1e8b9,Randy Lopez,2022-01-19,Logistics,81824.28,2024-10-12
042baf99-93a0-4cb4-95db-04d66bedf4a5,Debra Stephens,2021-03-09,Planning,59083.97,2024-10-25
348f85b6-944a-4dab-9b39-d40e9e8c1153,Shawn Howard,2020-11-02,Maintenance,44039.23,2024-07-03
bd5d8ec5-4c88-4acd-8260-4ef5c269a5f5,Robert Graham,2021-10-16,Production,90521.99,2024-07-24
eb583d5c-66d0-4305-bd07-95ceb61e38cb,Adam Singh,2023-03-28,Finance,64833.98,2025-02-04
20a53e40-1a5a-4893-acf0-6441f1cc9fa8,Andrew Garcia,2020-06-21,Finance,43702.34,2025-03-14
9e56cf4a-b544-4f42-ac03-2d67103919f3,Savannah Andersen,2020-10-12,Logistics,83361.36,2024-04-02
98e89a9b-0e63-4082-9834-7c2445210489,Kelly Townsend,2022-03-18,Finance,83082.59,2024-08-25
5d402712-dd36-426b-9ea6-da9a9c2b4fd7,Jeffrey Rangel,2024-03-20,Planning,134493.17,2025-03-15
3a2755f6-7304-4254-a0f3-19ac4d0c74c4,Michael Simpson,2023-11-07,Planning,143299.7,2024-07-01
3995dda6-c573-47af-bf8e-12aba4530341,Kyle Lopez,2023-12-22,Planning,42965.11,2024-08-19
758a2368-fd31-4a07-9488-9a71877f1cee,Jonathan Martin,2023-07-26,HR,147817.16,2024-09-21
1af4eab9-b474-423b-8ac2-5b895f188ba5,Michael Mckenzie,2022-05-01,Sales,68512.02,2024-10-13
393f9fb7-4ec0-4369-a1c7-2624ecb14de1,James Benjamin,2021-02-19,Planning,94223.06,2024-08-02
4ad52b80-c3c2-48d6-a22f-9da47d6a037c,Brenda Collins,2023-05-22,Finance,113774.01,2024-05-01
9a718ea9-4725-4436-be70-6c29231d0d9c,Destiny Powell,2021-06-13,Finance,84574.93,2024-12-07
5fe43188-417c-4896-beaf-bbc4306db70c,David Morales,2024-01-20,Production,84788.17,2024-10-05
fef20462-29be-4f37-8b85-bf94f78d1b79,Mary Foster,2021-10-09,Finance,39203.29,2024-11-17
5891b7e2-0a7b-4ba9-bb13-f5a02463b77c,Hannah Wells,2021-07-15,Production,61757.84,2024-09-14
6b21d40d-baee-4d32-82ff-018776af0246,Charles Roberts,2023-08-16,Purchase,39417.68,2025-01-04
6d9e0df6-3f08-44b9-a85d-a6297729eb32,Jennifer Lee,2022-10-19,Quality,121926.74,2024-11-22
2dd75187-c9f1-47c1-95f4-2c1f14602f24,Matthew Dunn,2022-05-15,Purchase,41036.54,2024-12-20
17198e14-9581-4094-ae9e-e0076a12d95e,Jenna Hess,2020-05-22,Sales,83477.06,2024-10-07
d60fe858-5f4d-4ea6-adc4-e93a1e79e338,Carol Gibson,2020-10-21,Stores,56578.77,2024-07-02
70c2f08c-1997-49c2-ab77-11fe881b538e,Julia Merritt,2021-03-01,Production,52079.16,2024-10-08
9ea460cf-227b-4974-a9da-2a69b8ff2f16,Scott Washington,2020-11-16,Sales,92845.15,2024-03-25
be0abd2b-6495-47a0-8d4f-6cc1543a75ae,Adriana Reynolds,2020-07-29,Sales,84157.22,2024-06-01
3e6362b4-7f2a-4a8a-a534-8b622ae9ae53,Hannah Miller,2023-09-07,HR,42762.91,2025-01-03
a4bc108d-cc38-4520-ac41-569751d0b630,Ronald Lopez,2022-04-05,Logistics,30597.94,2024-04-22
