MaintenanceID,MachineID,MaintenanceDate,MaintenanceType,MaintenanceCost
90fe7a39-4362-45be-b847-8c175d0300f0,MC446,2024-05-07,Corrective,1746.11
742edd0d-6634-4810-a6b0-ae9345f0ebcf,MC222,2024-07-09,Preventive,1271.88
533d1980-64d7-405d-b4a2-bb75b05b4127,MC563,2024-11-12,Preventive,4866.47
6f600da4-f580-47b6-8ac2-8abd6f808c7b,MC546,2024-06-09,Preventive,4912.82
beefccbb-904e-406a-9fe3-0807f24e9849,MC404,2024-08-03,Corrective,2128.16
8a6b2167-4a77-41ad-a2a1-a6033485b697,MC917,2024-12-15,Preventive,4408.02
fb796602-795d-4dd3-9774-18552ac1e82c,MC336,2024-04-12,Preventive,2887.71
1e7e91ab-9025-4021-b340-35c67e5d22d3,MC479,2024-12-18,Corrective,4968.12
24d88e40-4329-4c38-a4e7-5b1979c40f65,MC465,2024-11-29,Preventive,3773.27
e5478afd-b80a-45bb-b58c-7091a6237496,MC259,2024-11-19,Preventive,4060.63
6f441dad-a9f3-410d-87b2-5803fafb9c4a,MC811,2024-07-16,Preventive,943.34
461b390d-fc99-456f-9742-41e59b3de1f9,MC627,2024-12-15,Corrective,4373.78
aa58f096-59bc-4f9c-a246-693b1e48663c,MC317,2024-09-07,Preventive,4518.35
a887dbf1-e1d9-4a14-82d2-18440ae98bfc,MC973,2024-06-18,Preventive,2526.22
26a63064-d84d-4ec3-b5d2-618e85435c9e,MC316,2024-11-19,Corrective,2652.97
73bdaa34-2b4b-4231-84ca-c5aeff0e93d5,MC473,2024-11-25,Preventive,4469.55
18ebddb3-7c0a-432b-8d6c-1e7b7e6db251,MC178,2025-03-05,Corrective,1018.37
5be3d62d-3d22-4812-b36b-2fc94710a7cc,MC482,2025-03-20,Preventive,4871.73
dbd57c23-f984-4753-9742-b21076429d4c,MC455,2025-01-12,Corrective,2677.2
0c3f5032-ae2f-4eb4-a029-ff90ef6f7e40,MC373,2025-03-05,Preventive,3451.22
5701d29c-65b8-45a9-b0b2-a64ea89c791d,MC560,2025-02-28,Corrective,2479.66
ff6d2231-99a2-4692-ab8a-75a4261aef93,MC861,2025-03-17,Corrective,3784.27
59269474-84c6-4180-8c53-9828b32f0220,MC240,2024-12-13,Corrective,3959.64
ecdcce12-2111-4d04-a579-f36a2f005c30,MC467,2024-12-06,Preventive,1994.09
15adc918-53f3-475c-9af7-e04a29c18d5c,MC304,2024-08-02,Corrective,1804.71
b3836ed6-3d0d-425b-addf-73da6b2d379c,MC430,2024-06-04,Preventive,2059.11
e3a58d67-f48b-40cc-ab6b-f7cd5cb4d255,MC821,2024-05-29,Preventive,1696.86
fe728881-11f2-48dc-81df-ad332522b2da,MC212,2025-02-14,Corrective,601.11
77798d74-709c-46a4-bc6f-6c2544c50e33,MC338,2025-03-06,Preventive,749.29
2ccbed28-4e9b-431f-b305-0415029daf2e,MC439,2024-11-03,Preventive,2669.9
9b1c71fe-3210-4584-a820-39708ab575a0,MC617,2024-11-14,Corrective,3429.76
fea481a7-861d-43ce-b1c8-34cb2d7484e1,MC170,2024-09-24,Preventive,1036.54
cfddf466-e93d-408b-80ab-94bae10db64c,MC613,2025-01-29,Preventive,533.51
8eeaf2b3-3a1a-4f17-92c4-230d77a56cb0,MC842,2025-03-07,Corrective,4060.79
040e032e-e04c-4449-9711-4c0e6a136fc7,MC287,2024-03-24,Corrective,352.42
0047e7da-545b-473f-9359-2d34c590ee3c,MC397,2025-01-02,Corrective,3770.78
3aa91cf0-da27-49d6-a6b2-6d90802e677d,MC690,2025-03-07,Corrective,4617.86
dc4dc056-2c1a-4d05-b4bc-177e863d0565,MC171,2024-10-23,Corrective,2856.13
c8206cc8-acc6-4d64-a43e-b7dac64dc455,MC764,2024-11-15,Preventive,4136.0
61365b5a-f219-4a70-8d2f-d7be6fc23267,MC126,2024-10-09,Preventive,3943.08
44f10b7d-0edd-41b1-90ab-ff4dcf740b21,MC447,2024-08-16,Corrective,2830.01
06cee1f7-7e8c-4136-a539-1f5ee24c26a2,MC486,2025-02-08,Preventive,1104.05
9fb68103-2d11-418d-8b39-4d2a0515765b,MC334,2024-11-15,Preventive,1283.96
d00868ce-28a4-4390-b439-eeed9d399ece,MC147,2024-04-06,Corrective,3903.57
9995ff14-65d5-475e-9fb8-cf72c87e57a7,MC821,2025-01-02,Preventive,1948.83
fdbdc6c8-7795-4328-b898-831490feda07,MC921,2024-09-04,Preventive,218.27
62f63396-ef11-4ca3-b7b6-806a6f48e5b1,MC700,2024-07-28,Preventive,2772.3
8c2ada76-64e5-4a90-913b-b85e2e1259f5,MC855,2024-09-04,Corrective,3142.42
7f7b83fa-407f-4ffa-aede-b0ce91ddbc87,MC215,2024-11-15,Preventive,2204.48
9d1ccee3-000a-44d4-ad5d-1c669ad848f8,MC701,2025-02-11,Preventive,4803.89
23d2425f-ccae-44cd-b4bc-2cf4e40a0a9d,MC672,2024-12-21,Corrective,2641.06
99900c5f-0380-4f50-8f33-b0a24b663372,MC553,2025-03-09,Preventive,4698.88
f994e1bc-8d5d-436a-91e5-419aeb0360b8,MC187,2024-11-04,Corrective,1643.15
bed6a66f-71ad-4fad-a008-6fed4d97fc11,MC184,2025-01-14,Corrective,2056.17
4e38a3c2-34c8-47aa-9598-c78bb6d8fc91,MC805,2025-01-20,Preventive,2393.97
d8b49a78-40f8-43b3-a3a2-39c379115689,MC173,2025-03-01,Preventive,1984.97
44a38814-149d-4038-9eec-579d369d77a4,MC997,2024-11-30,Preventive,1190.43
7e072b5a-9d00-403c-8bd2-5312b9f6f762,MC727,2024-10-10,Corrective,4043.23
35bf2ac0-b4b6-4b6a-9678-5a378f8407b9,MC998,2024-10-07,Corrective,2194.78
8dcb30f7-59f3-4724-b70f-ed630078cfba,MC493,2024-06-27,Preventive,505.9
5e612d53-560b-4092-9bd4-a10eefdc8e1f,MC524,2025-01-16,Preventive,1127.26
b5cd6a9e-ab43-42e0-bd5a-cf3eacc9a6a3,MC949,2024-07-03,Corrective,106.72
6f035dfd-ab1a-427f-a5f4-33a3e16d9453,MC918,2025-01-03,Corrective,2166.0
d5a7cc2f-7745-4fc7-a692-350d3b297b94,MC281,2025-01-20,Corrective,4770.49
950c9bbc-8414-42c5-8315-3f02c6768ea4,MC651,2024-06-05,Corrective,2736.26
964bfaf2-bd55-4d46-987d-e8320616c2e2,MC479,2025-01-02,Corrective,2321.89
9d851a28-09fd-4a84-b5bd-a7e12fb3e873,MC271,2024-05-22,Preventive,3893.91
5ae6f33a-bff0-4755-8a69-387d63da00b2,MC550,2024-10-20,Preventive,1734.4
bb5a8c06-f70c-430e-96b1-4d3be10725f2,MC564,2024-07-12,Corrective,391.68
cad2f4c1-e8af-4b54-9df9-8b3b6dc2e158,MC366,2024-08-11,Preventive,2759.85
85fcf0c6-d398-45af-b463-bb5519b40f48,MC204,2024-06-29,Preventive,4025.71
d1d8aec4-651f-43ec-9f13-cc8a8241b890,MC293,2025-02-27,Preventive,2376.62
c7f7fa46-9800-4aa4-877a-da92c3adcb28,MC154,2024-07-25,Corrective,4764.88
2cedd23c-fc8a-451c-8b64-f16e80f11fd1,MC406,2025-01-08,Preventive,4291.75
99d248c9-9fab-4ae7-a39e-a35e9a99279b,MC460,2024-07-10,Preventive,4157.67
f5634066-f017-4020-bdc2-fd2932d1cbe3,MC413,2025-02-09,Corrective,4689.01
9b5d0487-07d3-4964-bb74-47b4aedfb91b,MC417,2025-02-12,Preventive,124.64
1594f414-1da6-4871-a365-ab374a1aa629,MC888,2025-02-15,Corrective,1226.1
fa2cac5e-370a-48dc-98d8-39bf76ee21c7,MC240,2024-06-20,Corrective,2694.16
40df8865-8619-4dfc-96a7-517bd516790d,MC609,2024-07-15,Preventive,1241.24
437143a6-293e-43d3-b9b2-5457cc969509,MC360,2024-07-03,Corrective,1131.45
b2c1d054-ce1f-4886-b160-6e2bcfadb494,MC489,2024-04-16,Preventive,2187.29
5ca3bbc3-65c5-401e-b432-c4f7c4ccf872,MC470,2024-05-15,Preventive,3782.81
b2d0e872-a3d0-4689-a9b4-6fd8be02beef,MC470,2024-12-12,Preventive,1293.6
b5dd0a8f-ae6c-49e6-9ddc-dc50c60353de,MC958,2024-05-24,Corrective,764.07
9511b874-897e-4105-b520-df16acbba034,MC763,2024-05-10,Preventive,3993.89
3790e66f-f420-48c2-b441-b27dd5505b7f,MC924,2024-08-19,Corrective,1820.39
82b948ad-1525-4246-93fc-eaf93243448b,MC341,2024-08-07,Preventive,4458.46
12e90557-ca45-4c8a-85a1-c96b9067bd09,MC906,2024-06-09,Corrective,2182.48
eaee3d4c-0e4e-41ff-aca7-382e2060712f,MC391,2025-03-11,Preventive,1170.55
0e2ce5ab-8323-4bbd-938e-05b8dc59cf2b,MC149,2024-12-22,Preventive,2138.68
0b067afc-45ad-4bb0-9291-9e730958141d,MC577,2024-04-07,Corrective,3219.08
c1357403-f727-435a-a3cb-75d9a779a32a,MC618,2024-04-06,Corrective,3920.92
b26ab6ff-225c-4469-8da9-cf012e4cfa0e,MC887,2024-11-27,Corrective,4247.25
82fbad4d-2481-4da3-9e16-7038353c212f,MC821,2024-07-07,Corrective,2119.23
3d49eeb2-d1da-49a9-87de-52b2339cde30,MC385,2024-06-22,Preventive,1227.86
dff3a19a-a964-4131-a184-c7e3e6757b86,MC160,2025-03-05,Corrective,1700.88
4601748d-7b28-4ea4-b86e-c2e8afbd6d37,MC958,2024-04-06,Corrective,3141.51
5e017e81-c92d-407c-bb33-e6c24258e069,MC790,2024-06-02,Corrective,4647.79
65a97669-c35c-4f97-83ce-9daf37353f16,MC736,2024-10-21,Corrective,3535.23
8a67df08-4701-4962-aa91-a9521f727168,MC412,2024-07-19,Corrective,3791.08
18ebd43f-7961-4ad2-9f00-4ea744f1ce56,MC235,2024-07-28,Corrective,3971.82
4e8b4dc5-2fa6-4a2b-bc72-920f444e0424,MC293,2024-07-22,Corrective,404.87
da1142d7-4cf2-4485-872d-a2c6254e8cd3,MC253,2024-12-29,Corrective,2602.4
f9d0e983-3f96-44bf-88e2-4c87302f5fb6,MC248,2024-08-03,Corrective,3162.53
a54f9f0f-78d4-445f-8fec-8abca5e236d5,MC702,2024-05-31,Corrective,779.93
fa711544-0ad3-425a-b2e6-4bbe380e5db3,MC747,2024-08-02,Corrective,4893.98
f2b85c72-7c7b-48d2-bd60-0da9531bf32f,MC407,2024-11-11,Preventive,3347.19
3484695a-d580-47b1-9bca-58f917d92442,MC260,2024-04-26,Preventive,4271.39
3345329f-7914-42e8-a7bb-881f327f0318,MC642,2024-10-24,Corrective,1249.34
a5a898c6-6615-44b4-a5b3-b69e3af22935,MC790,2024-08-15,Preventive,4748.21
8b1fcefb-71a6-41a9-9b16-ef7e4f621dd4,MC545,2024-06-01,Corrective,3840.89
cfea1e9a-2c67-4f2f-9ab6-b73e6623e069,MC179,2024-04-08,Preventive,4171.49
102cd843-2f70-4501-8038-a075f9aee3f7,MC868,2024-04-01,Corrective,4308.8
bd2261bc-7199-4f9e-8038-097088c29a56,MC282,2025-02-16,Preventive,4899.14
85f12472-a4f2-4e4c-9cda-bf10e708da67,MC704,2024-11-10,Preventive,2174.57
72330160-6367-4c7f-8a3a-543750d75a41,MC237,2025-03-08,Preventive,994.75
88cc3d67-c478-4e03-954b-4759ae6ffd5c,MC945,2024-06-17,Corrective,1917.19
1f0408ef-e928-479f-b2a9-3e7f0eb6082e,MC343,2024-04-01,Preventive,1166.51
99c2e878-342f-42a6-b419-25603ab12f3a,MC754,2024-06-09,Corrective,4563.37
bdc3b3cb-1ca0-4ccc-9895-7a9d076189d5,MC663,2024-10-14,Corrective,4978.49
b83c53ae-b8f3-4584-a641-6899c632b866,MC631,2024-11-13,Corrective,4680.9
53acb68d-9d10-43bf-bf98-b5caad2cd3a9,MC900,2024-09-05,Corrective,3503.16
bd9fc3cd-578d-4c18-9adb-d25cefcb3394,MC907,2024-08-20,Corrective,2037.5
a88395a2-3ae0-4cb3-99ab-9ad33241a3ca,MC366,2025-01-11,Corrective,579.6
a9aeb7f8-f223-4d24-99de-a037033e1b23,MC694,2024-05-03,Corrective,4686.72
ac45e36d-0e8b-4ce1-8d29-7b78f7e1f777,MC883,2024-12-22,Preventive,351.66
96f2024a-9d62-41de-858c-edc173d5872c,MC815,2025-02-17,Corrective,2986.15
ea07a14b-4728-4336-b796-ecdb810907d5,MC342,2024-05-07,Corrective,4828.65
ab7d1e9b-ba5e-402a-b83f-fd403194950c,MC872,2024-07-22,Preventive,1410.57
a089cdd9-64ad-4ce5-ba40-6f544efeaa1c,MC994,2024-07-09,Preventive,3429.42
bea0da48-8ada-47a0-9532-711a95b311e6,MC537,2024-07-26,Corrective,3196.1
dfa9dc25-7c13-4553-aebc-985f3848bee7,MC605,2024-05-16,Corrective,2650.03
71f9a49c-b4fc-435b-8318-7f94d2222872,MC371,2024-08-09,Corrective,2341.38
f1a0c704-72bb-4a8e-b7ff-c07477120e78,MC606,2024-06-03,Corrective,2458.77
8552345c-34d0-42ac-a5b4-3c259b693196,MC824,2024-07-13,Corrective,2096.44
d6385741-e60b-44b4-a022-b3a172ccd93f,MC944,2024-07-15,Corrective,2093.71
0e38fd5e-b57f-482b-8ee9-16849892426e,MC142,2024-12-15,Corrective,1247.05
c96aa010-f4bf-482e-8de8-b8732ab746a1,MC125,2025-02-02,Corrective,885.41
ce07d29a-c3fa-49ce-9169-c1e1c3af4388,MC100,2024-09-11,Preventive,4504.88
a7843000-82ee-499f-bdb0-d9eac78bd77b,MC585,2024-04-17,Preventive,3186.68
e69f5ea0-755e-4914-97a4-f9a9d3f1b973,MC417,2025-01-11,Corrective,4860.31
42f292a8-33d6-4749-b029-609e8e42d5a9,MC510,2024-08-03,Preventive,2568.23
c1c462ca-5f53-4561-b2c0-9b05fc6836d6,MC381,2024-04-11,Corrective,1773.99
b8997611-358c-44cb-b9fe-15d4d34f1a7f,MC686,2024-06-13,Corrective,3533.55
4046ee53-e729-4785-b466-a5927139c8e2,MC155,2024-11-13,Preventive,1967.88
ed88b5e8-c60e-4ce2-8a0c-3c38a9784df5,MC550,2024-08-15,Corrective,1194.71
518d3e1d-7b11-408f-b761-205d3f24ad13,MC603,2024-08-06,Corrective,2273.15
c8ccb53c-00f9-43b1-a3a9-45ace12d5332,MC102,2024-03-27,Preventive,1403.28
e4767f8b-bb6c-485e-8085-4922b1ce8432,MC401,2024-12-02,Corrective,699.08
7e0e65b8-c9a3-4c22-8f07-1e3ccb9fb95e,MC902,2024-05-26,Corrective,3621.44
c783051e-c44f-43f8-bd2b-f9021e63a7f0,MC539,2025-02-18,Corrective,443.38
89ae3cca-74af-43a8-885d-738197dbc9e2,MC437,2024-11-11,Preventive,3362.62
aaeb3043-fc96-49a7-ae0a-7e5edce59933,MC417,2024-08-10,Corrective,209.71
3b2959fc-6945-4651-b68b-c62befa5fcff,MC926,2024-11-20,Preventive,1486.77
9197242f-4f44-4684-b6b0-ae7e5f541e2f,MC622,2024-10-31,Preventive,1471.27
22d40f98-a90d-4bc3-a893-331e7c9bb7b0,MC712,2024-04-08,Corrective,4086.13
c9cde288-e789-45f0-8a3e-4fa32a235268,MC540,2024-12-15,Corrective,2801.7
06c21b8a-de2e-42e9-b488-251c547bef5e,MC659,2024-05-24,Preventive,2148.97
d8bdd542-1ca1-4a38-8a39-f3a7b9372b51,MC513,2024-07-16,Preventive,1137.16
d03ad7e8-5049-4488-8a71-9b59ac33723e,MC680,2024-08-24,Preventive,3541.43
ab8fe100-add7-4575-919e-77ec3167683a,MC393,2024-08-18,Preventive,1905.13
f72ba1d8-3c43-456b-af43-517895f307b6,MC562,2024-03-23,Preventive,4014.69
64636632-1a74-4e16-8ac1-204ade09098e,MC824,2025-01-13,Corrective,4165.27
8a883d50-2026-43a7-9289-8997dc1c61af,MC670,2024-10-09,Corrective,3037.24
cd97d098-2eb6-4f00-8bbc-a4eb616a3428,MC248,2025-03-11,Preventive,1337.85
8019a994-2675-4ca4-aecc-cbafb6062c0e,MC245,2025-03-14,Preventive,4930.96
79274912-66d0-49d4-8673-59c96697b90d,MC200,2024-08-09,Preventive,1114.88
18346acf-5b09-47fe-8b91-4a541addbf59,MC208,2024-12-22,Preventive,470.64
b773ea6e-c0ba-44ef-a444-99dfa2f67c1f,MC788,2024-10-29,Preventive,334.41
413d2eeb-4e43-4737-b3df-8f0b38a041e7,MC390,2024-05-21,Preventive,905.25
05f391f5-96b0-44f5-b5ee-7232f1d86a46,MC983,2024-07-08,Corrective,2206.84
3c7f1a6f-3916-46cf-944d-a4370e6ec52d,MC734,2024-06-13,Corrective,1758.72
1edba41f-3fc8-427d-9a12-150feb53b924,MC704,2025-02-02,Preventive,1988.16
736a241d-05de-4b81-b27b-ced3747a54f5,MC557,2024-09-26,Preventive,2532.17
1aab4221-9309-4a7b-a67d-0e5cb7667508,MC553,2024-09-19,Corrective,3743.82
f65e3699-4977-4afb-bd37-6a0a7b3db651,MC239,2024-11-25,Corrective,4662.97
b4d8fe20-5390-4b63-ab2a-c89a8a14f557,MC427,2024-08-11,Corrective,4171.45
6a1f60d4-6e8d-4f15-9f93-7d0d7cc7f6a6,MC663,2025-02-13,Corrective,4103.47
729d4b1e-4aeb-430e-afb0-85b7201b7230,MC344,2024-10-28,Corrective,2645.17
e38074d1-692f-4c18-90ec-f4103ceac022,MC219,2024-10-14,Preventive,4743.62
91500104-6597-4a7c-bbf7-8b3354f72c92,MC219,2024-10-18,Preventive,4667.33
58a6e5ef-9cb2-44b1-b29d-fa7c1513dd06,MC179,2025-01-30,Preventive,2795.7
a3f57c25-aac1-4c02-b77f-09851965d1c9,MC881,2024-06-09,Preventive,756.76
05da642c-2e16-4ca6-8dd1-453aa9f1e788,MC420,2024-11-13,Preventive,1270.13
7c5099f2-4f01-4ace-afd9-4516bc2b5f5e,MC337,2024-11-21,Preventive,3292.69
c3c476c5-6868-4ccb-b2c3-cbc46d2bb5b9,MC351,2024-08-17,Corrective,2078.95
a646fbdc-aa27-44bc-853c-48ac808a79fa,MC408,2025-01-05,Preventive,3719.09
0d01aa10-52c5-4390-a677-30e9536c638c,MC632,2025-01-01,Preventive,3941.88
eb74390f-bd74-4c56-8f8a-053d69e3cf56,MC130,2024-06-18,Corrective,3950.42
537be987-c9f8-4783-9bb4-022482f2938b,MC267,2024-04-03,Preventive,3395.52
60a3715f-3fcc-42f3-8b0e-35b761b6ecde,MC827,2024-07-17,Preventive,3841.25
db3d8cff-174a-4d77-ae24-767e8970000a,MC977,2025-02-04,Corrective,536.88
4ef5fc94-9937-4e60-8e41-302ef8629cd9,MC578,2025-02-21,Corrective,4622.99
b2b131ab-a10a-49f2-bea1-54b630ee8666,MC159,2025-01-06,Corrective,4787.58
19b58139-34a3-4e60-af71-0d6f02e26c8b,MC921,2024-04-22,Corrective,4709.45
1c2c1783-0df2-4a4e-ab42-6e2a84df58ff,MC482,2024-10-25,Corrective,4832.57
a92659c9-d9cd-4bf9-8b20-8cafc7207046,MC780,2024-03-28,Preventive,1784.73
b9c46488-410a-48fb-9d7b-5370b31b0e74,MC711,2024-09-23,Corrective,4305.74
e6fb6eae-62d5-45c7-a235-26e44665d43c,MC781,2025-02-19,Preventive,3953.78
968e7813-f328-4e89-845c-d93e531bca3d,MC113,2025-02-13,Preventive,3293.23
bf6069cc-968b-4dcf-bfea-3d3d744bd9e9,MC487,2024-07-20,Corrective,3745.5
5e62b002-f478-4b40-9e77-dee8cbe15039,MC907,2024-11-27,Preventive,3904.21
c54bb6b9-25bd-4312-bcfb-ce821da00e92,MC199,2024-09-09,Preventive,1214.66
6a12575a-3993-4308-a9bd-e296632fe1fb,MC650,2025-01-27,Preventive,4593.4
fc2ecb45-6e41-414d-a69e-688aae13991a,MC255,2024-11-11,Preventive,3159.92
7a5b1873-e765-42da-8a65-ab2684b71403,MC382,2024-09-11,Preventive,3548.54
cbe3f6e5-7a90-4d42-bd55-3ac7477fb415,MC625,2025-03-07,Preventive,919.77
fb38ad29-a8c0-402b-90fc-4b8a7c36d63d,MC255,2024-03-30,Preventive,3742.64
e1e89723-4384-4b64-879f-424eb52816eb,MC241,2024-07-15,Corrective,4294.28
a5898e1b-ccde-40e8-907b-76996ddf269d,MC781,2024-06-25,Corrective,220.31
9c50b32f-154c-410f-9ca7-7ee6121d4212,MC176,2024-11-26,Corrective,4829.09
fb184a56-2ffe-4f62-9fe0-d0ab4408660a,MC935,2024-10-30,Corrective,2847.09
2fed5537-cd3b-4ace-8688-3e9cf7934dad,MC613,2024-10-25,Corrective,1856.94
dbdb172d-2bf3-4010-9cac-2493513826f6,MC740,2025-01-03,Corrective,1287.14
a8c10dd8-da19-4177-a9d4-26f2361810a1,MC992,2024-10-20,Preventive,3491.37
5b51cd6e-35e7-43b1-8710-0a5c1d081c1f,MC954,2024-06-15,Preventive,649.13
9afb94d9-4c72-4f05-8c7e-bb9d09fb3ec6,MC462,2024-06-17,Corrective,4640.21
3b3ac32b-771c-4d33-805b-6343de8c818e,MC327,2024-09-03,Corrective,4188.85
fc1be79f-559c-411f-be2b-b433bc379ef8,MC454,2025-02-07,Preventive,4864.4
9a69bd08-853d-4993-9dd9-2354c3bf297f,MC888,2024-08-04,Corrective,2431.99
9966be24-6e1f-43c5-bde8-711de10bae68,MC437,2024-04-20,Preventive,4568.13
5e680b37-2447-4408-a52e-555b4e31714f,MC329,2025-02-26,Corrective,975.02
9a6d9163-ee2d-4551-bd8f-9e4e02935c0b,MC361,2025-01-05,Preventive,4973.64
a48ee5d9-6416-4b36-aaf2-11b3b0cb00a5,MC964,2024-08-25,Corrective,1746.08
083f3b7f-31f8-4ec6-a30c-b1c960c952a9,MC230,2025-02-13,Preventive,3290.28
eaa2b967-7f0e-49a4-a4c9-885e6dcc41db,MC949,2024-12-24,Corrective,3508.7
8acb0cea-9618-4fb2-9f91-5b9ff23afe1c,MC359,2024-08-09,Preventive,4978.29
2e350b8d-57d6-4c61-9393-a2ef92e07757,MC232,2024-05-16,Preventive,3108.71
7b95a582-34fd-4045-ad33-26103a3d66f9,MC965,2024-09-29,Preventive,4541.26
c777ee5d-ce8d-4a14-8496-e36ce4c4ee6f,MC280,2024-11-25,Preventive,1002.39
2698b121-a30c-431b-ad5e-f6f3cf36b4ec,MC975,2024-08-17,Corrective,169.48
41f9eb77-7c96-4bcf-a5e9-22c26a5284ea,MC506,2024-04-11,Corrective,498.08
e0e4ecd5-752f-47f4-8e8d-adc0e8dcdf07,MC355,2025-03-12,Corrective,730.1
f14936a8-d2cb-4b8e-b5e0-95f0a564ac8d,MC206,2024-05-12,Preventive,3208.93
88f9021e-9096-46df-8b48-8190c9bb3b27,MC518,2025-02-12,Corrective,3285.04
4bdeb6d9-02e6-4774-ade3-9302e1a7a7ef,MC321,2024-04-25,Corrective,3305.21
e224c08f-d574-4b57-b8aa-edb94418fcd4,MC623,2024-11-13,Corrective,3076.41
5d7c2b23-5354-4a79-96b1-3e8b33af6451,MC961,2024-08-02,Corrective,2334.27
edb14853-d98f-4646-a7d2-355e0f729a9d,MC690,2024-04-22,Preventive,4848.89
a1ddb1c7-1b2f-4def-a1c2-babce165dd19,MC270,2025-01-14,Corrective,1434.25
a65e935f-12eb-4631-beea-70fdc63c0b6e,MC862,2024-11-29,Corrective,4796.38
c85bc961-755d-4bfd-b8fe-181dff55028a,MC214,2024-06-24,Preventive,4317.29
7c17ce55-19d2-4481-a22c-8154174e9c24,MC509,2024-09-07,Corrective,2311.44
168cf6e6-788c-4091-a6ec-510a70868903,MC673,2024-10-01,Corrective,3871.18
717fcd66-ad0c-4961-b9d4-1c2be1622c26,MC304,2024-07-08,Corrective,1835.79
5b069e13-f552-4596-8b6a-312bf606827a,MC413,2025-01-11,Preventive,1890.11
838af962-8977-4e5a-8eff-4aa6932425e2,MC558,2024-11-20,Preventive,1901.71
5ed4dd24-5c60-4dc8-a40e-82c3c6b635c5,MC949,2024-06-23,Preventive,1733.04
9c695ea2-e724-42c2-bdac-3178de9a9ca4,MC262,2024-12-10,Corrective,4464.81
6275ee6b-e04e-4d03-9f1f-7d6b63f74ddd,MC886,2024-03-27,Preventive,2398.23
f794d41b-d81d-43f0-bb18-8459b2c7374d,MC630,2024-09-02,Preventive,158.61
25b23281-d032-44a2-8f03-6d3c17f9240c,MC990,2024-04-03,Preventive,3969.57
09cef30b-38b2-482b-a91f-eac20fab15a9,MC657,2024-05-27,Corrective,2989.12
38eda124-3f2c-488b-9281-c8b8b4ddb39e,MC612,2024-04-16,Corrective,413.9
1379d721-305a-41ae-8496-e63cc93b45ce,MC855,2024-06-13,Corrective,692.23
d9195f88-1f5e-4a4f-922f-05281bbf79b4,MC733,2025-01-15,Preventive,385.46
e3b99b4e-da5a-4364-9cd8-0fb0169f88fd,MC313,2025-01-25,Corrective,2311.01
fad67eb4-c7e6-411e-8c17-d64084bae4e9,MC131,2025-02-25,Corrective,789.66
6102f524-ddb1-4b56-9f0a-b349674f8d29,MC688,2024-04-04,Preventive,2596.42
d1758bfb-7d69-4bc3-a92f-cc52c675d2be,MC709,2024-07-04,Preventive,2829.85
e9271846-1087-4298-9e93-b77d6ea7237a,MC860,2024-12-25,Preventive,606.72
0caa9db0-9dbf-4784-a2f1-439674243667,MC676,2024-07-16,Preventive,781.22
26a651b9-bcbd-49ed-b4e1-8cdd48664bd7,MC710,2024-03-24,Preventive,2481.36
07ea0ec9-ff72-4075-8c7c-4dd1e0e5ff27,MC778,2025-02-09,Corrective,1703.18
ff6e82b7-31d1-4134-b5d6-4d3135adde66,MC783,2024-12-14,Preventive,1500.49
1ee53c55-f2b2-476a-90b0-55716298f876,MC448,2024-08-23,Corrective,821.74
fe0908ee-0526-4867-9c8f-721cacb9acfd,MC698,2024-11-27,Corrective,431.41
9f505b12-4e2f-4900-b81d-10890e386e48,MC736,2024-07-21,Preventive,3958.32
e2110d7e-d0a3-4bd5-b041-32a36a174462,MC304,2024-05-14,Corrective,4996.04
0aad0881-fcdb-4b80-b674-e4a8f444b659,MC273,2024-05-02,Preventive,1553.36
d2e493a4-12fd-432a-a3a1-d8f5e32a66e1,MC648,2024-08-07,Preventive,3895.99
ed790fe9-e963-4a46-a853-9636657d32c4,MC447,2024-11-05,Corrective,2006.47
84dd8dc7-2530-485c-8343-c19f647dbb42,MC718,2024-10-16,Preventive,2096.02
033696e2-8cad-4a12-b356-762f0f0f376b,MC290,2024-04-07,Preventive,1850.75
152b84b0-3769-473b-bc07-ec2a218b33cd,MC707,2024-09-25,Corrective,3539.37
de741278-a43c-430b-b2e7-9c337d4f06b6,MC327,2024-04-16,Corrective,4090.34
b5dfffac-d2d2-4cff-9d55-9b1c01f9cc98,MC263,2024-12-31,Preventive,406.55
e417c675-b1d1-4cba-bff3-8103b890d91c,MC423,2024-12-18,Preventive,154.5
69ddc5f5-0d6d-4123-9a68-36f7ff8bb107,MC180,2025-03-10,Corrective,3889.52
0ee75bd8-b1fe-44c6-a02d-0f143d43a128,MC952,2024-04-03,Corrective,2447.02
4b6abcc6-7800-4dba-9621-1324c32aadac,MC388,2024-03-21,Preventive,2667.68
fd20fc4c-932a-4484-9f4f-aa0a4e59ff4c,MC392,2025-01-04,Preventive,4504.32
8edb372f-812e-4dff-b16e-78ff6a45e52c,MC765,2024-12-06,Preventive,1529.75
a3104fdf-8012-4339-8a1e-098496a74ccd,MC201,2024-10-03,Preventive,2357.29
37807187-1415-4b6e-9546-16db27facadb,MC101,2024-11-04,Preventive,3720.53
4b72aa0e-8c8d-4679-804d-4347ae3a6f30,MC106,2024-09-08,Corrective,1416.41
e9882d30-42b8-4897-819a-4b93d6daf854,MC474,2024-07-08,Corrective,3682.41
99bd8aec-9188-4d8b-9eda-5c85978300f5,MC872,2024-11-24,Corrective,4886.79
9a77723a-84c0-4b81-acf3-39e48bacaf33,MC119,2024-11-20,Corrective,1033.56
ab4ea0e8-d690-40b7-82da-391962a830cc,MC999,2024-10-22,Corrective,2381.24
02dc0a38-7ef7-4a8a-8832-6bb58932f060,MC962,2024-04-27,Corrective,1847.8
b83e932c-a494-49a2-aefb-c716b34c574c,MC558,2024-05-06,Preventive,1197.39
be47b00c-0fcc-4cb5-974b-60ec2145827d,MC739,2024-12-17,Corrective,2439.37
9f2f5b49-e5ee-4d91-b02c-6d88f0fb3720,MC399,2024-11-25,Preventive,4562.46
a52b4707-be04-42f9-8f27-6dfd5fce4780,MC310,2024-08-26,Preventive,740.25
28de6870-f8ce-4cf5-ae7b-ee2945dc8257,MC877,2025-02-16,Corrective,4005.85
0eb16e11-13c4-4a4b-be58-965320b53988,MC928,2025-03-14,Corrective,3773.18
d1cda983-ef1d-404c-9000-db1c49d9e67b,MC244,2024-06-06,Preventive,3863.03
c9cdc09b-405a-4bb5-bcf6-50c41b0cdb32,MC431,2024-11-23,Preventive,470.74
b18caf5e-f51c-4dcc-a636-87ac3f39eb04,MC837,2024-10-31,Corrective,4776.81
b23996ac-705d-40f3-9b73-2689f5153171,MC750,2024-12-19,Preventive,2731.2
c1573f0a-d1e1-4284-aab1-067e932be040,MC759,2024-11-21,Preventive,4697.77
d4bcfdf8-0e10-46a0-9e98-d08193f9c88d,MC437,2024-09-28,Preventive,875.46
f27c89de-d59d-4ea0-96dd-84fe1ee76cca,MC859,2024-07-23,Preventive,4331.7
764cea44-ff0a-4398-ac70-2687180e5982,MC557,2024-07-03,Preventive,3949.3
c5f97923-faa8-46cf-adb8-6289f3171421,MC129,2024-11-09,Corrective,2752.73
b095c4d3-ecd6-4f75-aa26-7b6510328584,MC687,2024-12-13,Corrective,1442.82
e4e9cf4d-5f7e-4c78-9427-fa36ae536440,MC560,2024-12-02,Preventive,4990.61
cf048389-3869-44cb-912e-026def34c796,MC974,2024-04-26,Preventive,2179.5
cc9e00ba-e00f-4f60-963a-fd89a25fb8df,MC676,2025-02-15,Corrective,2705.39
aaa1ace3-f8e6-4183-a3bb-b844c9122e7c,MC976,2024-09-04,Preventive,364.85
430cfbe8-f00a-452b-bd63-a769268ef3ee,MC408,2024-07-01,Preventive,3649.79
bd184f3c-1f3c-4ff5-9563-d7003e348cf1,MC208,2024-11-05,Preventive,2639.29
7eac1de2-f61e-4fba-9085-cbe23a44dac1,MC223,2024-06-16,Corrective,2931.05
7c1fbead-983e-4bb1-920f-bba526b49175,MC351,2024-07-09,Preventive,4130.12
9d064e93-d749-458c-b2e9-7c4d573924e7,MC367,2025-02-04,Preventive,3607.71
e5a6a05f-16f7-4263-ad38-80d727189eda,MC558,2024-11-01,Corrective,809.04
6dbc7b4e-abcb-473d-b6df-5fbaeb0fca07,MC592,2024-04-28,Corrective,1808.5
5ad79966-5649-4c1d-9fc7-8b9f6eedcd6c,MC701,2024-11-21,Corrective,2913.2
c79efc40-5a9c-4dce-977d-cf4a9a921c9b,MC471,2024-04-21,Preventive,1096.78
9a47b49b-45bc-42e2-acb8-4791e8832eec,MC148,2024-05-28,Corrective,1422.17
f1dcf1ba-ca3c-4faa-8cc7-88addc12d707,MC555,2024-09-02,Preventive,1378.92
381bf9eb-a425-48c1-bf7d-c1602091155a,MC110,2024-10-06,Corrective,116.38
8aa34dbf-3671-4c11-8f87-07511061d97f,MC269,2024-05-23,Preventive,3815.71
e4abc4a3-7425-4e96-aeca-eb19e8665d70,MC931,2024-10-18,Preventive,2014.27
b2235591-d8bc-4587-9bec-b7dc2d33a101,MC526,2025-01-02,Corrective,2292.93
b3d83c06-7543-4a37-a220-9d9bb39e5f7f,MC830,2025-01-02,Preventive,2268.74
38489871-4fc8-471e-93a4-77b9c03194ca,MC521,2024-08-31,Corrective,3984.98
a2b2f6c4-7503-452a-9eec-98a2b0b2c10b,MC142,2024-03-29,Preventive,3567.94
4c0a1f82-388b-4f71-85af-75c915d7345c,MC193,2024-10-09,Corrective,2498.62
4142da30-cd93-47ce-af98-748a53974077,MC300,2024-06-17,Corrective,1010.31
af96f820-9dc7-428c-b5a6-d71225cafc73,MC733,2024-08-12,Corrective,3164.53
05457cbc-d8fa-4a99-8828-f344bbceeb51,MC595,2024-09-23,Preventive,3699.09
4fdd811d-d616-4eb7-984e-04ca20b9c41a,MC961,2024-07-28,Corrective,744.27
c1489d3b-fd65-47b5-bc31-7a18c05df505,MC354,2024-05-02,Corrective,2074.23
7edb64d9-4d1b-469c-84b1-99f45c7667a5,MC162,2024-06-08,Preventive,3328.16
e8ce8ebd-4ad4-4935-9d36-1771110fb03b,MC903,2024-12-23,Preventive,380.44
f3ef5fe9-be6f-4cad-9fc4-38c56b3bfbcf,MC780,2024-09-25,Preventive,3818.32
b9259f47-f4fe-4057-9c0e-2094cca3e515,MC380,2024-07-30,Corrective,2471.65
da2ff2c5-537d-4322-9f52-0478224033da,MC848,2025-01-18,Preventive,4032.37
b836f3d8-d761-4830-b36e-c7a8fa4f6fa9,MC450,2024-06-21,Corrective,3192.7
04d91d64-29e8-4d4e-9eba-cba4d2054cf8,MC988,2024-07-03,Corrective,4134.97
58299583-96f8-450a-8511-ae44763edfa3,MC295,2024-12-30,Corrective,860.63
b8147d4e-72b1-4e1f-98e2-b5d1a42ea344,MC598,2024-05-13,Corrective,3788.15
7020a58b-4773-4836-a352-f078e2fa4d22,MC210,2024-06-05,Preventive,1041.63
19a75896-eff3-40fe-a19e-68217d012fbc,MC727,2024-06-02,Preventive,1755.81
a5582a98-aed0-48f4-bb54-0d46eed064a1,MC145,2024-07-09,Preventive,1536.26
f56ad2ac-59f3-48a2-b0d1-f411e1c0cfbb,MC152,2024-07-30,Preventive,2466.77
da1a198d-4af1-4502-b7a4-f03846a6395e,MC599,2025-01-13,Corrective,4979.79
c2d3f43a-044c-41cd-8f52-2503e4db694e,MC758,2024-04-22,Preventive,1100.18
56945c7b-bcd8-451e-9237-a1c3f3671f8a,MC506,2024-05-05,Preventive,705.65
bdb22842-459a-4226-8d1b-7627cb625211,MC191,2024-11-16,Corrective,1457.9
9d5b7e63-2d7a-4590-85ed-a0b1ca98b1e2,MC407,2024-12-10,Corrective,2887.76
2765830f-0b6d-465a-8d48-28bd01abef71,MC852,2024-07-05,Corrective,417.32
00c0fb35-babb-499f-a011-81b60a0072e8,MC526,2025-02-28,Preventive,4436.13
a45fe629-2224-48b9-9931-8947876dff3f,MC984,2024-05-31,Preventive,4295.87
fe4a47cf-d2be-44d1-b8c2-fbcd25bd42a4,MC248,2025-03-20,Corrective,525.42
a5859596-72dc-41d8-bbab-59e8ee70777a,MC619,2025-03-05,Preventive,4399.33
604791b3-74ad-4c08-9238-220c2149815e,MC958,2025-02-25,Corrective,3183.07
2aac485e-cb52-496c-9efd-b86459c7c423,MC540,2024-06-13,Corrective,2505.96
b294a033-1c92-49c2-aeb2-0845e1840db7,MC981,2024-12-01,Corrective,3289.13
3678871f-f957-46f9-9e6d-ebc9480db687,MC261,2024-08-10,Preventive,4656.09
2408755b-a7a5-46fa-931e-f198b066a3b7,MC687,2024-11-17,Corrective,697.57
7172d351-b348-4417-8647-1955b2670fef,MC322,2024-09-05,Preventive,2600.42
00b6cf4a-dab4-467f-ae38-f9e237501b7f,MC885,2024-08-09,Preventive,1955.09
6e6c2dd9-c46b-4be7-9a64-352e997555b1,MC186,2025-02-05,Corrective,4542.37
120e633f-51ca-4132-823b-dd8a0505f128,MC348,2024-04-29,Corrective,3810.26
b0588b76-279e-44ad-833b-d533cc27acca,MC946,2025-02-17,Preventive,4888.25
f5035e29-734e-4cd7-a10d-05aac2ff27d8,MC945,2024-05-02,Preventive,1936.92
82139387-4b86-43ff-bee9-2ebf71965ea8,MC372,2024-07-02,Preventive,3225.05
c227d0bf-cdf4-4ac0-a536-44c8260cd9c3,MC145,2024-09-06,Preventive,3213.73
a1ed7e47-5d6e-42e5-a9f8-55ed09b9f484,MC464,2024-09-28,Preventive,4642.22
38f03e3f-0682-4881-8d41-b40ba09bd959,MC933,2024-10-19,Preventive,4262.71
c69144da-2f37-4800-8efb-445309904d17,MC341,2024-10-25,Corrective,4923.27
798c207c-2fb0-4688-9331-573fc1db2eae,MC683,2024-12-14,Preventive,215.09
adf7d2d7-4e2a-4059-91d0-9c955df4dccb,MC245,2024-06-11,Corrective,4904.09
0fe3b695-2a0d-4313-95e6-1ff8125535ba,MC736,2024-10-15,Corrective,714.07
273f9b12-3758-48ca-9a9e-a2af302e87f5,MC632,2024-07-25,Corrective,701.09
b513a3b1-d8f6-4c0c-bc44-a1d9c22edf88,MC952,2024-08-05,Corrective,2237.39
707360f6-259a-4476-a36d-f983a2486f23,MC212,2024-10-08,Preventive,3562.77
3735bab9-94a5-4fcf-a3b1-0c3d41f4cd81,MC356,2024-05-30,Corrective,1132.79
ee750150-683b-47a0-b6e4-399c7318b092,MC892,2024-12-16,Corrective,1434.81
7d00c9a6-23c0-42c5-ae08-15796c6a20c0,MC597,2024-09-12,Preventive,446.31
31efd44f-25c2-4980-8880-a9c4b68eb63c,MC661,2024-11-17,Corrective,3791.81
503a124f-25f1-4b6c-bae0-6069f725707e,MC135,2024-05-06,Corrective,3348.47
2f63c468-cd1c-47a6-9c9d-1b1f54900610,MC970,2024-04-09,Preventive,3275.47
3859083b-f89a-4a6c-8403-91bf9b14b0fc,MC681,2024-08-31,Preventive,306.32
000f1ed3-b703-4f2d-91bf-c779cfc56808,MC627,2025-02-23,Preventive,3612.06
8661d3d0-c7ed-4148-9c10-e72ffe922a2e,MC147,2024-11-24,Preventive,1385.83
eef6036d-c908-431b-8738-67f70c5d6354,MC526,2024-08-15,Preventive,3534.99
025d6bc6-ad36-44fe-b416-de83d51dc3f6,MC405,2024-11-24,Preventive,2912.65
9b3c541e-46d9-4201-b038-bb0db02e99a2,MC576,2024-08-07,Preventive,1997.97
433e3c6a-ef2d-486e-a0fb-c2611238815f,MC557,2024-06-23,Corrective,649.54
a9a722c1-9777-426d-90d2-3cabbb35eaa2,MC221,2025-02-16,Corrective,4101.27
a3be893b-84ed-433f-a186-474c1040d0b8,MC733,2025-02-27,Preventive,198.98
2debe049-734a-484d-a955-36e6a57e4eae,MC688,2024-09-14,Corrective,2968.41
8e254c95-760d-41e0-ad77-c06c3973aeda,MC235,2024-10-20,Preventive,1295.67
3565641b-4763-493f-b5af-8b56a4462cba,MC428,2024-07-15,Preventive,3010.03
6f95dbd8-c366-4023-8503-1707847c3973,MC898,2024-10-28,Preventive,2980.93
f5cd75ca-d8d9-4814-aaf0-a9d14659be8e,MC825,2024-11-15,Preventive,3358.67
d0a097c0-240f-4e94-a97f-517d26d263bb,MC620,2025-02-11,Corrective,1008.01
2c5486f5-037d-49b5-90a7-146b1edc47ea,MC777,2024-07-15,Preventive,1270.18
070344e1-79e0-4c47-993c-3fc7b9f05bbf,MC974,2024-05-11,Preventive,1852.98
5bf0217f-5824-44cf-a379-d7bf13c11283,MC457,2025-02-15,Preventive,4700.35
6852053a-3def-4518-8d3b-50d56051fbf8,MC772,2024-06-15,Preventive,716.8
ac985ee9-3865-47e9-abd5-668a158044e7,MC640,2024-05-31,Preventive,3419.48
5aefd991-9c56-4ae4-9507-e2a4bc0e9c12,MC637,2024-09-09,Preventive,573.49
faf030dd-ca79-4abf-bd87-59d777113af4,MC878,2025-02-04,Corrective,379.48
13fc40af-a776-4f06-a18d-64a9700d9060,MC840,2024-11-13,Preventive,3008.66
f309dd50-02cd-4e80-91c4-e91f0e0cbd0c,MC257,2024-10-27,Preventive,1431.04
f4118601-e913-41e4-8d49-9046ad30ca26,MC257,2024-05-13,Corrective,3893.51
9b53bf54-ce27-4deb-b605-4d35b2e6451a,MC382,2025-02-09,Corrective,4423.64
89395aa6-970c-4664-a7d5-bfbc6eb1642d,MC734,2024-12-16,Corrective,2461.96
150bbf59-c2a1-48b5-9603-e10459ffa529,MC676,2025-02-04,Preventive,2352.82
ad1b3b1b-9c28-4106-b8e5-b4824bee377c,MC847,2024-04-21,Corrective,2542.75
84e5ae8b-de39-4d36-a9ba-280882941c22,MC666,2024-11-20,Preventive,3243.82
824a8c3a-ec79-4c65-81ad-1ccf003863f9,MC147,2024-04-09,Preventive,498.14
a94a06f8-a617-4ede-9a95-00f65598cb9a,MC830,2024-04-19,Preventive,3969.88
58feead7-8b2a-450a-94d6-8331b68ba50b,MC142,2025-02-03,Corrective,4944.86
e20f467a-6ab4-48e4-bcbe-c7a892d40a44,MC921,2025-01-23,Corrective,3599.64
788799ab-796e-46e0-94aa-234fcda2c7c7,MC564,2024-12-26,Preventive,4822.86
376de91e-9060-4ac0-8e06-5730e5fa63b5,MC848,2024-06-05,Preventive,670.33
a57a9e54-f269-486e-9b84-1442b87937bf,MC685,2024-04-07,Corrective,3315.63
0f40ffe9-305a-4100-8998-4fea6d467092,MC220,2025-01-16,Preventive,2422.95
c1ff32bc-4cb3-4778-9fcf-3d4eba7560f9,MC146,2024-06-22,Corrective,2953.87
d6c170a8-cb80-4955-9fce-182cac87fa5b,MC103,2024-12-17,Preventive,2949.1
3ddc0e3a-515c-419a-934a-6e0f88830b22,MC207,2024-03-21,Preventive,112.41
efb22968-0269-427e-8627-d0f2cef590a9,MC894,2024-07-04,Preventive,1509.36
833bb6ac-df02-4ecd-add2-fa42c9b0fc98,MC645,2024-09-15,Preventive,769.75
9d216965-c30d-475e-afca-6a0ff1935f8b,MC367,2024-07-23,Corrective,362.66
d5d7fe1f-8d47-4f1b-b189-929fb2871f50,MC170,2024-04-24,Preventive,4929.1
fad4ffb9-4b00-4224-833a-84e14492ba12,MC292,2024-10-28,Preventive,3204.76
f5293bf9-9753-449a-8f06-39be90d7bff9,MC209,2024-04-29,Preventive,3680.02
acffabba-b5c1-4eec-a9a4-8a1eecd0c30a,MC709,2024-07-07,Preventive,4939.67
cc291735-5d04-4f94-814d-8d3ae6bb84d0,MC638,2024-10-27,Preventive,100.5
52a99161-447d-4ed3-87af-63c67698b068,MC987,2024-08-19,Corrective,3466.78
cc09f95a-0961-4cbc-9079-391aa5d38733,MC670,2024-12-11,Corrective,1562.53
bd2d3181-b994-4993-86c1-0af18198b61b,MC351,2024-08-03,Corrective,3379.77
2b3d09ee-d023-4580-8623-c7fc3dfa0809,MC911,2024-07-17,Preventive,4355.45
45da823b-ad5b-4fb4-baeb-35182bd5794f,MC282,2024-04-05,Corrective,2141.22
1d429071-bf64-401e-b682-2aa5c6dbeb17,MC973,2025-03-12,Preventive,2413.04
3ca8d726-8aca-4953-89f3-de41a1444763,MC177,2025-03-15,Corrective,3499.5
44dfa58d-b5eb-4de3-aa56-b6280d708297,MC173,2024-12-01,Corrective,1934.9
b70d44d6-1452-40f1-a6d3-74033a373222,MC789,2024-04-26,Corrective,3305.68
3012c174-a652-419e-a47d-d2eaa0725e66,MC351,2024-07-03,Preventive,4834.94
197d060a-3eaf-4177-b86e-3da8999e9b5b,MC113,2024-07-24,Corrective,3987.9
f7c4b34f-a8f3-466b-858e-9761dd08dcae,MC463,2024-03-23,Preventive,3344.19
77af6454-30b8-412e-ae1d-d5b7eb7eca44,MC204,2024-12-12,Corrective,180.8
1a82437e-a598-4139-a74c-3c47ead7b7e0,MC767,2024-12-09,Corrective,3584.15
9916f6d3-c04b-4276-8f3a-e29e979dafb9,MC684,2025-03-11,Preventive,1292.11
fb193eb7-2db1-45a2-81fc-003af1417b9c,MC568,2024-09-26,Preventive,2014.44
0c05b562-b010-4d33-ad4b-11b5f2f909c1,MC268,2024-03-30,Corrective,1848.78
50be6fef-381b-4be2-8761-43d3b972274d,MC691,2024-10-04,Preventive,4524.65
3b41ec8a-b04a-44bf-847e-6d300ddf1f81,MC543,2024-09-26,Corrective,3028.65
263f064f-478b-49d4-82ac-f55d726ae11b,MC297,2024-08-05,Preventive,2118.61
c643c0db-2ff1-4256-b998-b61972aa5dbd,MC118,2024-07-28,Corrective,3568.59
56186805-d924-4e28-947b-7907dbd428f2,MC799,2024-11-12,Corrective,2096.65
aad17559-b143-489e-8be2-33116359f11d,MC265,2024-04-03,Corrective,4146.52
28d263c7-34c2-4432-b044-d6e95f15d09d,MC621,2024-12-24,Corrective,1771.3
85eb8dc0-4f05-4c00-89ea-392f4662b0f4,MC585,2024-08-19,Corrective,731.85
8b696c44-6914-46a4-85c8-c450df2faaa7,MC942,2024-07-26,Corrective,2601.26
5696a1af-7c3e-4406-95b0-e27dc403eae1,MC194,2024-10-14,Preventive,4755.74
6e17af37-7495-4111-ad31-45d5cef0e37c,MC682,2024-06-28,Preventive,3177.68
51e579a4-2cf6-42ec-9d02-9ea2a4f35c86,MC618,2024-04-22,Preventive,3167.13
c31db1c9-5f5a-4193-9743-3cd992d17091,MC237,2024-07-31,Preventive,4730.82
d69c5c7d-0f1e-4b19-823e-c06cd9731f55,MC318,2024-07-07,Preventive,2041.92
6fdcb6fb-11be-4351-abdf-a2d0ed56e3a7,MC623,2024-11-25,Corrective,4941.36
81d9556b-68fd-4c6f-bfac-c09fbcd1b131,MC216,2024-12-15,Corrective,2956.31
8430f5ec-d68b-409f-a878-f9a887977934,MC702,2024-06-16,Corrective,4695.58
97bbeed4-c6e0-4d7d-9c29-3dbadb52daf5,MC770,2024-12-25,Preventive,1021.51
71fd1c65-6d43-4c57-bb49-159061789780,MC621,2025-03-12,Corrective,4723.13
723d2e86-057e-416b-9e5e-097dc77bfb97,MC470,2025-02-11,Corrective,980.58
0ea97c76-6e46-4071-ad87-5fb6b5bfdbcc,MC995,2024-05-07,Corrective,4689.02
072cf4d5-170b-4473-9d7f-cf033c4bb3f0,MC210,2024-10-23,Corrective,1461.51
7115a433-6aef-4538-b748-2f8eac9ddac3,MC807,2025-02-28,Corrective,3935.1
83b36032-e57d-4fed-837e-0aeb837f66d1,MC141,2024-05-03,Corrective,301.13
85d45052-0753-43e1-b66b-ef55f80a1053,MC614,2025-02-13,Corrective,3463.32
216a54e7-7f72-4ff0-ba63-91f18fc97010,MC187,2025-02-05,Corrective,4309.4
23bd5374-ccf9-454d-8ad5-d1c0e8ef9c15,MC885,2024-07-03,Corrective,468.96
3ffd2fc8-dfec-42ba-b8e7-f602336c6569,MC655,2024-12-05,Preventive,1410.61
ac578117-eb18-4d32-a215-299c1fb2cfbc,MC178,2024-11-12,Corrective,1473.66
257b50a1-a468-4315-aa6a-42530b48113c,MC527,2025-03-17,Preventive,3806.0
025d1f3f-0711-40a4-8df0-daba3e3dc350,MC798,2024-03-23,Preventive,3690.75
2947b616-bb80-4c5c-b7a9-c351818c2f16,MC830,2024-12-19,Corrective,1176.91
7fc321d0-dcce-47ca-92a5-c7b1a6f00e42,MC403,2024-12-08,Corrective,3697.26
a72b11a5-b284-4c83-9d2c-2f66f07a92b0,MC265,2025-01-02,Preventive,3538.45
ccc21a01-363a-4e93-82a3-e0a9708ade20,MC591,2024-09-14,Preventive,3051.53
acb58a4a-298d-49ab-85ae-57d61eb4f0ad,MC491,2025-01-01,Preventive,4528.29
6d23bed7-cd4d-45e9-b4a6-fa5efa57839d,MC970,2024-12-12,Preventive,406.52
9715aebb-5c97-4063-b419-6818b912f45e,MC850,2024-09-18,Corrective,1923.29
5224bdab-c6f6-4a85-b8d7-8d96ada16c95,MC277,2024-10-18,Preventive,3903.02
3ebb645c-af10-4ec5-aad2-b945d70360c5,MC308,2024-08-22,Corrective,4022.63
5471fed2-ae17-4589-ab8a-15a743b167df,MC231,2024-04-14,Corrective,411.16
cefbb6d4-22b5-42b5-851c-1ef14394577b,MC864,2025-01-02,Preventive,1221.54
9a986cf4-4bd6-4538-ac79-ca5cdf2b7280,MC584,2024-10-24,Corrective,3788.96
88b960c0-5cdb-47b0-a50f-133c043387ae,MC997,2025-02-08,Corrective,1368.34
7cdf45ea-4fc1-4e5e-944e-624c512ddbd9,MC434,2025-02-19,Preventive,325.22
4eea149e-8468-4c92-a322-0cdcd1b280a5,MC679,2024-04-28,Corrective,1185.51
1494f009-63bc-4167-9fbb-c15590c69ac5,MC535,2024-11-16,Corrective,3649.0
