PurchaseOrderID,SupplierID,MaterialID,PurchaseOrderDate,Quantity,UnitPrice
3c579356-27c6-4ec7-bbd0-d8d31d3d8e1f,659d3eec-13f7-46a8-9f9d-dc2ea5c4165e,M980,2025-03-21,507,327.48
427f0e65-09a7-4712-bb3e-9101a12a61e9,5a9ba53b-fcbb-4e46-9eff-ee1357e708d9,M198,2024-06-27,987,415.4
9f27f907-475b-4009-b98c-af1ad2983246,25a5ad4d-1cf3-483a-a2ff-9e86e01b4803,M893,2025-03-07,480,49.98
1656fe13-7a10-467e-a1aa-2ea122b18822,5a690d03-ae2e-489f-a262-ef1fb19810b5,M576,2024-08-05,260,489.33
744e91cb-5369-4e16-9d5f-f447fbd0b61b,38cb0c1d-feef-4fc6-9471-ea1f4b0824c3,M390,2024-10-14,705,391.84
6b23d2c9-a26b-4a12-8e9a-dc1e28cabe85,f5c33412-9b09-41c3-ac3a-98a48dabdf6d,M700,2024-12-27,835,471.64
ff6c5ca7-8e66-4a66-82c1-44d35d5f1a28,6643426d-5949-4858-b4ee-bbc4069f1bdd,M117,2024-07-11,821,269.89
4716f060-dd50-4ec4-89f2-b3ad5390ca7a,ddde771c-bd6d-48f8-8809-5e35b07b38cb,M841,2024-12-22,458,372.84
4d50fe0c-c59e-4a73-961e-5003267541dd,a1f7ef1a-5535-48d0-9024-d4108dea839e,M478,2024-05-10,402,301.02
8311ed39-e0c3-42f0-bc65-1390f8664796,94496c4d-f274-45be-9d04-3ae68b2a6b5d,M214,2024-12-15,104,232.77
b1934437-b7bc-41c2-9b3d-70398f815b0a,bc92e0c6-a363-478e-ae97-ad43cce32f0b,M323,2024-03-31,618,139.36
12e078b0-43e9-4e7d-9934-4bc3140ac80b,a61fe115-541d-4101-aa44-d2dfb6c5224e,M410,2024-06-22,112,111.39
48e5ce3e-6f0f-439a-89ad-b1dd06527885,f34d80e5-053e-492c-9ba7-509701cb6b2a,M585,2024-05-04,288,456.46
98a2585c-06a2-4930-a1fd-a210f5156b9b,a04ddf06-84c9-4810-8d04-ea1a6c0204c1,M297,2024-04-07,354,369.63
78968c0e-9fc7-4175-889d-9d43b9c84029,e2b5aabe-0192-4aab-b663-204938f2b17b,M648,2025-01-31,831,476.34
6fd9037b-e997-4f97-bcf7-95cd1c18a30a,fbf56461-cb6a-420d-8f63-23e001d582f0,M137,2024-11-27,101,16.2
ac271f9d-c4a6-4a9f-994f-ca988bb77a2f,5825af85-2f92-48df-a3a2-08000424fc7a,M276,2024-11-28,826,152.26
076c6372-36e1-45be-99d9-cea57f2b4945,221e6ebd-4eff-45de-b4d0-d7a91057b2a2,M515,2024-10-04,388,107.74
2801a218-f3cd-4323-a5b7-a159ea278262,77a81a93-80fd-4b56-ae40-59e85d73d7ef,M765,2024-12-22,573,314.47
f4da4e5d-3171-4b9a-ab8d-f72680bfb185,a2fb5d7e-cad6-4241-84d5-2cd22011a47f,M159,2024-11-19,892,483.34
675d80bc-5bf4-48df-b16c-48067236838b,2b5d7fa4-037c-4e59-9047-17af9b57766c,M743,2024-07-08,978,439.91
c34d6cee-5de9-4efd-8e0d-6b72920b8a85,6365457c-6829-44d8-a238-e49504d7baf1,M248,2024-05-28,280,246.28
288178eb-1c77-469c-846d-609754a5618a,d42ff27a-236e-4716-884e-7db20370205f,M855,2024-08-28,556,153.3
d8cc3a16-c7c6-45b1-81ee-2497d80ae9be,1bf56ee7-1ae3-49f4-aa6a-dda4bf6d007e,M817,2024-09-20,715,274.76
8a2bac57-fb7a-4ee8-9aaf-953e9b5ffc39,4a3caa9a-f7a1-4c31-b841-f98742ecb44b,M551,2025-01-09,817,474.86
fffb76de-87d9-4bd5-af7f-ed76fe02e4a3,e115971e-8285-4fc7-a99c-43959ca5d254,M196,2024-12-22,789,375.58
292e1a54-cf51-47b4-af65-5489d853c5b2,47d9e3b8-b566-41d3-be3c-51621f7d4b64,M214,2024-06-07,144,365.21
e2ad46f3-8c3f-4d43-9ac2-a125b7377e87,0ad6f5f9-2ded-4abd-8ada-eed0263d3b9e,M793,2024-05-31,416,359.53
ca0bf0ef-f3f9-492d-9d0d-adb1f348917a,f8d58dfe-2771-4d13-aca4-cde57fda899a,M244,2024-04-15,948,380.64
13d2f493-f6db-4c0a-bd05-6b1edaa197b4,e9e4f587-e4ca-44b3-9f3d-a86cf92437ee,M706,2024-04-16,155,301.25
01dde9d3-8fec-457e-bbf3-e4a261352d00,9ca76dcc-315a-41e3-be78-d1c808ae0255,M489,2024-07-27,748,149.94
81017546-51c2-452d-9dd4-4f479508a168,6d5001b9-18bc-4465-85ce-4312cc089043,M532,2024-07-19,768,133.5
b3fb155e-63d0-4fcb-81a3-fd7d414a7038,de589d07-f057-457b-8f19-27f10ffea4af,M630,2024-03-25,113,324.1
182ea7b9-fb73-46a0-b9eb-0c2a73de6cbc,94a57a65-b473-40ad-8b43-db6e4375d103,M956,2024-04-16,906,29.44
d5639437-e89f-40a9-ad74-173b052ba2e6,95983d47-aae0-4263-a925-a46c61d1fc0e,M752,2024-10-06,123,280.78
9fff2e81-2230-4170-80da-4e5ebaa27ca4,ea0fa095-4af1-44b5-887f-5e0f41a459c6,M455,2024-03-21,253,367.44
d97e5f99-7a1a-49ba-b6ea-69058ff2cf2d,6f99b8c2-8243-4323-89fc-3cf74ee16e61,M794,2024-12-12,735,187.09
6e7995c9-1432-4241-8d1b-725c348994b0,6542449d-5b00-4166-91a2-3aaaaf8bc383,M569,2025-02-24,428,261.62
79874378-1e4d-4735-af25-5f0db26e74c0,0164dae0-8956-4538-a45e-2e6fc356555f,M250,2024-09-08,118,8.39
3741c89d-45df-4488-9c90-482ca9763235,6fd3ece8-4fb6-423f-9128-6ca072ac01c7,M226,2024-07-04,650,173.67
e7ea17fe-da17-4203-8669-25a98a0e3217,0b0b7923-36cf-49a7-8f81-cbc6eca3bb5e,M878,2025-01-14,739,88.86
83a2ef88-6f65-47fb-9afd-48a4c556ecce,bfedd57c-e691-4ebe-a519-05ff786b305b,M465,2025-02-12,774,53.04
a6175a86-8f43-4e1f-bff4-f4811fced136,3fab6108-96d1-4ee3-a37f-378aa19169b1,M798,2024-12-09,861,365.02
d825d51e-88d3-4dd6-a242-783dffd606b0,4f7c7993-0b48-4970-b2c8-09bb13767a3c,M949,2024-10-20,380,444.55
6430b7c9-1a76-4d8d-abb7-b1775306be38,af871b16-1c38-457e-a5f7-9a0599ce0f09,M828,2024-12-07,385,284.76
797dd7fa-dde5-46fc-a024-d3e5992ba966,8b1b11be-d348-497c-a373-282ffbd74d6f,M805,2024-05-16,643,42.36
77d7e471-3ea4-4e89-a0ae-9fe9e9ffa556,7944e7fd-8ad8-4a5c-a489-cb278d53c9e5,M312,2024-06-21,980,203.88
9d556018-2cfd-4a20-a61b-9d3bbfd23b9e,756c46b9-cfa4-41df-be3a-b854f12d2373,M219,2025-01-16,686,377.82
8e6a0c76-6b9a-42da-b257-92ba99d28388,e81b6b0e-1245-495f-a981-4d338f482aad,M750,2024-05-29,500,85.03
76a9cfeb-3312-40e2-94e3-449ed1b30505,d633d173-f9e8-4ee8-9286-3e0c71ef55ea,M678,2024-04-24,372,314.21
efee3483-6fc8-4cac-8cd0-d81596082906,3d0fd0ab-06c9-456f-8b2b-a6ee0ae06d15,M927,2024-12-25,729,247.22
315c45c0-edd2-46e4-b376-b2f569f42389,f0b083b1-11d6-4a74-82ee-a20af7c9ca48,M729,2024-08-12,904,123.72
ac7cc840-f636-4155-9167-1b38b4c6b50f,3d9583f9-9385-4c97-a976-68beab689116,M855,2024-07-11,921,467.34
ba879885-8b04-4d3b-ae4f-931ef1f007d6,c9aa9c30-dcbf-4183-a6cd-7915942125c2,M370,2024-07-21,639,97.4
19acf5f5-1e8f-4f40-81be-ac60fcb066bf,be6a085d-dd57-4748-8a0f-befae04fcb41,M354,2024-12-11,188,137.01
13b18adf-3b60-480b-ba3c-abe8aa1f7357,1695f1dd-48a1-4e48-bec4-e0a42dec4eac,M888,2024-10-10,941,498.35
ed4c5976-8f53-4f32-a9b0-903e5f48ade1,1afe1cca-8ab6-4ee3-ac4b-f303c5b6acdf,M983,2024-08-11,472,375.89
9acbc260-e302-4f07-972b-1e75b8d8e2ae,63ffe39b-c745-4d66-aea3-bc09530b846e,M885,2024-05-24,223,234.16
10b9e8e6-919d-48fb-9337-1a74e3987e85,9be83be6-0282-4852-83b2-7ace5425d7cf,M221,2024-12-30,348,110.84
68e4b1b1-bb53-45ff-8d50-97dfd9d56f13,2f7cb2d9-81bf-4263-8528-289fe2af2b6c,M430,2025-02-22,437,221.21
a789eccb-e2ae-4cad-8d73-20fe1443f57c,d26419f9-033c-4c26-a953-c44694947f2f,M400,2024-06-26,909,121.24
3daab103-7105-4a94-bd59-003f9c37ab92,8ef5e527-0e73-45e0-ae79-2bd375a32bbe,M326,2024-08-09,331,300.91
dfb06668-d730-4360-8fb1-27a9b1c7e83a,eb064c49-ddcd-4b66-a5fb-cf9bb4c9c64c,M920,2025-03-18,242,117.65
8ba18a74-4c1c-4dfc-ae51-040a699db2f3,861cc17a-ad3d-47d9-8926-ccb2d49da26c,M429,2024-07-06,305,499.35
04c05a04-2489-4ae6-9bb3-357fde62956d,a361cbd0-7848-41aa-b67a-8e2b88da0409,M459,2025-02-02,653,224.97
6865f73b-b8bf-4b7b-9f84-53f10a76ca3c,d5611344-260e-4d6e-90dd-c7d19b737731,M632,2024-12-31,829,208.95
00aad6f2-9b2a-49aa-bf79-edb5ec15b5cb,7b929e91-5e88-4f35-88fe-34c5906cbfb4,M424,2024-12-22,418,440.46
68271482-de5c-4bd4-b8e2-2af799a2ec13,6f0ce407-480d-4785-8ae8-979a73d3edfc,M554,2024-08-21,235,442.66
2ddf7218-4a10-4a0a-aae7-2248c22306e0,c68d1224-6a26-4592-ad33-071d66c48396,M606,2024-07-13,965,320.56
cfe376fe-66a1-4a77-8a16-369c5a177c57,ba4773f5-d56a-4d38-9de1-57390cc049ae,M460,2025-02-24,688,388.18
cad8f2e7-fbe8-4e5e-a19a-69e5e5ff4f6a,ef4019d7-4f00-4aac-a47c-0210c1499e3f,M672,2024-12-26,438,59.12
9ebd22ac-4a30-46de-811f-2ba77c41bb8c,779b8b53-5fc9-4dfd-b4c6-133666d7cf08,M764,2024-07-26,188,227.27
43f3ed4b-aec8-4c3e-90b2-4d9debbf2ab1,5e92f426-2620-41be-a935-c86458028cda,M729,2024-04-16,477,372.07
02c32fac-4e9a-415c-8c5c-43f616419440,7a8bcbab-eb30-4a4b-be6c-bd46514340f4,M860,2024-05-26,886,76.79
828bb336-96e0-40a0-a009-26b923feb920,f4a03804-bd5f-404b-ac70-b635e598f083,M558,2024-12-31,640,455.48
11e379c4-3af5-4a0e-b82b-d653a244b930,75a017bd-c750-45ed-968d-9b10097fcbd5,M509,2024-07-07,699,321.4
a3e2dc9a-d757-4d6c-a5a9-efb8c6390523,45cb654c-2497-48dc-b140-35e0607bc447,M366,2024-11-11,546,149.43
4c8d577f-6682-427c-b9cb-70e9dad9c695,e01df7c6-0654-4cc8-91b5-9e9d4e0968e1,M165,2024-12-09,782,236.08
7f648e52-917b-4f08-8129-c0c8f33bec80,73e6c974-c5e1-4f29-928f-37fad0ca1b24,M924,2024-05-07,704,396.65
a3bf3845-d59f-409f-8c4d-e332741a8dd7,1064d415-181d-43ba-953d-2255903f0650,M450,2024-06-25,889,318.42
b726f35c-7358-4468-b397-10d32d9692bb,e87a2873-686c-40dc-ab74-f75a64e189e0,M943,2024-07-13,259,188.05
3739ac40-6cff-43ab-9cd3-48c1fb6fa648,b7e4e691-8d9a-48b2-a94f-e6f359163865,M202,2024-04-01,977,352.84
880fbfd7-dd54-492e-b9b1-de33db065c09,803309a5-4f8b-4255-9641-0421742a16ec,M885,2024-10-08,276,168.74
7c2bd6b0-7199-4244-9959-0e8ce2c76b9a,a50b30ba-41ae-4283-aa6b-9acbcec0f21a,M814,2024-11-16,441,180.9
e9f5a5a6-e464-43f9-81db-f7c9092ccf58,fa2c1d65-2c12-4b2d-abcd-93e962ea2625,M287,2024-09-12,500,446.15
1d7e5d5e-0ac2-48a0-b47d-999cba1512c7,06c6d7e8-b8eb-4ba8-bf4a-996882af3b78,M778,2024-11-04,653,18.06
4f3fe792-3945-4048-bd0d-50a6c82b728d,705b00ab-3d5a-42a6-9aa0-80cacbd99a4e,M971,2024-03-31,442,442.24
cb570068-568f-4cc3-bedc-50383a580f4e,914b83cf-d16f-4613-bb96-c649a8e2b907,M255,2024-03-21,763,498.48
db8a28e6-6c34-4612-b730-7f649933d3a8,acb9fe1b-654a-4c23-9fd9-f98baa351580,M175,2024-08-13,108,200.63
01a6f462-e2cb-435b-b216-9353f91fbbfb,206e730b-afce-4162-a3f9-d8f0a741a15b,M229,2025-01-07,316,435.34
e22860e9-5b2e-4b15-b1c2-294680952cec,521896a5-a8be-413e-a1da-afc807842d6a,M775,2024-07-19,682,31.75
e4d6bd1e-1917-467d-b022-cf94a086faec,92aa6371-30bc-42d5-901c-7188daf1cb88,M990,2025-01-02,923,91.7
8697a8ad-8232-48c9-bd93-6aa5180f982b,0a8c2d58-b7b8-4027-abb5-f47e1e4cdb7d,M676,2024-05-06,221,371.39
a8bf3f74-5f72-4820-ac02-1abd36104ab7,d679e3cb-2e9d-4d70-9586-1ee3c9111000,M140,2025-03-13,441,304.68
525eea03-436e-4ff7-b9dd-952607183e23,9cac10e8-3e02-4563-835a-48c5146a95e0,M924,2024-07-06,753,175.1
59866391-7a0d-40c2-a5c5-429b4b4bf4d9,24fe8bb2-0c2a-4c9f-bfed-89b03a76c8cd,M669,2024-08-14,570,22.02
fb7bfde3-aff3-4157-9cee-4d845be22a5c,799a3fc7-1856-4724-a7ea-3686dd1824c2,M470,2024-04-02,804,276.53
e74540ed-36f5-4cb9-985e-6596f2ed3165,6c9536dc-e6b2-4aaf-afbf-a7e59330dc89,M753,2025-02-26,143,248.96
3bea610e-75fc-4cff-874f-56048fe22e17,7e6b24f6-1349-4924-a3d2-1799d65216a7,M445,2024-04-19,626,468.62
bf2142f5-3f4e-4a35-8c81-065adece302a,52566c78-6243-422f-9b6f-d0d73e1ccc2e,M355,2024-08-28,274,43.11
d6757047-3a72-4a67-91c1-89aca57a12e3,295f91c4-ce7f-4089-a7da-a696aef91a13,M125,2024-04-18,755,65.98
85b2020c-d7ec-47a7-a2bf-163c0ebf2b95,559fb466-994b-427f-a102-ce805003de52,M862,2025-01-28,320,308.04
8e475baf-9a7b-4622-93b0-e277547c9522,b9547469-c302-48c1-89e4-fc3d70d1b878,M215,2024-03-27,172,160.94
92a86acb-1f5d-4aa7-ae3b-2940080dd4c2,ab3d290b-1739-4d98-ac1d-8895429a13df,M764,2024-10-26,680,388.27
a6a5dd43-8466-43b8-8fcc-4b7a9744581b,52094e67-13df-4bb7-8af4-c005a4328aba,M607,2025-01-18,736,90.93
9c896a45-b259-4ed5-88ea-a81dbeddd135,5be17285-f02c-459e-99de-24af4476dccf,M779,2024-06-20,862,391.93
6686d15c-43e3-4418-9674-a0aed33c5295,ec9aae36-9202-41a2-adf0-5d84ef64fed0,M290,2024-04-10,480,330.74
f9526d5a-65eb-4ea8-bce3-d2c8aecacd2c,c30debe3-56a6-4ccb-baec-1f341dba55e7,M129,2025-03-08,419,83.91
b084f8ed-44d5-46f8-8195-1278304d88ab,59975ca2-9de8-4337-a08c-a97a26727fe5,M363,2025-01-20,682,475.12
aadc8a3d-e670-4fc0-9e06-acde025ed389,d3fa18cd-797d-4bc0-936b-6fad5bdc2728,M446,2024-11-10,261,169.42
e7e4983d-0ad5-43ef-b437-8431c75b71ba,f33c091d-36c8-4c5c-bb43-500ed2c1a317,M946,2025-01-22,872,437.24
e86d66c9-1749-4591-817a-b8cc4e2068e2,25f31b52-4ae2-4430-bdb4-3d09d5811e51,M452,2024-05-22,402,364.0
da1e8491-49df-42c8-89a7-ede2890b44ed,459310b2-2c66-4594-ba1d-098eada62680,M236,2025-03-15,781,313.54
40290c38-b37d-4406-adb8-3450fcd92fbf,2c633b56-9b79-4f1d-8b9b-013986618cd0,M338,2024-06-19,534,277.2
a75b8761-c4b5-473f-b64b-ef2bc2209448,7273747b-cced-4951-bae3-3daa9acebac8,M109,2024-10-10,596,60.53
1c1e6a46-4b97-497e-b74c-7d7189e6e1c3,d7684da2-0f53-4f3c-9aa4-21ecff6349ed,M733,2024-09-26,366,8.11
b3565e67-3be8-4439-a407-3fc2643d5cdc,3e387ec7-f4c7-4d62-8b9b-a97f5a1061e1,M437,2024-05-31,584,250.97
06703ba7-03d2-493f-ac1d-a84366558536,95ced20d-478a-43da-b29c-f8e76a21cb6e,M187,2024-09-20,896,155.08
c703e941-b084-48c1-a9b3-88d80d2b6c5d,be6108d7-5c89-4f0b-8a94-dd7bcd160d0b,M216,2024-12-23,589,239.85
8b87695f-f078-4c06-b7bc-12e48695ee0e,684248c0-6d55-45af-86d5-0155a2332b09,M719,2024-05-02,347,120.09
f29922ac-8a12-49f6-9096-55f4c7d2468a,52a69fa6-4fa7-4f04-9bdf-1df0a8d623ce,M146,2025-03-02,619,91.53
5fa42a9a-7ff1-48d0-96cc-ee6056dc7bdd,1f0ebf6a-37ab-4eee-8142-46c2edd86373,M365,2024-11-05,962,27.31
c25b83d6-a0cd-4e4a-8402-acc3331e138a,9d8efaa4-bfe8-410a-ba74-2fa5441a1927,M328,2024-10-18,273,453.56
53c978ac-ae68-435f-967a-da759433abad,3d74dcec-0b55-4130-8586-4072f9249121,M383,2025-03-03,163,276.5
ff847c90-4d28-4457-a9cb-3a4b7c12f03a,d2af6d7d-9d19-450d-a0f0-d09783409f2d,M595,2024-09-04,951,66.32
c5c167ca-5298-4aab-b2f7-eed09b5d1f8b,10713fa7-686f-4872-82a3-4c13f2b707fc,M494,2024-11-24,186,420.32
18365951-e6a4-4510-b777-b343c0cc7bbd,792c9cf6-ebdc-420c-8806-367f139e0d4b,M968,2024-12-27,387,134.41
deadcf43-75bb-461a-bf86-1946b8d9b8e0,a6aa9dc1-aeae-4ecf-91ae-3b4ed004ecb6,M421,2025-02-16,164,183.39
58b27e54-3e51-48bb-8917-19f61110c758,21422cfa-f871-417c-a83c-968cd6629bdf,M988,2025-01-03,957,348.71
fede4e9d-9514-45e5-af7c-06057a29acf1,afe5384d-66dc-42c2-9c45-e18fddac91c8,M596,2024-12-02,694,39.69
ccf4692c-3fa5-4d78-91de-1b5b8d682582,0fc634ac-0bd3-49e1-a79d-70c4fc3d4979,M484,2024-08-14,835,330.13
08f734d8-8850-4f46-9c47-2f07f37dd767,9239ee36-f76d-48a0-aeb5-0000c4ea3d14,M177,2024-05-11,621,423.9
62e89644-1270-4620-875f-4b93530432d5,4ee7dacf-0982-422a-be04-be39ca9a7f11,M582,2024-10-21,415,354.8
e31a5cf2-a122-42e4-abaf-503527393af5,0539c300-ce8c-411a-b510-e969ff3d07ba,M118,2024-09-10,757,254.31
8c9b581e-1e1a-4e05-aacb-9e5deecc6106,fe42f2ea-47f0-46c9-897b-893037778808,M207,2024-09-16,898,305.98
8531b030-5f0e-4a56-9294-c4c1d41661ab,1f444f8b-fe33-407f-8c3b-502fe1cf18b8,M834,2024-03-22,744,135.52
124a06d5-f483-4c43-b9e7-c632814d26ff,58652c3b-a47c-46d6-ac40-7feae2d572aa,M726,2024-08-11,442,435.62
8c60fa57-990b-4c09-992b-feb2267cf04a,76169c35-4813-4da0-9023-d1733469b3d5,M870,2024-07-14,130,126.89
11c01745-0c9e-4446-bd85-2ac8b42a4917,56df2c21-364b-428a-9050-62f30ec3ccb1,M512,2024-09-06,162,76.97
5d362686-5c81-4cee-819c-3c16ea0a758e,4573ebe9-bff8-452e-990e-63e622b47c1a,M103,2024-12-23,387,347.99
a0415171-884a-4c37-a4b3-279a03b87411,f20156e0-40ca-448c-8210-f0894a81c2b3,M459,2024-05-02,731,186.92
7d7daa58-d927-499a-818e-ef4127fb22c8,3975f940-0cc4-425c-88ae-f5aff5bf5d3f,M880,2024-05-06,347,386.29
8c930234-3c3d-4b28-9eac-15f6ad88143d,842f2a2c-dda0-4bb3-b777-28f2c81f203e,M977,2024-11-20,498,456.55
72e1ab03-dcd9-4701-80c9-e6369880017e,801dfd23-6f9a-45b1-b67c-5de5c20a7efd,M974,2025-03-02,914,82.05
fc0c6b45-60cd-40ef-84d2-4647ac0a5a69,6c27ed89-af05-4b66-9028-22657faf3db3,M739,2025-01-22,131,484.86
3b06f6da-9c77-42ca-b5db-f8c8f9f30b7e,43f70bc2-8f17-47fc-b8a4-3fff40697408,M542,2024-06-11,675,40.97
49f772c2-4690-489e-8f76-65d1457378c0,1cf7a21d-6f63-4159-bfaa-62d7483b432f,M766,2025-02-09,601,147.82
d71f05e6-6fca-4afa-a08c-3d51fcc3c210,81944f83-4f26-4c93-8e7c-573bee0ef1e1,M989,2024-11-09,900,275.32
1f22f64e-e3a6-4174-8aef-21078a2bf083,74905fee-6bad-483c-8037-0665ce1790f9,M977,2024-05-19,609,467.22
14db0643-d49e-4c08-874e-25f6f74523ed,ab1ebd1e-2f84-44b6-8830-2f2a683f4120,M740,2024-12-28,583,55.33
d8bdca90-9115-4243-a980-d806ab83e679,e24b0265-bf33-425b-b236-b7eafec08c2b,M769,2024-07-20,127,458.42
9b95b0a3-884a-435b-88e4-d30ab9ea3464,09291de3-a9cb-4dc1-aa4c-262e8d192cc4,M581,2024-11-19,199,389.88
183cc0b6-2ddd-421f-8830-af58c5784e35,993ca686-827f-4b49-80c7-26903f255eaf,M912,2025-01-10,118,293.2
9d27d79d-79d1-44b3-8459-adffbaeb2bee,f4f11b82-c7da-4720-897a-9d413421069c,M258,2024-05-05,480,479.58
bdcc3e88-d579-49eb-bbad-4a00c839ff5d,85aca5fe-c6ac-4961-b4ed-6dc060e6a5a1,M488,2024-10-09,636,440.34
02e942c2-d8b9-4f51-87a2-5eab7651f43a,ef325b7b-a254-4f41-9d19-8e80426b9668,M743,2025-02-21,983,424.61
ea82b845-056f-47ce-b3c7-a245f3006369,3188fb5f-daf0-4d54-a435-57d88b2cac2a,M607,2024-08-01,280,199.96
815ce654-842b-4264-bcd2-c0fb7d85bcda,c610b7dd-bb97-49f8-9382-374205b9ee91,M129,2024-06-04,429,307.5
eae28e0b-c1e2-4dff-a93b-60742edacc90,41ec6bd7-0c6c-4908-bac1-dc9e42c1192c,M696,2024-10-06,400,309.02
7ba6959f-c538-407a-bb25-b6889885f31f,9191c914-7646-4e21-a388-3c699a932faa,M428,2025-02-24,836,458.26
b573d244-5b86-4fa5-9655-49ca9fb745e2,7f0463b4-e289-43b1-a6eb-0c9213d8cd6c,M124,2024-06-15,345,75.66
d53ae5fa-c69e-410d-98e3-9ddd420773d4,f060b53e-972a-431e-88d4-03fc51a632cd,M554,2024-12-30,646,159.81
7ebb333b-3fbd-4b7f-90a5-2f55c3c22026,c36bbfb0-d27f-405c-98d2-4024b5f3ac52,M312,2025-03-20,452,327.31
35e25fc6-ee9c-4ac8-b4e2-bc59a69e6d75,5bde2d0c-4abd-4f4a-9943-a52ad2b3d98f,M383,2024-12-25,251,227.27
7785e45e-3dc4-4ed3-9934-d45c02d27bcf,7c87dd1a-781f-4f54-b9a4-b1ccf24dac19,M979,2024-05-12,187,20.82
c5fc6694-a38c-42d8-87b9-760afe85bbb8,94ec6374-0563-4fb9-b007-21544ef218bf,M881,2025-02-05,442,6.28
fbf47855-25d3-4917-a0a5-3123426af077,60cc55ab-e679-4adc-8713-067047667d14,M616,2024-12-20,581,22.65
9e18d16d-e48e-46e3-aa62-c541ddc6d90a,71f2d6e1-a4fd-4c24-87bf-93828f1a38bf,M117,2025-02-19,591,289.82
017b2d57-34e3-4b60-bd40-1f7fc26ec91b,5e9290a4-c03a-41bb-9c97-4d5c66ba8d75,M358,2024-10-16,475,156.26
9aece096-fb4f-4bb6-9a38-3e7dbabdd89a,d37c62bd-3e98-40ba-9f48-354e69f9051a,M741,2024-12-21,787,414.39
c30dc705-0605-492f-b12f-36d079424295,e1bab15e-26d2-417a-bfe4-6fd4150cec34,M686,2024-06-30,974,489.73
82d77fee-d49c-4696-ad2d-fe69d831d084,0f177789-e431-4cec-8932-90c45a415cd7,M718,2024-05-10,531,396.44
1e51e8c0-2d27-4c0b-953b-768ea8318c0b,63616c6f-4469-44a4-95c1-698cc852f06c,M266,2024-05-07,766,92.26
fc13b25b-d24f-4a7c-b5d3-d23479b5d807,6ad3f282-f5e3-43ac-9410-8627afe4f06e,M338,2024-07-08,502,109.75
45330b47-a2c1-47ce-b8ad-e14184f68e2a,1d68d3e9-3b91-432f-9069-ae9ffa3f02ba,M678,2024-08-17,580,484.64
23fa1c1f-5eae-4e5f-8645-ef1280f9e061,43b3623c-1fb4-4a42-a26f-45c8ea9d1a4a,M987,2025-03-17,927,45.23
8124a1f4-b9cc-44f1-9dd8-10ffef0703a4,36b17dfc-5ca8-4383-8437-9c7d8a03fe3f,M597,2024-12-18,357,124.86
b5fef184-aca7-4334-9d9d-7116ef39376e,da9fab6a-932f-4856-bafd-11bbf0ad4de1,M608,2024-05-23,100,356.16
bb9c3374-089c-46f1-bac5-4c5426db03a3,b38ffa50-b42a-4f12-99a7-e3cb73d73df7,M259,2024-07-01,124,21.22
b8c8a12d-40b1-4977-ac11-ca14c444a7a4,df4ef6c3-5b2a-4b80-8e12-4bd25623ffe6,M813,2024-04-27,110,344.44
36f1e7d3-f4c4-4608-a1bf-1078caa869cb,45a8fc20-5255-4e6e-9d99-282f97641f88,M926,2024-09-29,157,393.66
cfb59ae2-a5eb-469b-b339-3b4bd4731b78,aa7fbb53-015b-4aed-88a7-1b18f85896c4,M351,2024-08-27,121,91.72
e1878aca-6d14-4579-8dbf-a21b8d531a91,350b6cef-c87b-444b-9189-7587ac19b4c2,M224,2025-03-05,811,173.87
17f878b5-c4e9-4003-89bf-0db9a20c45de,4ad74d7d-e069-4548-8a4b-ab0ac89059e9,M349,2024-09-23,690,242.95
176d5349-989e-43f0-9e9c-ffb3cd56f40b,e2040e9c-461f-4980-98d0-adbe5f6a97d0,M733,2025-02-14,953,474.63
963da95b-d1ba-4de5-aa81-0051774f64c6,d73e8ed3-d660-4e04-bd8e-a683477fef04,M916,2024-06-24,750,146.56
46845dec-f8a4-4798-b76c-5a309e7ad2eb,429e9278-5192-4eab-8be6-2a16260eadb6,M129,2024-08-22,221,15.12
a8973c61-fa2d-4f99-acf1-9c437d6a30ef,cc2eedc4-f54d-4e38-91fd-decfe0f2586f,M861,2025-02-17,697,8.94
6a233479-c42f-4677-94f5-d630e9399992,956dfd83-341b-46b6-a6bd-89e3bbf377c3,M486,2024-09-08,427,477.26
e6a2670c-6fb4-4c03-a956-c9d771b9164b,f43e3e8e-8539-43d7-b015-0ed777fdf851,M879,2024-12-09,321,284.09
24047bb2-fe52-42d7-8296-aece255e543a,4e412e1b-4cef-4525-9b92-8cf0c1b91211,M904,2024-06-10,655,320.18
0071369a-3ca3-4d2f-b53d-65326634a256,f681f7c7-f33d-4c77-a388-ac93edd23212,M586,2024-07-26,747,270.33
ec5795f0-21fa-4928-8786-3aea60831292,a0baae41-44a1-41e0-a169-9ff9f760a4f4,M373,2024-12-03,618,48.14
8e1217f5-4296-4540-bd84-a9ad6ab606eb,ed2ad7c0-9077-4199-930a-cc1191635743,M505,2024-05-29,994,392.84
7d136f6d-c52d-42c8-8964-29c1b307aa12,6209557c-25ba-49c2-a219-7dd4201f7f89,M241,2024-06-12,716,77.45
c22f8784-e749-4901-bc03-fa1731488b36,1c08ae0e-f214-4ed4-9cfb-790672ae6eb9,M204,2025-02-12,707,234.1
50c54ac3-7140-4b99-9eec-1affb2f49615,dfb195d6-9dd3-4d38-8d85-43f23f2262b7,M997,2025-01-30,432,402.89
cf1ab79b-e0b5-4bb5-bfa2-375c7c145f37,4b4a8728-f5ac-4b88-96ce-4e00de25b0d1,M256,2024-09-04,507,250.18
de6fb06f-af21-42c7-ae5d-23639f43c04c,5116214c-e34a-403e-824c-b4dc5d11ff63,M478,2024-07-31,744,337.99
5e12acaf-a57b-494c-a339-0ed18ea3edaa,3923080a-a482-4621-87e9-f539b70b4229,M599,2024-12-08,868,456.59
baab041e-af65-4f09-a94c-53eca8c45578,7aa8e1bf-0033-4893-a3a2-4b8702bc0820,M174,2024-05-09,874,99.02
04294695-30a9-45fe-83b9-64f9b9c37df5,db5eabdd-4c26-4035-8a7d-5026d5ea52e5,M248,2025-03-08,666,134.98
3dc5a111-04f1-41ac-a805-c746eac32126,6b3c5d3b-78c1-4590-b49e-60a2285626c8,M765,2024-09-04,461,424.31
11bfd6b1-2b54-488c-a693-cdd1c9fea36d,2d626d0c-e6b4-4cb5-91c4-b26bc3fc9fe6,M887,2024-08-22,734,8.77
b9fdc9cb-4e0e-481d-b40f-a85cf0c322dc,46565261-4001-4762-93e0-818c706f529f,M244,2024-07-03,953,169.19
6f7222a2-46c9-4c1d-9f6b-a49dbe77e572,d3741164-1a54-4be0-970d-63ddc448de25,M531,2024-10-07,330,173.06
c7d149de-d8a2-4ee1-a488-e36b5e9bc31a,b8680adc-da1b-46ab-814a-1562010ce677,M333,2025-02-04,905,328.86
b0667798-346c-40af-b0d5-95b2cb99af94,0229f6a7-5c8b-4212-99fd-c9e14e5a10a0,M913,2025-03-08,990,110.57
6f6dc4ac-29ce-485a-a8c7-5914245ac29c,d6da017c-40fc-4cd8-8ce9-807b1390c4a1,M156,2025-02-11,449,44.75
1b52bec0-08d6-469e-9909-a457b0945477,196d75af-0798-47cb-9436-79c422c8b7c0,M759,2024-05-27,242,116.42
f790285f-c123-499a-88f3-f1030f7de8f1,b1f23386-73b2-4d38-abf4-1965c5c35c13,M699,2024-06-15,330,324.96
7e1452bb-f56a-4778-be1a-69d3b15da686,1666a132-98da-449f-9d49-9ce1ff37b8b5,M164,2024-04-07,435,21.88
85f5e9d1-fd4e-4579-ac74-e0d8688bf981,cfa78917-c04d-4597-8863-a722540d89c4,M300,2024-09-06,895,405.12
ee9e56a4-772b-49c6-8c0f-07b5d022a7ea,587dfc4a-e2c4-4b3e-a50d-593047e4ecbc,M245,2024-10-06,742,28.35
aa6b188f-4f02-43a7-9bda-aed694709c86,ca77e322-39e3-43af-bf38-302ab116ff3f,M110,2024-08-20,642,73.66
698afb23-491d-4679-8c16-f69e964ce065,7d1cee85-6e39-4d21-982a-d41f1de559b4,M934,2024-08-04,739,168.96
f8f44af4-a3d5-4c1e-a1b6-a2dab56c644b,4763a3e0-cea9-406a-9045-3cdc56d7cab7,M388,2025-02-13,507,112.6
560ca433-a914-4229-b621-7ae6ec7465ff,e9b5b4f6-2e32-4034-808a-a846eac6beff,M292,2024-07-29,191,219.2
6f13fa58-225c-44a8-8480-ae95a9bdf7a1,8d52cc56-b1dc-4b5c-9b6c-b60cbc2721bb,M173,2024-09-04,919,53.71
f3b5e14c-657c-4484-a672-5bf8176d19a1,4903c1bc-c678-43ca-909e-032f8d00c3a4,M104,2024-11-26,714,6.72
15731237-d49d-4703-a246-8455afd76f9d,f8da8a43-19c9-4944-a630-3afcbc646db0,M848,2025-02-17,786,135.11
d5d4478b-a9c5-4ddf-962e-fb8387e2ede1,a1872775-f7a5-4c95-a789-2387008b17f4,M885,2025-03-01,634,414.17
d25d8d87-30ba-41e0-ab14-3207fb6588c8,aba02be8-9b07-48bd-8fdf-a1d4b88c048b,M803,2024-08-10,327,308.78
7d57721a-2092-4c40-a610-ba4f6daaec8e,1294ae46-f349-4fa8-9ba1-63a0c2d8e0db,M545,2024-06-23,465,317.8
a9835209-55a3-43bd-99dd-cc70b7bf4a0e,0c2a4257-29dd-40e9-b018-d25012b824ab,M757,2024-08-26,728,155.69
07c7698e-f8cc-4570-a6ee-e3cc6c40f83a,e7f91da5-6b2a-4a78-bf45-c2d59467d700,M277,2024-03-23,847,87.01
4877b996-77a4-4fac-8882-5617ac0d73f1,8e65f9b9-fc85-4980-9bbc-490c04ba82bc,M772,2024-09-18,639,409.06
232373ef-5194-44ab-b141-8257451ae62d,aa9e190d-8afa-4d94-adda-023623cb9b55,M544,2025-03-09,833,60.88
4f0d092c-98f9-4a7e-acc9-4a45105554e6,34524c3e-b209-4cc6-80f1-f90e7d17b1d0,M960,2025-02-27,555,180.53
3018120a-65bf-44b5-b331-a33af4bab397,caa401c5-151b-4e7c-bd80-eb5d366dc800,M151,2024-09-21,369,323.73
8e43595e-b154-4889-80b4-2d07412681dd,f7dd50ce-7782-4e40-96cb-89e86a8d721d,M712,2024-11-18,713,339.54
78c44d78-09f2-4ee0-9a58-5a387a161983,2a99256e-4600-4050-8905-21d61bf692a8,M934,2024-03-23,172,152.4
480bfab6-4c6c-4002-a69b-604eea4ae6b1,5a4d0f5d-521c-4481-ad4b-2a412f6ed319,M639,2025-02-06,362,156.8
0b5df7d0-bb7f-484c-a402-336cf9c3ba74,250f2a82-523a-4637-8c3a-590078f36a34,M116,2025-02-09,746,237.63
c65267a9-d293-4513-8fcd-83c5c7d65a0c,858271c4-2b62-49da-9256-36292bb90d4f,M330,2024-04-14,750,62.6
ef50940e-0224-4886-b240-f3f31fcb8547,6d470d53-c313-4a38-9031-618afb751c72,M173,2024-04-03,344,321.92
f1d1af9c-5953-4608-97c5-e83c6782b622,4ffae3f6-f4e2-4c5e-a75f-083e47fb4eab,M802,2025-03-13,977,455.39
bc520414-e8a3-4449-acab-74101e61c535,bfbefb4e-b168-4ca4-af2f-d9da09231e18,M402,2024-05-09,242,269.68
d8f0ceac-752d-4fae-a0a8-397f0c1b3c25,7c39889f-ae53-4385-907b-03beb734052d,M283,2024-08-09,708,402.33
12f46ba9-7d5c-45a1-a405-e5e519f2faac,f7024c82-9f30-469d-888b-d04a9600980d,M583,2024-04-02,372,129.26
6c818796-ca44-44f7-887e-c31f8a187e06,9e44abfb-fd2f-4dbd-8b6f-a2948ac30b25,M827,2024-08-01,638,46.96
55a3cdfe-63cf-4668-9069-f8c5ff7de803,5612c64a-2dcb-4203-ba9e-10e946a9edfd,M381,2025-01-11,615,346.61
2a628b01-5990-4097-bea9-182464a30022,4182900a-2fbc-43ed-87fc-6dd2febeedfe,M813,2024-06-17,190,377.56
6fe562f7-5315-49df-97ee-1db377710c30,1ef39929-1929-4752-850a-4fe015a640d0,M303,2025-03-01,155,418.92
9db4fe26-3a46-439e-af60-f9856ede40d5,281197be-54c8-496e-bb5c-2b4424a9c4ad,M775,2025-02-19,127,342.78
56465cd9-8e8f-42de-91e0-feb03929e72c,97ca0390-2fc4-4aa1-bd6a-fde208a78eab,M989,2024-08-27,935,225.6
7b843baa-08f4-4868-afec-6f7ad9e547a9,43fe811a-e7d5-46ec-bdd0-dc258b2d0e46,M385,2024-08-01,894,310.72
d70e9c45-4497-4943-a46d-3044039d4f0b,c320bb10-aee0-411e-8be7-bf1a59e5ef6a,M743,2025-02-07,750,378.18
f158acf4-dc0f-4048-ae31-94e9294c888e,53e10df6-3e36-4b9e-b44c-6e46cc9ba997,M107,2024-12-16,925,286.22
6086979c-6843-4fd1-845b-eff7622a661f,128a0344-05ab-496f-868a-77c1f758df34,M108,2024-09-01,681,180.78
19425346-472d-4ab9-908a-275165cbf31f,4807c7ee-5214-432e-ac03-9e7c0bfe37ac,M609,2024-10-22,289,106.31
eb9d5f98-88eb-41a2-a621-bd6b5e7b043a,568cda3a-cc60-4ba9-a4b7-2e42e3979e52,M379,2024-07-27,516,171.95
986aba94-5c3f-4cde-b852-3b524b83d768,2199287b-d865-4785-91b3-02e5d58121e6,M681,2024-08-19,497,391.78
55060a44-0c78-4c72-b5bc-2e6dd3e4bd74,89d0d875-a242-455f-b0cd-72774d275816,M854,2024-07-20,124,23.72
ea1f4fde-5fdf-4c19-a76b-f282136f2f0d,e207f932-c6fc-40f3-b3d8-fc27a32bc8c6,M581,2024-08-01,672,165.65
b4b9b3b2-79f8-4254-876f-cba76759d71f,35c16644-ed86-4b5e-8eb4-83de7ddda477,M670,2024-07-01,860,254.71
1ec2352d-4b44-4f97-8119-d3a07f595f6e,0bd42e9a-8b42-4d9b-86c7-57f203aec398,M919,2024-07-02,874,210.53
01c03eab-1efa-44ba-b211-d933fe6a10e5,0634707d-0548-4bce-8517-f28cc934f70b,M406,2024-07-05,726,116.13
27d5e943-ccd5-4535-ae19-1f0c093511d7,d818b26e-04eb-4c2e-be25-30f5eabc3e34,M601,2025-01-26,218,108.91
0fa109d6-2993-4b74-bb59-7cfe7c76aff4,57a753e2-bb04-4c9e-98bd-d96d6d5336d1,M773,2025-01-12,462,394.11
4d78073a-fc3a-4a6c-9458-7b16584fde62,d605bc25-b1ca-4b5d-91d1-e6cca6b2daea,M374,2024-10-23,612,333.47
c7b5dcaf-8afa-4a79-8372-02a39f163b00,97d2c807-aaa3-4622-ae9f-680693b384f4,M270,2024-09-10,314,59.62
5033967f-6b39-4fc7-a380-673f61259557,8a69edaa-c79d-4ad6-b3bd-938bd2d145d6,M957,2024-06-14,174,406.28
55ab6644-2236-4de9-9cb3-a08c77e89002,daef32f1-d543-414f-b32d-fd9e82caa9cc,M645,2024-11-21,726,222.86
7d1f2d8b-18ba-4380-96a8-97f16895f2a5,a68c7180-d886-41e6-8b4e-8c85db1018ff,M420,2025-01-31,995,281.42
e03f2c22-b05b-43a4-b76c-4c95c43b4244,5576fd75-de6e-4cc1-be80-a101540c8b70,M447,2024-10-20,132,430.02
22a053fa-49b9-4b98-876f-0c14d422dbca,821db43c-a910-4290-af9d-5cbd67ef0a94,M125,2024-08-03,884,218.99
78212e4e-e757-43ce-96ff-d48cb50f43fc,68d116b1-0c55-4931-9973-accc742f3ea1,M263,2024-12-06,804,57.62
e95084ba-d8f6-4788-afff-a10b83843cf8,271713a6-f4c5-49b8-917a-18f13ac89b8c,M432,2025-01-05,105,184.18
5fbd3324-de30-48f0-a1f6-927be078448d,6dea418b-34c8-4b22-b8a3-278dfc435e05,M762,2024-04-07,438,213.05
2447bdd6-f6f4-4a25-9a15-b500ba21026b,84226428-f6bf-4a49-8de8-cd40942f6538,M442,2025-02-12,427,404.66
0d263096-92e6-404c-a5b8-254d351c8db6,7a73d7ea-21d5-49f6-9a57-c07fade49336,M946,2024-12-10,543,290.86
c60cbe02-6fcd-4f6b-8993-4bfb2ffd7dc5,f111a77c-6997-460a-9996-dc239bfeb02f,M253,2025-02-12,453,307.33
532e9862-9f0d-479e-8cf6-fbf376910fb1,f11163e4-57ee-44b5-a8c8-cceeb6334761,M229,2024-10-02,660,37.95
373aaa5c-8c80-4bd9-9ef1-58e9a6fa6fc3,5997d855-43d4-4c09-8c6c-04f7c68f9ba8,M536,2024-12-23,642,402.31
e9c6957d-cb3f-4b0c-b7f3-b886f604cd71,348db5fa-65df-4b1d-b09f-05b8f9363eea,M544,2025-02-09,800,274.84
c1e35ba5-342c-4a66-b70c-3c688b8d0c2f,b51cb7e5-c5ab-46d1-9aa7-c682f93d284d,M637,2024-06-12,558,252.54
f3f68e02-18f7-432f-a8fb-0fc5557e88b2,a31c1341-5248-41ba-a0bd-f79b347529a4,M846,2024-10-28,389,176.72
5869ba52-3ece-41a4-bdaf-cfb97d7a1a3e,d9abc63f-bd0c-4a3d-93d8-23bb5220bf38,M697,2024-08-22,939,303.18
51cb0cc0-3fee-4544-ac8d-83cf1efb2849,6577cb8e-7c99-4ef7-8733-b24b84473232,M850,2024-11-06,728,292.1
8d168d0a-4106-45bf-9584-828223693f4d,4b7ddb32-d124-47c1-9412-12d2138b153f,M894,2024-09-20,224,42.71
05da7352-5c07-48b5-a0cc-90a04a0f20f2,2c1394cb-2e74-4bdd-934a-ef382528b0c8,M730,2024-07-06,178,243.06
be3c8996-0cdc-44af-b03f-f819ca1df776,1070335c-4962-4a1d-8db2-7b63d783e75b,M183,2024-08-20,940,38.68
faafed4e-e423-46f7-9c49-f8a48ea0450c,e79619e8-a057-4589-8c7b-460d71f0054d,M913,2025-02-25,645,496.95
52a274ef-2573-4f0e-a9dd-70ee75b3973b,ca81c7a4-f1cf-450c-81e8-c0e0db11944c,M325,2024-07-11,790,89.38
7f32a619-a02d-47b8-afec-7aa2a89edc74,19266569-409d-45d7-89ef-1f8c189e39da,M177,2024-03-27,321,430.63
7901c341-acfb-4933-a769-c9082a55dbf5,d8335125-b9d2-43f6-93d2-424db20404ed,M356,2024-06-05,933,468.55
dc912628-f50e-40f6-8c1a-fdf35050a8b5,a7db03f1-78c7-4a54-b668-5047a625b40c,M558,2025-03-09,991,114.15
ee15c7b2-3970-42a3-91e7-04bbb164ccd5,10e77d81-e515-4fb6-9931-5f395284c6a3,M354,2024-10-26,600,288.08
de9a93b8-2313-4f6a-8046-975edaabdfad,f65a0b7d-83a0-4981-a756-74cf5a7d8993,M932,2024-04-30,440,324.9
93a3998f-4b11-4316-bb07-a11ae2310c1e,27215b85-f2d0-4548-89d7-5e167c6cc922,M205,2024-11-27,455,491.76
5f543f36-6fe7-487a-ad34-a439b7b6fce9,33c77bd8-057e-4156-972a-28b8f65433b0,M871,2025-01-15,651,432.13
06a387c0-3ca4-4010-ac2a-4e3df7c6fb3e,198c9791-1d3f-44dc-a41f-0c5f1d7d5424,M372,2024-05-01,381,247.26
67661973-e71d-4201-8b3c-c77653de1946,51775a84-bbfa-4767-b340-236426356b50,M351,2024-10-21,912,493.86
b112a0a8-06af-4e71-a7d3-512c884987bc,6913053f-c0b9-488d-84fb-7a4c8be10f13,M406,2024-08-24,612,497.35
9d53fc3b-008b-4097-b506-e3c32c702831,ddb39361-411f-47cc-8006-44313d455363,M523,2025-03-18,403,354.94
62229c13-9949-48ff-9c5d-8efae7a37fd7,258884df-e387-41da-b880-f0ae603d6668,M487,2024-04-19,943,26.92
8fee9e48-6b46-4d24-ac86-a327c6d41aed,58a59a6b-aedb-4912-9b6c-f5dbf22e6b4f,M603,2024-09-18,653,36.98
0bae5dce-bd6e-4345-801f-d80605bd3c97,8574e9f3-34de-42aa-b9fa-98eb31fce166,M290,2024-10-30,992,424.5
282b8eda-c6c1-427d-bfb9-2cc60663115d,2ef5cb28-cd20-41f9-93a6-06000c0196d9,M228,2024-08-21,130,449.73
d67861b4-48b2-4081-94d3-7c0939434961,7256b2d2-99f7-46e1-93e2-0473f6d08ca8,M748,2024-08-31,351,49.92
9fa8ca0b-99d9-47f0-b13f-a3226a405792,60a58132-04a2-4984-a560-ae11cae49708,M844,2025-01-03,243,124.02
8e36e4cd-d0d7-45ab-a10e-3c6a4e553612,5a4792e4-188e-4f98-89e7-56295438bc68,M978,2024-10-14,722,47.3
a9bf798e-e104-4813-a016-cf9dbcee1583,9e4b523f-2157-47c3-9f3f-56b2edcfeb70,M370,2024-12-10,662,209.96
85e921b9-88c9-47be-ac6c-b7baa1a7e5e8,cb4f6c35-0a97-4dd1-8053-e619ab7c3408,M411,2024-12-06,328,46.27
4bea5b2a-c1a8-4c32-959b-377abc0fab34,9fe30d5e-b8e2-489a-9bbb-2096c780d0ef,M109,2024-09-25,487,63.02
2bf9e81c-bf10-46af-ab80-05a26ae2bcea,ba08fc90-a640-4ecd-8952-541333626ec8,M456,2025-02-21,646,354.2
641a989e-dbe1-494d-b498-f6b05994294f,c15467d1-0426-463b-96aa-c851d002a262,M746,2025-03-17,100,491.71
94ece250-659f-4304-a72f-56e77f814de0,38aefa67-041a-4ebb-892f-f7d8f7eb5ccc,M114,2024-07-21,271,272.33
4a960941-2deb-4fd7-a19c-d715547cd66d,ae558f4f-1294-4a67-bf5d-a8a01d66fed6,M932,2024-09-20,600,361.78
a89b49ee-9913-4835-bdd3-5b02a81a93b1,0cca1cc7-da03-4b8b-9446-d43bce502424,M548,2024-07-02,706,166.45
80745c09-9ee0-4a94-99fc-84ee577091e5,9ed616cc-1d6b-4b72-bee3-201e46076433,M446,2024-09-23,439,42.49
39dfd3d2-5b71-4072-9065-3b702084cd4e,ddb28b69-eab7-420e-9873-ce9ee60ec693,M852,2024-11-22,572,340.86
7361ccfd-dd0c-461f-a890-af5549a3cfa9,74f4ecfc-dd7f-4915-8e83-af6c0961c003,M702,2024-11-05,602,220.81
770aa947-44ea-4c31-81d8-6c712ccdba50,bda93bbf-277e-49b0-b7a7-7bf56799eff1,M868,2024-07-04,316,348.18
55f3e01b-0c7e-4edb-866c-f20135b9d584,6a6ee21a-df71-4c45-9c54-8fd932812959,M800,2024-04-10,218,93.29
305ed5c5-3da6-4edb-8a7c-43642ba32666,ef4f278e-ba22-4bf9-a33e-dbd9aad7c22a,M850,2024-12-10,828,188.6
36022cae-9df7-430a-bb12-3e3a39aae4d8,0434fd4b-1d5e-43e0-9c5d-a31b8f0c4496,M797,2025-01-14,621,355.97
41115efa-5bd8-4df7-a4b7-2aebb6b01a24,4462fe2b-0a85-4067-b0c3-ef529afdb75f,M120,2024-08-08,321,319.94
aed8327a-5d27-41e5-9489-641567417eff,3fb46e56-8660-4f95-a45f-48dd9e6fc88b,M198,2025-02-01,411,190.35
af7cf05a-bfa1-4890-81bc-855a119a13c7,772483fa-cad7-4e6b-ae1f-6eb8a56b1bd4,M882,2024-05-11,420,213.75
ca08fdb7-5f06-4371-800a-84718dca8692,2604b0d4-a2b3-4268-8585-0996dbda434a,M738,2024-11-21,926,76.4
45b0611a-8be5-4d80-b46a-0a59b6eb65b8,4cf471ae-6ea9-4407-a38d-efd1152ba878,M174,2024-05-24,316,17.65
5225b3bf-6efc-4358-836c-a6cd86c807d1,d8be4b28-a873-4ea9-950a-53db3a6c74fe,M303,2025-01-04,429,242.15
f9682150-bc91-4cef-8c2d-2b75ff0ed727,71375fc1-a330-47c9-8ed5-640b24be02c3,M771,2024-05-25,974,168.43
076a426b-2007-4cb9-8cd8-e971491a6d42,04a26946-fb66-4242-b331-678211eb249b,M945,2025-01-14,148,447.8
e1a61287-65ed-429a-8661-53335410d3c6,4edb122f-000e-4723-91c5-12cf0b583a25,M210,2024-06-30,592,29.42
97ea8281-327d-467c-a396-d2e537f32c68,fee62f83-d130-4a4a-8e08-43dd8a7668aa,M218,2024-09-23,456,368.47
8d57aeda-e539-483b-adb5-9cb9d31a3c4c,f85380cf-6f21-406c-b4a4-63f5d40fb5de,M482,2024-10-20,654,223.24
3082f937-56fa-4950-8d21-2167bcc0f90f,83bbf959-0d8f-41c0-b25e-27db6d711502,M354,2024-07-26,698,483.54
6beb8968-b365-4db5-bc2a-5d68f54d97e1,e7e81ac7-916e-482b-9ec3-5d9241ff3aa1,M412,2024-06-30,751,15.77
011455c7-56f0-4557-9b48-afd1cd81bbb4,4477276c-c675-478c-99ca-90d06102008c,M427,2025-02-07,173,129.55
a923aad4-1d51-45c6-a334-d186aea0301f,1b9c0dc9-fbc1-4a01-9c8b-875c22b566c3,M420,2024-06-05,935,346.5
2d1be3a8-c2c2-49d0-b5f0-0b5fd259770c,8ec90243-5b4f-469e-bf1c-8e3bbfd2215d,M125,2025-03-14,146,456.98
a2c2be83-66c1-440f-b97b-f1ee50374c8d,1555971b-3f0f-43dc-93e1-6cdc5f318f60,M826,2024-08-15,586,125.54
c0a54a2e-caed-49f5-a0d8-e64c1593713e,a17cc75d-2d27-4add-98dc-70253d91cccb,M732,2024-04-18,687,493.72
9edb9e13-f647-4c9d-921d-b2ad50852d06,906e8066-0f46-426e-90fd-1c5385e56d1a,M743,2025-01-08,786,328.02
2b05f512-87bf-4ae7-b271-66d27039716f,4a3715ed-b6d3-4dbf-895f-90429cdfc839,M802,2025-02-24,275,337.91
2e1c8d98-a9d1-49c5-9935-46ae89b60744,a96f490f-1f27-4190-96d4-139f75bf2737,M139,2025-02-02,157,224.5
bc69aad8-6f15-46f0-91b4-2f29a61f27fa,f73ab133-3426-40e4-9a08-a4ee5a962b2f,M400,2024-10-02,279,169.35
1e048155-e27d-44b3-8fb9-533a19af6d9e,6f7852fb-e01e-430d-9dbb-af317cd6822a,M284,2024-10-26,732,412.88
c30ec16a-c1ab-4347-89d3-056af12c22a3,bebbba40-f426-45ca-9e67-db61a7b5d587,M298,2024-05-26,760,444.51
ff47b42b-8573-4fef-9cc6-3d539eb5e888,44b93dab-a4a4-4ea6-9438-7910c3ff20bf,M437,2024-05-30,569,292.25
2b46c7d7-a2c3-4f93-be89-51a6e86c64b6,a784a072-8960-4e9f-b324-983eb5b57fc5,M999,2024-10-12,837,9.36
08a34ef6-82b9-4fd3-bb9c-e5ecc6415fa3,d5337c19-48fc-451d-975c-306a051f95bc,M940,2024-05-18,867,144.6
9d184cfe-9cef-4d5e-925c-7756fc843ea2,036be660-9d50-4f6c-ae95-485a02d00161,M694,2024-12-15,588,399.64
def2df4a-c7ec-407c-8f47-1757ecffdb85,314e8759-bf18-4728-93bd-ee4093a7ecb0,M980,2024-05-02,948,474.87
12017c5d-ddea-40de-a726-dd91b6960b00,fdcf34c0-070a-4f7c-b1dd-249e24b0de7e,M898,2024-05-13,841,38.6
72c11095-eff4-4d2c-b948-7db3452dc37a,f808b034-14f4-4daa-92b9-598a5f496cf8,M205,2024-12-01,507,12.81
9591ff7c-79a1-4b31-aa46-de1ad46ed703,644c74c0-21db-4f41-a0ad-687a92d3940c,M699,2024-06-17,371,471.8
125b6ec3-7ef8-4a09-b0e3-aeff302f5537,a96a3a38-ca1c-4721-9e31-920a1818c79b,M938,2025-01-22,383,259.64
028f8393-466b-4278-83d8-5ecc7fa80d30,561b02cb-37a3-425c-9e20-170a2c10cb6a,M167,2024-12-02,606,156.11
ccfd5999-95c0-48af-a794-3fbd287b833e,2103e18b-3f07-4651-8745-927cc1b8e0d7,M780,2025-01-09,912,62.61
b2f89128-f685-4b1d-a398-0eced43b8db9,07c58be6-e9f1-41bc-8219-4a0c411987d1,M538,2024-04-08,965,414.56
69811550-cb44-4198-92a5-8e1bed00e775,341cda62-a421-4ac7-b742-ff4b8633b96b,M890,2025-01-09,755,80.57
4f9c998f-085d-4867-9d90-5abaa241b317,e4a37c3f-952d-4e44-8f05-5b9cfec98ecf,M989,2025-02-17,825,34.73
ed8c4199-aac1-463a-924f-51363068762d,9f47358b-ec86-417e-b751-93a325298e9d,M397,2024-05-07,836,297.22
00417010-b111-4e61-b7e1-f6bf55dd36c8,1968a0c5-ae1b-4bc4-9169-f05816777d43,M674,2024-03-23,972,113.34
67d9e531-1760-4709-97b5-48233b563edb,f26f7378-0081-4288-b75f-c5e245030cc2,M852,2024-12-18,480,79.99
f6ab642d-36b3-434a-9541-59a27e751987,f9ccbd7b-74f4-4a2b-85d0-3e4363f6d669,M137,2025-02-24,628,371.82
214f3965-8a4c-4fa8-b7d4-6de8a47baca0,18a0d7ed-04cd-4864-af37-7f6ab67d8e11,M456,2025-03-14,212,459.11
68508c34-0097-41d9-91fe-d6e4d120388a,dc33a819-7446-4822-891d-a380758075e2,M434,2025-01-15,465,225.5
9cdfc615-a050-4551-99dc-a342bbf57185,5815ed47-81ae-492e-aee9-5107550590e8,M473,2024-05-29,307,473.79
43e4ffdf-c178-4f3c-bbae-4113d5a1a729,7b740c94-9eaa-42a7-b4b9-0ceb4e7432dc,M354,2025-01-02,841,389.14
8d0a8ca2-0554-47ff-9dbe-f98ec57a2a1a,d7e957f5-2fc9-4693-b60b-ad03c8ee6620,M302,2024-09-03,552,352.06
7ab161c9-40ea-4e5b-9f8b-fa5dd909686d,a6dacb01-853d-41f9-ba58-7634101932f8,M349,2025-02-20,174,152.51
f8b256b3-463a-4c77-b88c-42e7c6084aaf,19678e55-22c5-4a5f-a547-6f306493fb9f,M602,2024-04-17,636,145.89
cfed0ed3-d859-4b88-a854-f1f5c8ccb566,8edd5cef-37a6-4dc0-b149-7d0411a44c5a,M293,2024-06-18,319,456.91
4eda32e1-ab1a-4ecd-a795-315c7bd598c6,994003eb-2ad2-4b32-9a54-497fb9a94a98,M102,2024-11-24,645,369.58
915a1493-b45a-46f2-b77d-78771d005abb,eb16cda3-8f34-4aeb-933b-11232926a37b,M597,2024-04-06,110,365.87
dca69931-fcc9-435d-8acb-af5470dff556,325844a7-598d-47f4-ba59-33f7cc2cf135,M149,2025-01-26,114,260.43
0f19bba4-4bf8-43d2-b431-0798eb0758cb,bb18a43e-1cf8-4ec3-9d1b-6dbe5388dbfd,M197,2024-12-28,197,140.65
3b64e0ef-4526-4b43-bf53-35ec9aef50f3,7dca7103-acec-43ef-b4aa-a21adf55323f,M699,2024-11-22,523,80.84
443764d8-1cdb-4f75-9a98-376bc23d9b43,c5e9fdf6-f644-4708-93a5-50449c4f6c7e,M725,2024-09-22,354,410.49
e0409d25-5099-458f-b509-77a3b6cad29f,e0eb35e1-6f6f-409c-a5f8-e69cce310762,M815,2024-04-12,584,76.21
04a5097b-a24e-45f4-9230-b5a02380d65d,2cf21871-b1f1-42f8-9713-e661f004a4e7,M515,2024-12-12,642,249.59
6a529a30-d9b1-4cd5-bc68-29a47faeecf7,e54420fd-936c-421a-abdb-46e0374321a2,M504,2024-10-20,174,203.95
e94460f9-57f3-4a86-9d22-fa67658e361b,daa67e41-7bf7-470d-9d20-a6289ac0d7fd,M147,2025-02-07,371,291.0
d820a9b1-1908-41ff-af98-b0310ff29b6e,3b66f29d-93d4-4d20-8010-65b7d392f5c2,M644,2024-03-31,845,390.35
7ca7d2fa-6447-4b49-972d-09809c22396e,87bebf81-296b-4031-86ce-466adf451247,M798,2024-06-16,713,241.53
1cc9038a-d666-46db-86b0-ef617b7eb943,e621ef28-19b9-4bce-817d-a96caceed240,M835,2024-04-13,975,24.19
137aeb23-c1d3-43c8-823a-bb6d6722bc04,19fdd69e-179f-4086-a0d6-c6a0f54cfd6f,M790,2024-06-27,369,298.3
ffe22f06-8a9b-4412-ae73-720feccb33e7,42eb7d13-87a2-4c96-8a1c-550c020ae9b4,M764,2025-01-19,656,235.86
de3a77ea-09f4-4cc0-bbf1-f1b3352d5c6a,d0e5794d-dbfb-437b-a1a1-d05db4a26f36,M512,2025-03-14,151,116.28
055e9788-1198-42e3-bd3b-638d7dbf2014,01faf3e7-fd88-4204-881d-1523e10ef805,M130,2024-04-29,167,82.89
57593b6a-2fc7-4d31-a418-421e6b7a0f71,53508355-fd00-412d-b5f5-ba8defd6c73e,M486,2024-09-20,251,481.54
a987c2d0-5bdf-4a4e-9a55-651518aeaf58,15b150d8-69cc-4c51-b249-b2a8c3ddc116,M869,2024-04-03,408,303.92
c5d92a3a-3d89-4514-89bc-fd0419f28680,90e0b55c-809e-44fe-b4cd-78e24724a7e0,M774,2024-07-31,600,385.83
fc7732e1-2a9e-467f-8cf2-461b0eaf7e5c,abc32bd3-babd-40f0-aa32-a51ebfbb4d05,M220,2024-08-07,157,410.4
80040a27-05e4-4aa6-b595-f537cb292afe,da26f3b0-fab3-4422-8370-313130da4586,M246,2024-11-21,228,13.04
63c85921-09b7-4cdd-9f6e-d3a0b1ec2a8a,d67de0ed-3236-4967-9cb9-532b968a9800,M494,2024-07-29,537,6.2
d78866d9-09a3-427f-ba90-26dc37a61061,8f74efd1-8ea1-4f2e-9e21-73e9450f4f6d,M969,2025-03-20,446,65.05
f23b38f6-955d-4ea4-895e-117ef4217cd4,326d0f99-35a6-4f26-8930-c7a277445e3e,M804,2024-07-13,151,411.25
59ee8c4b-3d70-4379-89ac-cc174601a1fe,5577d623-4821-4465-8ebf-57ef6e513bf9,M717,2024-11-25,623,122.78
2e5eb19f-e4ec-4be9-a208-93b832afce46,3a23fe1f-c227-4861-8ad3-4fbe0fda7233,M251,2024-09-03,164,5.85
a63929b3-c971-46c9-a99f-6c648d3c9cde,f050d014-a43e-427a-861c-9e7f2729c6d4,M962,2024-05-15,407,51.94
d81cc31c-9976-4044-b3d9-9e396aacdc26,c8e564cd-e372-4a94-b7e3-19a7414663da,M266,2025-03-08,362,228.76
df28306e-7512-425b-9654-8a347fdaac8d,3dd97b3d-5127-4042-afe2-fd4391a85fdb,M921,2024-08-18,386,476.63
883c1cdc-0f24-43a5-b327-d85d33692cca,ed9845ba-5592-483f-912d-d540480d1ce4,M990,2025-02-25,260,162.42
b5d906ea-a7e6-4f04-b128-b5bd4abb34e8,3a252e6b-0a47-441e-9d0c-b4409757761a,M375,2024-05-23,980,67.01
d5312305-1efe-46dc-a094-8d08201c0a6d,1596775f-05da-4ab8-bf2b-b02353793b69,M274,2024-12-26,411,385.03
e15af53d-0e1a-4bfc-99dc-01bdd7f946d8,22fa4b24-f081-4b8d-92a5-e26a726d447a,M182,2024-06-11,723,156.94
441a2f4a-7a1d-4213-a80d-1545c205bc09,6da49e30-778a-4fa3-a913-5cf998595801,M545,2024-10-02,534,29.96
d0aa93e8-0ba6-4f5c-93fb-c58332b92c0e,6de4d87a-eac8-4054-8594-20117a8c423d,M316,2024-07-24,807,477.42
85181c34-2cfd-4333-bfb2-0e64330d5669,b0ad1ef0-e67c-4f2b-b34a-49ec0af64ebe,M274,2024-05-18,875,130.06
1cb7fc0a-0d9a-4094-8dc2-b248c0ff84ee,60f8c6ef-3723-4cc4-83aa-553ff1ab97f6,M430,2024-09-20,400,64.8
bdab9684-8772-4186-84c6-30183e40632b,30161303-ec9e-45c3-b699-c1847f01c02f,M697,2024-08-05,625,492.7
4176550a-2f4f-4bb0-8301-f0bb9db36f1a,ee3e856b-1dad-41cc-bf32-ca725424afb1,M511,2024-10-05,644,453.93
608a9484-30fe-4581-a44d-f6105ba7d6b9,dcec37ed-315d-4b1d-a794-7b9fc7598250,M620,2024-11-14,881,27.45
c7ecbc6e-44ed-455f-a3df-ab9e3c0a605b,cb35545c-9056-45d7-8ced-658c1f383a41,M502,2024-07-02,548,199.07
c4be1a3e-cbec-44c8-880e-2581389bb9a2,80f7255a-571a-43c8-9c09-102d597eedb4,M261,2024-07-13,246,252.03
4ac90569-65c2-4c0e-b5e2-38a4f0a546a5,3a6577d4-c3e3-4f07-aaa0-c9f1c7f35ad7,M865,2025-03-19,652,239.38
831de5c6-33cf-4fdc-89ac-3f38c1ca0896,3ccabbc6-8885-4d88-96e9-8c99e9a6f1d5,M155,2024-07-24,156,416.26
dbac2d50-290a-4b15-b5ba-a42f0f12c97a,37457382-81ee-4390-92a2-53f0fd4a0081,M869,2024-09-18,904,309.68
3f72aaaf-0ee6-4e62-a6dc-b5db030aa409,de09fd82-f844-42ba-97c1-3e3897e3f60d,M501,2024-12-24,215,434.23
626313b3-9ed1-46a5-ab05-9498bb963776,c256d622-f7eb-4495-b5d1-ee7ad3e4bea4,M150,2025-03-13,616,138.81
4fc45c24-3081-43dc-b056-e8c2f07f47ed,b0005b82-e4dd-47ed-99c0-3b31763cf7e4,M539,2025-01-01,561,495.39
3c425594-cc78-4140-8eda-d32ea7b8650c,022f5d71-e697-4259-915e-cbc591c89945,M265,2024-09-10,944,229.37
1080b4ed-7622-4318-aaac-14da32d67148,aa87b637-ba39-4a03-bd9e-138c6e77f1a1,M767,2024-05-21,149,137.71
e9e17c79-cddb-4243-8efa-e549798aedce,2fa21174-1135-48e3-aaca-8c3858c53c2f,M584,2024-05-18,723,89.0
52b7e6cc-d74d-47da-9473-7c604919f51a,2e9e2c45-fa78-4806-8928-cd64adf14812,M861,2024-05-15,751,343.21
f6da2478-8513-48bb-8c30-8bb692ce6e3c,d937f0c4-36e0-43a3-af00-4f8ca6d61b6d,M934,2024-11-26,295,355.87
a9ef3e80-6c20-480d-9d69-0840b3d7266d,58e3d89f-b798-49cc-9ab2-777057c2827f,M641,2025-01-15,226,377.68
c8189f1f-42e3-4184-8ec8-32cff417dd98,433a8aab-2824-4507-a2fc-864354ff475f,M739,2024-08-28,687,200.52
d49f899d-4581-4ff6-ad10-560943abc639,ed058a79-d184-4ec8-b75b-9ab27f174904,M954,2024-07-22,749,12.83
a9ed2c78-7764-4e2b-90ba-97d261856c5b,4a62e23a-7203-4803-861d-7240c33167fd,M764,2024-05-07,682,48.47
3555b80c-ba2f-40a4-a73c-9de70976ef77,b33a565e-9b9f-4b11-a71d-bfdbdbb1589c,M959,2024-07-10,959,218.6
4a3a1250-aed0-4983-9898-983a3b4db5e4,91eb940d-e69e-48ad-88a0-cef7a9b2ccf8,M247,2025-01-30,734,475.49
1b2d0980-e08a-4289-a21a-a7e6a49017f6,f868428f-1b21-48e5-bbf0-68f679b4ed7f,M663,2024-07-02,927,75.89
dec58203-79e6-4b12-ba0a-0caf7e7c9509,f4f28394-e468-40bb-935d-786df1c3f52e,M415,2024-08-02,399,201.52
b4534308-59e1-41ad-bc02-8a3628782c70,e54b042f-4303-421d-bc16-fbabb9a22033,M492,2024-09-05,418,464.94
b57d5584-6900-49f3-b97b-4e9feb8b2377,49d20113-533c-4471-a5ef-e6c03acfc517,M356,2025-02-24,276,43.82
fe9adb0c-56eb-4d46-aafe-c8677bdecfce,5fc270d7-602e-4e97-baf0-27251037d234,M557,2025-03-01,517,266.7
dd2c97ca-2ffb-4aac-8689-c05b136e0111,0ac6ca24-ccb1-46c3-bbd7-9fe99b8ac82e,M149,2024-04-11,607,280.96
23685a73-575a-495a-aedc-034fb0aef0a4,6069386d-1a49-4659-930c-a20c45d5faf3,M338,2024-08-28,676,75.83
dd64227d-cfac-49c2-8318-77e424cd7f92,2d25f371-6a96-4e01-8f84-769cbd48c2e2,M586,2024-06-11,673,248.83
a572fef1-bbd7-45c1-9e9e-afc98caf2c51,c720f4f2-9f13-441c-9546-53b70eadff50,M598,2024-06-13,645,38.57
2d38103a-ee2a-4a69-92e2-a5209c98a162,9d5102f5-f47c-40d1-ab34-6a040e8542ae,M629,2024-09-26,194,211.43
9f2de005-bec7-4249-b7b9-499ee7d0759c,b373707b-1d5a-495e-883a-074470c4df63,M775,2024-09-11,571,382.34
0403a0ca-6d24-4b05-a6ea-c0786f8f1562,bea549ba-072e-486d-96b9-be5764ed88f9,M949,2024-08-17,399,56.75
808385fb-9935-4283-bf3e-d3921a2158cb,e6796e2f-4f9c-4511-a25c-8124f41991fe,M781,2025-02-26,136,73.09
2df77b2b-35df-474b-8357-b00008c1121f,4b403664-f2f1-46b5-9045-e2c64605ed9e,M474,2024-03-31,959,472.48
bd8cd000-dcf3-4740-ba1b-980067e0a609,d8539d3e-ba5e-478b-ac9c-7e4213375968,M720,2025-03-05,590,429.42
d949e7e8-60c6-4906-a568-3b300158cca5,f91ee1ef-6718-4df8-8216-0dd5134af146,M544,2025-02-28,621,100.01
9c19cfb2-28b4-42ba-b366-b5102abf6d25,67aef586-99aa-429b-ad50-08346952967f,M631,2024-06-22,284,145.98
18d27580-9ad7-4cc6-a041-e3d6f22853ca,cac83c5e-ed99-4cb9-894f-00f8184ff38c,M474,2025-02-14,723,323.77
5d8e3810-e826-475c-b6bf-5f50654fa765,c12c76f2-6c20-431e-937b-6ae75bce5ca6,M757,2025-01-21,225,399.62
aa0390e6-ce00-4ee2-b50b-a7bad7443e59,23fd83ac-2316-4e63-ba01-cb2e8a7dc9ea,M413,2024-04-16,668,162.71
3f60049c-5b79-4ed1-b4cf-6ef860dfba5d,6663fe59-4479-4c22-b1fa-55f1a0a2aae5,M852,2024-06-15,859,125.33
2b7401f4-8370-4c71-8ab8-253e62dc2502,09c3ec28-0568-4174-88fd-10fce1386a33,M864,2024-12-27,627,135.8
9b8e9cd8-9bfc-43b9-97c1-1ab83c74bc44,d72ee697-0f28-43c9-9db8-c0db0b1c9fbe,M683,2024-04-27,246,414.48
15bfe168-f68b-4694-bc2c-88c37849d2e9,017c49b2-27dc-4f6f-8850-59f9354c7641,M859,2024-04-05,470,120.54
bec0a891-44ec-478b-9fe6-657a28b2c999,af67d7f9-2a04-4856-b02b-df22141fd438,M641,2024-10-05,461,257.9
cc32628b-772d-4ac9-b7ef-e011b1e6267c,9eef9b8f-9242-418c-b6a6-7fb38ffae368,M907,2024-04-26,857,418.29
00666c62-ec7c-4a69-be6a-630a8af9615f,f709ad89-16b7-4978-a4ef-e7be8b056f39,M385,2024-06-05,626,35.38
329ee539-3a2a-4378-abc2-6f73cdf33e7c,6b8581e9-1368-4a45-bd1e-b704c65ed9a8,M170,2024-10-20,775,456.11
70667872-2722-4588-840e-6fe88d519634,e590dd02-ad62-4810-8221-1b49498a5cad,M274,2024-08-30,783,88.03
e72d4ca7-0168-4dea-b44b-5d3299b81db5,438d9078-40ba-4a59-9910-50dc58abaa27,M748,2025-03-07,117,311.3
ef5b534b-5bf9-4835-8884-cf143554cd82,2b56bc03-126c-487b-adaf-01928355b577,M745,2025-02-22,574,145.63
f8676d70-bb7d-4123-95c3-ed4d0e1df644,e5557f60-a7a7-4a6f-a971-771f0a9e4cad,M313,2024-09-10,611,435.52
50607420-26a9-4b80-b0e3-124be9c7b51c,eac0b2bd-e837-4ab4-a98b-9f77a214d3b7,M293,2024-07-19,670,312.06
99f5004c-67dc-4124-a2a0-f7c114fa90b8,18194ddb-ca38-49cf-bcfd-c25ad313f6c6,M366,2024-11-28,930,215.52
055fefb0-d90b-4494-b468-d29dadd70025,5fe89ba4-ab80-49b8-9f36-202fc5ca6e44,M424,2024-11-29,882,372.0
3063ed6e-80a5-4842-8f85-e921f9c51713,7b938c0e-239d-4d23-9b79-c723618d3b35,M461,2024-05-09,471,56.46
a472013c-e760-47fa-9152-f9c65592e6c0,f639b30f-26d8-4c74-91b8-251edc796ca9,M188,2024-08-18,559,115.27
ab5f81dc-fd7a-470a-9915-31a43e6a06e9,1e245dde-cd92-455f-a245-103a654fed52,M167,2025-02-05,881,147.5
021fd95f-8a96-4b9d-83da-f7ea897cd3c4,2f0ef338-20f7-4c16-97ad-da6c18a185c3,M417,2025-01-06,656,406.33
2419bdb4-cc9b-433d-b497-ec80336b8b19,b4d5a8df-fd08-4ed9-931d-d4dd921418b0,M354,2024-07-08,917,314.49
74164e08-a0b5-4864-9f3b-086710551b74,a27a36cf-db0f-40cc-96e5-239e01c4d2a0,M200,2024-11-24,236,463.4
2e0c614c-be8c-4bf0-ab5c-0456c347c633,ea7c0ece-8f37-4ad0-bdd8-477ae3336e89,M779,2024-11-25,125,364.7
139c74d9-b8a0-4e91-8d12-b91f6a82596b,ff8722a8-37bc-4c96-90b0-c63099e4ef2f,M983,2024-11-01,443,370.54
f6bc93fb-f162-4a58-90fd-1b4f39ae874a,59586d84-f7ac-4beb-abea-5fdd0c6f90fc,M149,2024-10-25,857,180.14
23642af2-3a15-488e-8149-7053eed82c9b,7a286742-54f9-4dae-a8e9-b8e417bbeaeb,M738,2025-01-01,347,241.97
794ffc3c-bf04-4903-a38f-48e466b515cc,37ae002c-1ef6-4ad5-9728-91c2335017da,M100,2024-04-17,128,463.26
ee3f9c25-58ad-4670-a439-8bd9f1efc1c9,89fe7bcb-b76f-4e31-9a23-b0de9958a5bc,M798,2024-05-05,918,113.25
43efa0c7-9540-4d32-b0b7-8da2ac320d6f,47818339-5921-46c3-97ad-a2691951eada,M897,2025-01-15,584,459.38
6f6cd677-ce4c-4910-bd0f-e9ca318e3807,bdb11bdc-1246-4dd4-833e-f2c79797b179,M299,2024-08-10,651,206.83
8a69cc94-c49c-499c-91cd-056b2815e8c9,7d3a62c6-5da3-4960-a68a-8b5821129b98,M645,2024-07-02,214,386.42
a4eb0853-425f-4ce2-8160-ff12e8dde1ec,f6607b2c-5aa6-40e0-9510-38800dbae83b,M134,2024-04-13,751,137.29
0b13af2b-2d90-4184-9d35-d1fbff2d9313,3b132052-c87f-43fb-87a3-3791578b5b32,M118,2025-02-17,883,275.16
64226410-04ee-4327-a3c3-30e9d306614a,0ddd08cf-e19f-478d-9ca7-5ee519fb76dd,M589,2025-01-21,871,467.07
7d5aedc4-1b01-42ab-a191-a5e71a80ca47,47fb4676-4310-4902-b5e9-bd5e8a078c8b,M379,2024-06-20,295,230.45
bc3a37ee-cec5-4945-b3a8-5aa89265ebb9,a4da9ad4-f23c-4de8-97a4-0afa2e82d6b8,M617,2024-12-05,160,52.73
043a9efc-895c-4873-a55b-f2c870da0857,db300576-641a-4242-94eb-2b06adc355ca,M861,2024-09-21,831,49.27
fd954768-a95a-4d8f-8ae6-b03de3c8d54d,154b64ef-ed0c-4099-ae15-665db3ddca46,M121,2024-09-27,426,375.25
f4139b02-4516-440c-b39b-94f3114cd6ad,2e54b76d-e6fd-4178-9416-42b9155c07fb,M216,2025-02-14,608,152.97
d5afe26f-89e4-4a82-a8ca-53a63acf1d2f,979816db-bc13-4d72-ae69-f803b7eeccd0,M178,2024-08-23,232,404.8
752b918d-ed26-4a5d-9f7e-7df6924378ae,4259a0cc-d0ec-4e3e-b10d-01d6d4238a77,M449,2024-07-09,706,304.63
e3962c91-4cee-4be7-adf4-5d07318368c4,cd74ea70-dfc8-4dcb-9a67-65564a4f2897,M247,2024-08-04,680,336.94
f9d7b7ff-acdc-426a-8a08-aecea25ed19e,e4093298-401d-4ed1-8528-8eb007fcf8d1,M753,2024-11-08,338,59.3
abbb58cc-5eb1-40f4-b4fc-e772952db223,bc4c6c82-249a-4c5d-80d1-8e14713c3041,M726,2024-10-25,140,371.16
e0d4bbc7-d971-4836-9f77-77761ace5df6,cf6f95d3-dea5-40df-81f8-403662a144a7,M345,2024-10-31,532,261.21
45b1d0e6-3d82-4fd6-be91-d142c87ea6a8,ab396032-f3af-4bad-bf4f-432110f1d477,M289,2024-04-10,287,271.86
084c2bca-6e39-4243-a71d-aa3e47fd0d36,4d4b0e38-4dbb-4de4-8fb2-98f1a05cbabb,M862,2024-03-27,658,144.2
bf40d9c6-44d4-49c7-ac51-a2267b000fe9,e27d8588-16ec-41f9-97f4-fa16a0819635,M642,2024-12-31,939,180.82
ff780cac-2f41-4e7f-a752-b7f603ffdd64,15e66abd-68fe-48ef-887d-dee8881f4f7b,M945,2024-04-02,540,174.59
b98d4754-2a8b-484b-9b09-31987784b400,48268d0d-1685-4b29-be4c-6679ba9b4cb0,M121,2025-01-24,529,110.45
b5b0b391-8b94-47aa-a4ce-f862f685d2ba,c0ed814d-7862-4f97-99f2-29626a769c1b,M861,2025-01-21,192,271.47
04e598de-c115-4c27-bea0-8e0dd9fe931b,b35a256e-88a8-44d5-9ec2-e7be369925b7,M778,2024-05-13,479,284.59
d1a1b60b-8cd4-4b55-af5a-70fb4adbff7b,4909316b-c348-4eb8-a7bd-d750e64b1b4c,M789,2024-06-01,476,197.54
