QualityID,MaterialID,InspectionDate,InspectionResult,ValidationDate
3b22f9a7-aa2f-4bbe-96e7-50a4f5f5c221,M346,2024-05-18,Fail,2024-10-16
52aa6c25-b04a-4153-85b3-501df6f9fc09,M892,2024-08-09,Pass,2025-02-04
2cf571ef-a872-4a84-9bc7-abf9e2150a7f,M850,2024-09-08,Pass,2024-12-23
fc377327-8f07-45fd-a1ea-f0b975e358e8,M724,2024-12-22,Pass,
8862bb93-db37-47dd-9034-bcf68da9af51,M887,2024-10-14,Fail,2024-06-21
028a0103-b296-4727-b31b-209f56ba537c,M535,2024-08-09,Fail,2024-08-20
2091d336-19e1-4288-827b-504d9e5ebd71,M730,2024-11-22,Pass,2024-09-09
7577a87c-17f0-40e0-b316-4f9a68609008,M798,2024-03-30,Pass,2024-12-10
01fcf438-071b-4899-a506-3a9c73cb9766,M774,2024-03-24,Pass,
0c5b2817-5ebd-4da4-86f8-88f1f7f7906f,M100,2024-06-29,Pass,2025-01-12
c4169d08-e3cf-4bac-8dbf-23375d5a88e7,M170,2024-12-15,Fail,2024-12-12
c89992ea-83a1-470c-8092-98fc3b25ed99,M191,2024-05-20,Fail,2024-09-21
e742020d-8346-4232-992d-7440f79a2b77,M404,2025-03-06,Fail,2024-06-03
8b4e2536-3c4e-4cea-952a-3ef46e8883d4,M937,2024-04-02,Fail,2024-07-22
4060fb42-40ed-4187-b1b6-fdf6dfd1e230,M645,2024-05-10,Pass,2025-02-22
56a1ddbc-9553-40c1-830f-5e40a5d21a46,M102,2024-09-01,Fail,2024-11-08
e47fbb47-2650-46b1-9c14-1e420d0ade74,M647,2024-10-04,Pass,2025-02-13
c4d381e4-6d9f-4d5e-9491-15f3857d1261,M169,2024-04-22,Pass,2024-08-10
83b31632-5da1-4df8-b030-bf5ae834ea0c,M269,2024-11-15,Pass,2025-01-20
8984926b-5262-4ff9-a98a-08b92af0eef1,M290,2024-10-26,Fail,2024-09-28
c27001cd-8076-4167-a8e8-eda1617ae0e9,M443,2025-03-05,Fail,2025-03-12
aa6e402c-cab1-4543-97b3-a5af6949998b,M754,2024-10-05,Fail,
c17876c2-7c1e-4caa-9e64-b0edc468a8ed,M573,2024-09-29,Fail,
744a918a-d986-417b-a26e-12752019d207,M819,2024-05-02,Pass,
bd67d379-0839-4130-9d51-e284ec59882c,M867,2024-10-22,Fail,
6f1e3dda-609e-443d-a8c6-8846d53fda3e,M190,2024-06-17,Pass,2025-02-24
d01b46eb-6300-46db-9ac3-41149bf8852c,M653,2024-12-17,Pass,
d31e3c96-cb5c-4d5c-9756-81ac837e8e79,M806,2024-08-25,Fail,
a3443c72-1012-478a-bc4c-542e144de608,M194,2024-09-03,Pass,2024-04-15
c075e868-3a11-4337-bca8-f5099d9f9aa7,M624,2024-06-26,Fail,2024-04-18
209ae197-737f-49de-aa83-5ca39ed529fd,M191,2024-09-16,Pass,2024-04-11
b58a2316-9d01-4672-ac03-ee9e94a5cf08,M870,2024-04-28,Fail,
678c7217-ad12-4674-9a12-ef2274027699,M917,2025-03-16,Pass,2024-10-11
f865ca45-c2c5-447a-9626-41a846800bbb,M920,2024-10-15,Fail,
ddf1cdf4-108f-405a-bbb8-be1e077f8320,M240,2024-09-12,Fail,2024-06-03
9f49750b-5c39-4da5-b4b2-5d0045f441fa,M463,2024-11-06,Pass,2024-12-26
04abaf31-2567-4a27-8061-e0fe822a4353,M451,2024-08-10,Pass,
ced7cbbd-87ac-41a1-b361-acc1483c869f,M912,2025-02-10,Pass,
f5a0747f-608b-4f81-853e-a3b158b2f7db,M970,2025-02-14,Fail,
a8426c10-a079-4d31-97c1-1f6f8ddc91bd,M168,2025-01-25,Pass,2024-05-03
12431263-7efc-43d0-aabd-e1e1b3632d1d,M847,2024-06-28,Fail,2024-10-28
1ac15b60-ffe6-4654-a0ce-a6e06cb367c2,M643,2024-04-02,Pass,2024-06-12
366b8cf6-60a8-4eda-ba9e-a2f80692ce3a,M958,2025-02-05,Pass,2024-06-07
5fbf83bf-874e-4fc5-87bc-ac54c5d0384e,M214,2024-05-16,Fail,2024-05-06
9ee004a4-17fb-4ece-9d13-fb0a63bc9026,M223,2024-12-30,Pass,2025-03-11
dfd5176f-a175-4453-be1e-e68f68914303,M439,2025-02-22,Fail,
72347753-5d06-473d-a4f2-dad6e14cce6c,M307,2024-11-10,Pass,
8de3cd8d-be5e-49a7-9353-b3782dff1473,M426,2025-03-03,Fail,2024-03-24
5579fb4d-eb96-449b-b2ac-c4df7425ec41,M810,2025-02-02,Pass,
76cb6cbb-2cd3-42d3-ad39-c247792eb36b,M940,2024-05-03,Pass,
6cd0c56d-1180-4959-bf8f-4cfc9bff1650,M221,2025-01-06,Fail,2024-05-09
f197fcfc-eb06-4603-a909-4909ebdc5976,M690,2024-09-09,Pass,2024-04-22
4b75b303-d4ed-4bc3-8d74-df26a9fac6a1,M961,2025-01-05,Pass,2024-06-10
a7729d0e-fae4-47c8-bc9b-37818c0b8f6a,M591,2024-11-16,Pass,2024-08-23
f7bad330-8f96-48bd-bc0e-5465e7ed8eb6,M926,2024-10-31,Pass,2024-07-24
50a5a815-807c-426b-8911-0cabf9d365c3,M123,2024-10-06,Pass,2024-06-22
1c97d2e8-79db-498d-8ff4-25d0f519a30f,M659,2024-10-27,Fail,2024-12-23
e22aea82-6cbe-4427-a0a4-7a426d9fe891,M488,2024-12-15,Fail,2025-02-10
e3ad3cd3-6192-4871-9d0b-4313d7dee087,M675,2024-04-04,Pass,2024-10-14
0fe645b0-fc46-428c-9dd4-1bb43b840020,M105,2024-08-24,Fail,2025-03-06
0c79a840-910e-4732-9206-de2c4d942b0a,M579,2024-07-07,Pass,
b10f261d-c0df-47de-93a7-1a3eb4485fb7,M763,2024-10-17,Pass,2025-01-10
b5f0c6c9-61ca-4a0a-b3b7-34aa586e5491,M932,2024-10-12,Pass,
482770ab-b568-42ff-9cb3-93e242c73b22,M989,2025-01-10,Fail,2024-03-26
778014e9-e2e5-44c9-b042-ac28f18be512,M680,2024-06-10,Fail,2025-02-22
ab29f307-8ed0-47e6-8fd6-ca29cea3ef65,M771,2025-01-03,Pass,2024-06-17
a717463b-1ada-40db-bf46-888f06fdfb3c,M418,2024-07-09,Pass,2024-09-24
8a08d22f-b376-4b9c-9cb6-b03707bba066,M863,2024-09-28,Pass,2024-05-08
4b0f871a-b251-48ce-b3e0-bc1a10866ec8,M149,2024-06-08,Fail,2024-08-24
2f081409-e14b-4ce9-85b2-93cd1639e7c6,M524,2025-01-09,Pass,2024-07-08
2d61360a-85ed-441b-9939-a14b994c67f8,M439,2025-02-10,Pass,
c383fe54-63e4-4b37-aee2-240d20b1e615,M791,2024-10-31,Pass,
a4b75337-e0de-4227-9f60-d3a75cfb4e58,M278,2024-08-05,Pass,2024-03-29
10635172-88d8-4aca-aa17-d380502871fd,M681,2025-02-07,Fail,2025-03-16
e4952ad4-231d-4bb6-92c0-1d850dbbd694,M421,2024-09-28,Pass,2024-09-23
3a257323-e7b9-40ad-8c30-1a2e180cd2eb,M913,2024-08-23,Pass,
35f878f6-9908-4436-929d-1fc136d66c03,M224,2024-11-20,Pass,
59a1df0d-2867-4811-9fe3-be318f7b301a,M430,2024-04-09,Pass,2025-02-05
13a8e133-50da-4c19-965a-e93579723d30,M107,2024-04-29,Pass,2024-05-26
4d500cb6-97ff-498d-b16c-64b17093f318,M502,2024-07-25,Fail,2025-02-07
c52d2027-06ad-4380-9b11-52a33044d0c3,M489,2024-12-21,Fail,2025-03-16
23326d38-3d54-4466-b009-3c50bfe85f0d,M138,2025-03-07,Fail,2024-12-23
49a63f0c-7998-459f-9120-9e9e8977516c,M933,2024-09-20,Fail,
58692455-c80c-4d18-bc5d-9ddf73d9a12c,M773,2024-04-25,Fail,2024-11-25
f6ec8952-60ba-4775-b3f1-7a12a11cd7c3,M404,2025-03-11,Fail,2024-12-09
c87a90e9-9490-4c5f-9a4c-4644917e9063,M374,2025-03-15,Pass,2025-03-06
79f705f3-9342-44e9-bec7-c73b5c20bbda,M928,2024-11-18,Pass,
a626cb47-d66f-4274-96cf-f8730940e91f,M623,2024-11-22,Pass,2024-07-27
66b55970-e5a1-4afb-9bb6-8def66577e15,M817,2024-08-18,Fail,
6a3e342e-ca4d-4c2e-acb1-8b456cfc23e7,M534,2024-04-27,Pass,2024-06-19
4367ffd2-2de7-407c-8935-771bd7b35d1a,M662,2024-12-17,Fail,2024-07-13
a5b3109e-2018-4480-960c-2e1c3d414885,M444,2024-12-16,Pass,2024-09-08
c58653d8-c87e-4a7e-8a4d-0aa97ad28f5e,M494,2024-06-14,Fail,2024-03-21
68034c85-d450-44f3-8123-8a4d0ac6bf36,M957,2024-05-16,Fail,2025-01-09
b052e3dd-cac3-4f25-81fb-f2e9a6bb9845,M497,2024-09-15,Pass,2024-08-06
7dca657e-a465-4ce7-ace7-f989f0d1dfa1,M857,2024-06-22,Fail,2024-09-01
916fd23c-d612-4270-8405-cfc4c920799e,M928,2025-03-16,Fail,2024-07-12
bd60ed71-5f07-4d1a-8bff-f9cb996c74c6,M517,2024-05-22,Fail,2025-01-27
3f1346c1-99ce-40c9-959f-e466776807cc,M870,2024-12-28,Pass,
5efb9db5-724b-4fcb-aa70-a6f5fc2ef84b,M186,2024-10-22,Pass,
208e324f-de1a-4e8a-baea-86a9e7713e5a,M795,2025-03-02,Fail,2024-10-08
7e1e4564-dc92-4104-b511-fa733cfb014c,M882,2024-07-15,Pass,2025-03-02
9df5d557-96b8-4e33-b4bf-dc02d70b10f2,M403,2025-03-02,Fail,2024-11-08
75c81b24-1ca3-4870-b887-08bbf6738150,M488,2025-01-19,Pass,2024-09-30
5220315e-e329-426f-87a3-ad219be36907,M496,2024-07-08,Fail,2024-12-12
8b8d931f-cb6d-47fb-8f71-9628325621ef,M359,2025-02-12,Fail,
a1faf0c0-fd92-4150-80b9-7260846623e7,M553,2025-03-01,Pass,2024-11-20
b9b6dc7d-6923-4176-aa25-c435ac9268be,M564,2024-10-30,Fail,
556ccb85-38e0-4b2e-8db9-6d461adde27c,M946,2024-03-24,Pass,2024-06-18
a5a01592-3b50-4473-b2d1-25a60d4f6439,M307,2025-01-23,Pass,2024-10-23
b8f08719-68fe-4bf8-bd46-521c466e72d6,M678,2024-08-18,Fail,2024-04-12
c9335a6e-e065-4fee-9d1e-b2d4139fcaa2,M548,2024-12-21,Fail,2024-08-11
d6cd94ad-befa-4eb9-9709-a88c3587b0ea,M277,2024-08-31,Pass,
ef2a71ed-d866-4cc7-abf7-b13320afdf28,M404,2024-07-26,Pass,
3d925a09-405d-44bb-ad06-a43900134737,M626,2024-06-06,Pass,
3d89ae31-1bcd-4a32-9566-3c8baa1b9086,M862,2024-06-21,Fail,2024-09-30
65b0d252-b612-4ea6-bc0d-58c85abfeb6a,M637,2025-02-14,Pass,2025-02-27
47cd53af-4e1c-40f9-b509-32ee2ba9834b,M923,2024-06-07,Fail,2024-12-17
9e4f680b-a3f8-4e96-9bdf-8f0d9aaa5aff,M283,2024-12-07,Pass,2025-01-31
e99ce631-8ff9-49b9-b7bf-7ed60062f5d6,M446,2024-10-11,Pass,2024-10-30
a98737c1-18fc-4481-b25a-195c1b4955a0,M232,2024-06-16,Pass,2024-10-14
24dc9e05-4107-45fb-a688-1428206e4041,M575,2024-08-05,Pass,2024-06-17
20c0c505-95ec-45c5-a9ae-f0d87db61f7f,M662,2025-01-27,Fail,
a7023a7a-ad4b-4a12-b59c-482d44ff63e9,M814,2024-10-18,Pass,
fb263dea-761c-4ce2-8890-3bd78d4f4024,M100,2025-03-06,Fail,
6f5f8977-2e54-474f-9c63-100518135929,M340,2024-04-19,Fail,2024-08-05
afe06e9e-fb1a-411b-aca4-ad50409ef8e5,M674,2024-11-05,Fail,2024-10-21
eccb5493-9125-491e-bb7b-21456e747e48,M852,2025-02-09,Pass,
95154e7c-c3ff-4a45-b326-f4a7f44b0afa,M632,2024-07-02,Pass,2024-11-30
d5f6770c-f10f-49ad-b73d-276831ffbc92,M519,2025-03-05,Pass,2024-08-29
44413b47-17b7-418f-8ef8-c16fb935cbf1,M141,2025-03-15,Fail,2024-08-19
5f04de07-88f7-4985-bfb3-f1e894ec1ea0,M996,2025-03-01,Pass,2024-04-02
156fb8c0-5864-4326-95ac-85f7e7d5b7aa,M905,2024-10-17,Fail,2024-06-22
f487323b-083f-4c01-98ac-24c8a4cdbe82,M484,2025-01-09,Pass,
bae293be-2e85-4043-8efb-e761c74fa4df,M200,2024-12-26,Pass,
242ed52d-8e3a-4fdd-86bf-ac6925a0d845,M186,2024-07-01,Fail,2024-08-15
88bbef5f-e87d-46c5-a702-8a2685633002,M644,2024-05-19,Fail,
3f1aece0-011c-4b21-8f84-d07091e04038,M804,2024-10-11,Pass,2024-12-07
ba661051-145a-48ad-b75c-70c3ec182f60,M755,2024-07-24,Pass,
26797206-5d3b-4edf-8aa7-bd48a2b6ea52,M895,2025-02-24,Pass,2024-07-22
e6f8b9f7-2e8f-4c4e-b9fe-bb70aa3690df,M663,2024-11-03,Fail,
e8386a14-f551-4b87-8cb3-3c94d0d6fc95,M359,2025-02-23,Pass,2025-03-09
3cef9578-ec30-4e9b-ab0e-ae34ff23ea3e,M174,2025-03-01,Pass,2024-06-07
83f8077b-4cd3-4c3f-99ab-efaed873c360,M933,2024-09-26,Fail,
45e2ea3e-5023-4216-a8cd-86b5833f449f,M609,2024-08-06,Pass,2024-09-23
c03151a6-1111-459e-864c-0d28d6af2d1d,M300,2024-10-29,Fail,2024-10-21
93c6eb69-33ac-4dde-977a-ef5a18e6f179,M588,2024-12-08,Pass,
d6c4848d-e71f-41ad-a734-8c5321341b22,M956,2024-11-12,Fail,2024-07-27
7462b26e-2cae-45cf-8c1e-3e9e142fd497,M576,2025-02-09,Fail,
f02730f0-3a86-41d3-b28c-eed2d0770d2f,M277,2024-11-26,Pass,2024-11-09
3472308d-f7fb-4e28-958a-82d9f5cb3252,M762,2025-02-19,Fail,2024-09-02
5fbaf0cc-8c57-4b5c-84d4-a521cf6e69cd,M707,2024-09-12,Fail,2025-01-30
bdc6d63a-b761-441c-ad32-98173c7ed1ab,M878,2025-03-11,Fail,2025-01-19
652c2862-99a6-4155-a2a2-e1685185fc3d,M422,2024-09-30,Fail,2024-04-23
7f834887-c89c-4253-8828-1755212c40a9,M467,2024-08-18,Pass,2024-09-01
e7eb5414-b710-4b7a-aeaa-f99ecdbb90fd,M161,2024-07-15,Fail,2025-02-09
50c76be5-8814-4f30-ac4e-b8d90d8670c6,M216,2024-10-11,Fail,
21127682-7fb7-4d4f-8932-50e9742084aa,M263,2024-10-24,Pass,2024-10-05
9b56c52d-c69d-47e4-8137-2a212f585265,M841,2025-01-30,Fail,
76d14ba5-0ea3-4a5e-8b8e-3f601f98926a,M714,2024-08-04,Fail,2025-01-07
c6cdbcec-d33b-4e9d-9c9c-94f7334ca7bd,M503,2024-10-17,Pass,
09358e8d-27c5-44b7-80b8-47cadab8380b,M804,2024-05-12,Pass,
a7786a28-1424-48b5-83a1-ebb02a2fd69f,M567,2024-12-13,Pass,2024-12-05
ca770484-e2f1-42d2-a5c8-7d817768e6b2,M508,2024-06-08,Pass,2024-04-16
356f8e90-b821-47fb-8471-c34d22038292,M682,2024-11-03,Pass,
4664756b-5244-4ac6-90c4-a4e24e29bd8c,M101,2025-01-02,Fail,2024-04-04
e8c0fcd5-0a18-493a-bc62-29d01682809e,M887,2025-03-19,Pass,
fefefef2-f132-4146-b598-a31a69990f47,M678,2025-02-15,Fail,
b1331535-5e35-4701-9699-86a9115fd548,M279,2024-04-21,Pass,2024-07-17
b14e60b2-0454-4ff0-aaf6-5b4fc76bc4cb,M672,2024-08-27,Fail,2024-11-15
16a9c2c9-e96c-4151-9a0d-818335f0b2bf,M146,2024-12-17,Fail,
e3f674af-ff6a-4ef4-9eee-31d4fce4c289,M635,2024-08-20,Fail,2024-07-27
5ed3eb27-2985-4b57-8d41-a40ab13f78fe,M928,2024-09-10,Fail,
b2043829-834d-4785-b4de-3400e628f3ea,M505,2024-03-31,Fail,
0af33d8f-ad76-42a7-a3ea-5acc2774125a,M859,2025-01-15,Pass,2025-01-02
29088e17-90e5-4324-87cc-0f2296fea9e8,M580,2024-11-01,Pass,
f87e2d88-7cb0-4f92-85b9-425d68008b7d,M994,2025-02-13,Fail,2024-06-02
af1d72a6-224f-4da8-84ed-81b247ec1199,M451,2024-12-29,Fail,2025-03-02
3c98c274-514d-452f-9d91-52484200d6f9,M871,2024-12-05,Pass,2024-12-04
b1281ec8-e0ec-420b-9bcb-c14163f51bf0,M918,2025-02-01,Pass,2024-03-21
d576ddd2-b103-49ea-9c02-825f0130f3ee,M510,2025-02-28,Pass,2024-11-16
b1bb562a-7eab-4f8e-b32a-d26b01065549,M708,2025-03-15,Fail,2024-08-17
f36d7f83-04e3-43ae-9da2-487f81abd5a5,M239,2024-07-25,Pass,2025-01-26
4836e295-cef9-46b0-bff6-3f2591b3f469,M875,2024-05-29,Fail,
8a1ebb8f-4296-48dc-885a-824f7ecda5bf,M880,2024-10-10,Fail,2024-11-27
27972e2c-c59f-4e6d-8b16-3f2ffa10b33b,M271,2024-04-16,Pass,
ad4d13bf-d4b2-4a8c-bf28-e8e4422b74a5,M307,2024-05-03,Fail,
beccb0ed-6f94-4ec1-a363-68a3a3a3803f,M342,2024-04-23,Pass,
04c3a6a2-0aed-4387-856f-45325171d70b,M632,2024-11-02,Fail,2024-12-27
d720ab8f-93ff-4303-91e1-1eab95a852ef,M598,2024-12-12,Pass,
88534bd2-7ee2-48af-b07b-e925a3fb8b2c,M195,2024-04-01,Fail,2024-06-30
0101b4c1-90e5-415a-b254-afab2333c505,M472,2024-06-07,Fail,2024-09-23
88f68866-2e85-444a-88c3-3f15b6ce4186,M586,2024-11-20,Pass,
dd6c7e20-e062-496d-a7c3-5d8f298e5dc9,M328,2025-03-15,Pass,2024-09-04
aaae5728-f68d-4fce-9d81-9717cb5140f3,M905,2024-12-30,Pass,2024-11-26
ed31fd58-1040-4c91-af07-152d1ad3fb2f,M803,2024-08-13,Fail,2024-06-14
18843b84-5f2b-4ea2-9191-374b3015fa8a,M785,2025-01-02,Fail,
b158e6b9-6821-45e0-b0f7-ee46035ffe71,M318,2024-07-16,Pass,2025-02-13
ad85b68a-b03b-40eb-a38e-1c01540b4955,M377,2024-10-16,Fail,2024-12-07
cc38471f-9894-424e-b170-4340210143e3,M253,2025-01-31,Pass,2024-11-22
063ca08c-4d1a-4504-a890-1cb7ff46ccfb,M812,2024-10-15,Pass,2024-11-15
ae6c65f2-a47c-4694-81ca-81eb7ae743f2,M664,2024-06-04,Fail,2024-08-10
fb920722-9e4c-4656-bd17-8ba169f537b3,M381,2024-12-07,Pass,2024-12-02
6d16a08e-04a0-448a-9d88-bc06d14a5400,M146,2024-12-01,Pass,2025-01-07
be8d35e6-8b81-455c-bb9c-117bfcc20edd,M460,2024-09-07,Pass,2025-03-01
e9fe4793-6287-4f13-932c-6f1ce8a0a375,M526,2024-12-21,Fail,2025-03-10
c58a9a8b-f0fe-4ee3-8640-143e0119eb31,M663,2024-12-15,Pass,2024-06-18
4b4c2b6a-8a25-4b14-8eb2-469b2ad9a121,M866,2024-11-10,Pass,2024-11-06
c046f5d8-585d-445a-8790-979815973ec5,M167,2024-06-16,Pass,
d24a7628-6ea3-4c0a-908a-2057f003e781,M818,2024-09-03,Pass,
2e3aa377-5a36-454b-9b6c-8502b0e17482,M967,2025-03-06,Pass,
3f055336-a261-49a8-ab30-dbcb82546634,M295,2024-10-17,Fail,2024-10-19
e0131a91-0739-4786-8abe-ae651d41f732,M754,2024-06-05,Pass,2025-02-22
4cec6968-746a-4bca-ab56-c52df8c35146,M289,2025-02-12,Fail,
9027bfd3-16c0-456a-b37c-1e7ee1a429ed,M979,2024-08-03,Fail,
f8018e7b-5425-4595-8529-2c87eff707b1,M910,2024-09-26,Fail,2024-10-23
09c64c44-848a-471c-9707-7486f18180bc,M300,2024-05-06,Fail,2024-04-26
646f167b-691a-42ff-b57b-29f0d13fe07d,M719,2024-04-01,Pass,
65aa1477-eada-4eec-a00b-d53179b8dc69,M982,2024-09-09,Pass,2024-05-01
08849cb8-b61c-42e9-b3ab-bfc446becc59,M188,2024-04-20,Pass,
f55e9d2a-55ad-47b6-9db5-bf3bb4daf890,M483,2025-01-02,Pass,
950d76c4-f277-47b9-8f82-49f38e820556,M284,2025-01-05,Fail,
9458c5a5-7408-438f-9480-b901691551f0,M677,2024-05-19,Fail,
18f7eb61-e2dd-4f44-b423-3d54d2dd3d72,M620,2024-12-27,Pass,2024-11-20
8d731367-25f5-469c-97f1-b312e038f683,M765,2024-06-22,Pass,2024-08-30
012a4807-6042-4b05-89d3-212ce6c8e3ad,M259,2024-05-27,Pass,2024-11-14
f9865afe-12b8-4266-9525-14557ec409c8,M129,2024-08-21,Pass,2025-01-11
b94226d3-36e7-4080-aedf-58da68dbc7ac,M633,2024-06-27,Fail,2024-04-22
bb5e155d-92ec-442d-8d93-4b42d633441c,M864,2024-07-30,Pass,2024-12-27
77ae94bf-c5a5-4a86-8179-3d5f88e900a2,M602,2024-06-06,Pass,2024-12-21
1fed9b41-bf6a-4eca-8b68-6d3dd63ea02b,M750,2024-04-15,Pass,2024-05-01
7470cc10-3a8b-47c4-bbf8-cb65be27fce7,M220,2024-03-30,Pass,2024-07-02
c304595e-8ed4-4d24-847c-3238b85e29bc,M283,2025-01-22,Pass,2025-03-18
f643a00d-6b8d-4486-9484-c9d2accad4a5,M455,2024-04-27,Pass,2024-11-15
3c69a6b4-83dd-4f3a-a066-e5bc1a12c89c,M608,2024-06-10,Fail,2024-11-23
1d068bec-49d5-4d1f-9e6c-145ea6d2a524,M327,2024-10-24,Fail,2024-05-17
f0263f59-7dbf-4c5b-8f45-4d7d929d8dae,M528,2025-01-30,Fail,2024-08-08
aa31aa5c-1add-448b-a948-03e8064a0864,M404,2024-07-24,Pass,2025-02-01
608692ca-37fb-4848-84de-55e600ed9e71,M654,2024-05-11,Pass,
ed3ef588-0a08-493d-85bb-60b5479cb794,M237,2024-09-06,Fail,
50402c4b-8fd7-4410-8842-5c735d679d76,M962,2024-12-06,Pass,2024-09-14
475efe81-1271-4466-a888-ca2688964a9e,M674,2024-08-27,Fail,2024-09-20
5877a31c-c608-4f45-8f92-18b2d920022e,M812,2024-09-21,Pass,2025-02-10
6d28605d-8408-4c40-a5fb-b9a0725ab011,M213,2025-02-18,Fail,2024-12-25
9aa618db-c7a3-4b98-b310-4ce9f0cd9c00,M354,2024-04-04,Fail,2024-12-12
7f96e19b-53e1-4933-b6dc-5e95a69840f2,M544,2024-11-04,Fail,
39f98e4f-a5e6-4532-9938-c839a426fcf1,M504,2025-01-10,Fail,2024-11-18
3782f05c-297c-43e0-b3bd-643b7c855f5c,M107,2024-08-17,Fail,2024-09-22
9966556f-af7e-4242-94ff-41650e34102e,M673,2024-09-22,Fail,
4913c5db-7e46-4fc8-886b-d18b4de9ca1d,M695,2025-01-04,Fail,2025-01-02
b3bb3f0a-f9df-40a8-a2ac-ca54c3744d60,M303,2024-12-16,Pass,
952488b9-d8d8-47b3-84ca-6c20fe7662b2,M126,2024-08-16,Fail,2024-06-20
50011bc8-226f-4c7c-b56b-5e68df891a65,M222,2024-07-21,Fail,
6bacecc6-051c-45b6-89e9-2ff69ed9bc03,M975,2024-06-04,Fail,2024-09-25
55a47a9e-5f52-48f9-a63a-a9bbbf07b833,M736,2025-02-19,Fail,2025-02-21
b2c88552-6e9d-46c0-beaa-8ea31a13895b,M997,2024-12-14,Pass,2024-09-05
fefd572c-6563-4c36-b3b5-88494364da45,M536,2025-02-01,Pass,2024-11-28
bfeeac28-8d5e-42ac-b5c3-8022faea7b3b,M253,2024-04-10,Fail,
eec02c51-5671-4f29-bda0-b524b9abe36c,M360,2024-12-19,Fail,
e444a37c-67a4-43cd-8004-2721853fc72f,M129,2024-07-28,Fail,2024-10-15
10277fd9-48ec-4bd2-8c90-67dd344ca51a,M791,2024-08-11,Fail,
e6669c3b-75c9-4780-b1b8-840bde319fea,M929,2024-04-20,Pass,2024-04-05
4e2b68f9-575b-4cac-af76-e33ca421f278,M790,2024-05-08,Fail,
8f70bfa7-04e5-47d8-9e3f-98057455fae5,M315,2024-11-12,Fail,
cd773681-c42a-4715-8697-6a7a26e326d2,M581,2025-02-26,Pass,2024-10-03
75b5860a-00e0-470c-9ea6-29772dbe6d1a,M968,2024-08-07,Fail,2024-06-11
e785b739-8f9e-49c6-8782-6228973dbb15,M343,2024-05-20,Pass,2024-09-06
19c20b9d-2bee-4bda-bffe-5f4b26279459,M200,2024-08-09,Pass,
c2619ef2-d299-4817-99f5-5e0eb0488f7b,M856,2024-10-02,Pass,
329979c0-464d-4fd5-9462-1ef64e09d666,M255,2024-07-31,Pass,
079c182a-153b-49a2-8a6d-871dc8ec2b36,M918,2024-12-29,Fail,2024-06-03
58ac508c-1008-4ef8-8114-56bf85a6b6e8,M102,2024-07-17,Fail,
abc8cff7-c039-4d23-bdf4-86f0d557fbbd,M125,2024-08-16,Pass,2024-05-20
cbededa3-9ca2-487a-99f9-dc7f1db888ff,M401,2024-12-30,Fail,2024-08-21
ca40fbf0-2071-41f9-9159-6a92cbd5736f,M249,2024-07-10,Fail,
19d9fbf0-f584-4e9e-84c2-94c0dbcff355,M429,2025-01-01,Fail,2024-03-28
2933ef47-68f5-4274-b61f-3636cf76ea96,M374,2024-10-21,Pass,2024-06-02
77953f9a-ecc3-491d-a35d-611efa8bc8b1,M190,2025-02-09,Pass,2025-03-15
5c8fd07d-1edd-4aa3-a6cc-bf482d14f586,M531,2025-01-01,Fail,
b3b7e953-4eba-4309-bea2-84ccfc16f101,M657,2025-03-03,Pass,
18b20e77-b82b-4f4e-9645-2ed91b929bc8,M858,2024-06-23,Pass,2025-03-17
40458eef-fd4c-4e38-8b3e-8a8aa4557135,M953,2025-03-15,Fail,2024-10-27
4454b58f-061c-47b0-99ff-0a8d872a90a7,M915,2025-01-07,Pass,
3546333f-b259-4799-b27d-613ce47eeb0e,M499,2024-04-26,Pass,2024-05-28
76d2785b-8ace-43ec-aa71-5b31b628e619,M962,2024-04-18,Fail,
06e969b5-5829-40f8-ac05-25a9b4f12cc0,M498,2025-01-23,Pass,2024-11-13
b32ee062-3846-42e7-8596-003b4a8e97c3,M186,2024-07-31,Fail,2025-03-05
ac25dfc1-182c-4fd2-b200-b9055b957a49,M118,2024-06-15,Fail,2024-09-10
f1ab6910-5509-4e43-b2fc-ba8657a46075,M204,2024-11-23,Pass,
0553a00c-6416-46de-bfb7-f2b211423ec6,M533,2024-06-12,Fail,2024-09-22
077c1b58-d4d1-47aa-8e9d-10b3fcb3c139,M432,2024-10-24,Fail,2024-07-12
a330ad38-461a-4af2-8b1e-57e395ea5fbc,M343,2024-04-20,Fail,2024-03-28
a0ea765a-62f5-4ee8-8e02-0b4ee3abfe15,M223,2024-07-24,Fail,2025-02-24
3e0715c4-175a-4e95-a3e5-72b729934940,M635,2024-12-29,Pass,2024-09-26
d96bd4af-8a2f-4876-b03e-7c2e98f9540e,M641,2025-01-03,Fail,2024-08-13
a8f610ae-330b-4aac-8a67-72eee198164e,M903,2024-09-08,Fail,2024-08-07
59110572-417a-4efd-b7d6-54fc03bd6273,M888,2025-02-26,Fail,2024-07-01
6755335c-7300-4816-87a4-5cecf4adb094,M130,2024-07-11,Fail,2025-01-27
a83b6c9f-7b44-492f-9e04-507004c2868f,M959,2024-04-19,Fail,2025-03-06
a2592239-493d-4085-a60c-7548accc9587,M675,2024-10-16,Fail,2025-03-09
0f6d0233-6c22-4c3c-a3dc-333a8159b202,M144,2024-10-14,Pass,2024-11-08
77c48a4c-2b41-49be-8ee0-48ec595054e4,M894,2024-09-23,Pass,2024-06-07
e272485a-3b64-4622-85ad-cc33f67dd7b6,M210,2024-08-04,Pass,2024-11-10
ee882358-d221-446e-bf04-e27660683c6b,M998,2025-01-05,Pass,2024-12-23
98c1e58a-f85c-4990-afb8-cc23fc8bd833,M765,2024-07-12,Pass,2024-05-12
428e0654-064c-4dd0-bc7c-18f2c602d5eb,M560,2024-05-20,Fail,2024-10-22
26145cb3-7e8c-42b4-ad4e-df615b6ad256,M623,2024-05-06,Pass,2024-04-14
ca59f8aa-609e-40d2-80c9-4fc0677c6163,M927,2024-09-21,Pass,
9ae33f58-d2b2-4070-92e4-2d978530847a,M526,2024-04-25,Pass,2024-12-26
c22db7cf-f218-46d3-8031-6275c5b046be,M603,2025-03-20,Fail,2024-08-29
21160abe-d233-459b-a257-415e183fa1a5,M725,2024-08-18,Pass,2024-11-24
7521e284-e825-4fc0-bf08-9b79e1d2fc5b,M301,2024-05-29,Fail,2024-10-05
4c26fdc4-9493-4367-9c90-f9996a558af9,M337,2024-08-22,Fail,2025-03-21
5c383296-6d9f-4d17-a1ef-898db39da851,M265,2025-01-10,Fail,2024-06-20
f9e10df1-c2c1-4e9f-9bd7-31a6ee44e7bc,M692,2024-06-19,Fail,2024-08-22
adfac129-d1a4-4cc0-acf7-e8f3321a3d82,M697,2024-03-21,Fail,
32a47ffb-80c2-4c7b-87ef-5a368bc9ed73,M679,2024-06-04,Pass,2024-12-14
630e8ee6-88a7-4f99-bb55-d01f5672dede,M645,2024-10-06,Fail,2024-12-11
39aff0af-8fb7-4a34-9adc-679b7cc1e3b0,M538,2024-07-02,Pass,
dc2dc43b-b38c-48dc-a078-4dd33d711c4d,M875,2024-07-01,Pass,
300320a0-8190-4873-9524-b6d83c2b5de8,M613,2024-04-20,Pass,2024-03-21
031a69ac-fb29-45ef-97f8-1c43fb26c4f6,M293,2025-03-17,Pass,2024-10-27
ff7e969c-a55b-4d4a-a7c3-b61a4d2f1ef1,M270,2025-02-16,Pass,2024-08-22
08651286-325b-43a8-ab72-7bb143fec440,M768,2024-03-24,Pass,2025-03-04
795123f5-e7c5-44e0-a652-9cba0f5c0e6d,M668,2024-12-03,Fail,2024-11-02
b3b3e629-c27c-40c5-9698-272519621252,M623,2024-12-22,Pass,2025-02-24
b20ff21f-ff32-4492-9da9-4c299844867f,M169,2025-01-26,Pass,2024-10-26
9c8516b8-b8b9-454a-bdc8-5fc053c3b381,M245,2024-12-07,Pass,2024-11-23
85e647e8-ea13-46aa-a9a7-5d884e47070f,M826,2024-12-21,Fail,2024-06-04
6c61d88a-186d-4403-8a4d-6cdc87d3146b,M164,2024-09-23,Fail,
66cafe8a-8fdd-4abf-9778-afb8d44626c2,M113,2024-11-10,Fail,2024-12-03
ba650b88-2866-415a-9816-e12e9e916a48,M185,2024-03-29,Pass,
8b5f3664-bc9c-4be3-ae1e-28eea0cdadd3,M232,2024-07-15,Pass,2024-06-29
78386228-c4b7-40d6-870e-a7d7c4fe0fc3,M919,2025-03-02,Pass,2024-06-01
6cff053a-6a30-4f93-86d7-136ffa848cfe,M914,2025-01-11,Pass,
6a59108a-a6fc-4269-a6bd-a5a32f6ad771,M208,2025-01-20,Fail,2024-03-23
2981fdc8-80d7-400c-8764-2e6225c17032,M636,2024-06-12,Fail,2024-09-06
4151e353-eb6b-4bea-9fcf-bfa55cdd9626,M954,2024-04-05,Pass,
27cda495-6f70-45c7-b7c0-40507220f686,M423,2024-04-20,Pass,2025-01-21
c2333e9b-5654-480a-b6ae-d5d28eb02332,M365,2025-03-18,Fail,2024-11-01
c1f025b9-ab74-4d7e-94ac-ce588de422b6,M982,2024-08-22,Fail,2024-09-04
32b243ce-d1b9-4225-a944-f942380011d8,M412,2024-10-07,Fail,
720f8d01-6deb-434a-8dea-1a584ee82705,M150,2024-09-25,Fail,2024-05-14
dd40cf97-1327-424f-b4bd-fa4b33eb8959,M299,2024-07-22,Pass,2024-11-10
3141034e-c090-43a5-91e0-e576f83f31fe,M419,2024-05-23,Pass,2024-07-25
646b86e5-5148-4fcb-b263-f9673b622148,M500,2025-02-11,Fail,2024-06-01
ff27a231-ca0e-43f1-a9b2-13fc806e7319,M761,2024-06-30,Fail,
7a9daa72-ddf4-47fa-b5cb-0d9d5d45ed13,M579,2024-08-08,Fail,2024-05-31
6f1b4b25-ce2a-42da-9cad-26230c7364a3,M797,2025-03-05,Fail,
447ac2e9-1b85-45b5-a051-6bbb162e9aba,M134,2025-01-27,Fail,2024-08-03
6d4ed36e-7d3d-4e42-92ba-32d25dc74d8d,M821,2025-02-23,Fail,
f3cbe85d-b9ce-4a8c-9715-2b385c06d956,M570,2024-07-04,Fail,2024-04-22
e24e5995-2608-41ca-808b-b7b1776940b3,M514,2024-09-28,Fail,
0167160d-ddee-48fa-8b78-23898541ada4,M421,2024-07-06,Fail,2025-02-07
cda78c8e-764a-4467-8e21-5525ff0ca57e,M855,2024-10-31,Fail,
05085baa-aabc-473f-93d1-0cb64aab3fd5,M556,2024-05-16,Pass,
a97fb327-b0a0-438f-ad58-7a3da6285ac8,M573,2024-05-02,Pass,2025-01-21
f64e4d0d-ebce-4126-8d6e-036a7c2af502,M737,2024-07-03,Pass,
a49b32ef-f9f6-44a3-b9d9-99f375657836,M170,2024-09-30,Fail,2024-10-28
c53781c3-9dac-4fc1-bdd3-8897d2d51816,M779,2024-09-28,Fail,
60ecc6c4-fdd5-4bed-966b-06ebf3fdb386,M234,2025-03-19,Fail,2025-02-05
31e16068-a10a-4947-9864-d38e5ece4d1c,M983,2025-01-12,Pass,2024-12-25
23415c57-2a56-449f-b6a6-4584302540b3,M768,2024-12-12,Fail,
d505b82d-ee9c-4e0d-a016-c9d5064d67b3,M197,2024-05-23,Fail,
a034f5f2-6875-47cc-82b9-983d262c2847,M888,2024-12-15,Pass,2025-03-14
31392e08-e422-4d35-afa4-292d6eabd8b7,M681,2024-08-12,Fail,2025-03-01
b4ba74dd-7d29-457b-8675-16e2b914b4d9,M683,2025-02-27,Pass,2024-05-29
1195f5b2-0a7c-4696-9f88-e7241539b88f,M741,2024-05-09,Fail,2024-10-23
f3eb46ad-5f85-4c27-b289-b24fad85d93f,M512,2024-07-05,Fail,2024-06-26
8ee91b87-9281-46cd-a01a-b12d682a3202,M987,2024-06-19,Pass,2024-04-09
8e3c7084-adfd-478a-b3bb-0673ebee4754,M280,2024-05-15,Fail,2024-09-11
5ac5ccdb-7c0a-4d3f-9a41-a0b8b7ff1043,M847,2025-02-06,Pass,
f6a214b0-d309-4186-8614-efb3c82af5ee,M737,2024-12-01,Pass,
46584f5e-7819-42e4-8c4e-720d90abd430,M554,2024-05-14,Fail,2024-06-06
3751e22f-f544-48ba-90b1-2278f8be5abc,M854,2025-03-17,Pass,2025-02-03
d1dd2435-127c-441e-876d-537ce8e8cb01,M668,2024-08-07,Pass,
d1009d10-f03f-4241-936f-6cca5c5a5e39,M463,2024-10-09,Pass,2024-05-04
9104e3ad-9bf4-425e-9610-6101e72bb392,M316,2024-03-25,Pass,
4e62cb80-edf5-4bc7-a5b1-810672824b4d,M295,2025-02-10,Pass,2024-05-04
cf665429-50ba-4ec3-8be6-6495525f2e53,M150,2025-01-08,Fail,2024-06-06
c4c0a10c-9508-4100-989b-5ea883dbbb6c,M583,2025-01-17,Pass,2024-12-03
78143d73-2347-4016-af59-fa0da7a88c21,M170,2024-04-20,Fail,2024-06-07
2078f774-4185-4d2b-aea7-2dde5e0fc08e,M963,2024-10-15,Pass,
aee18548-2b44-40cc-ab48-2e198a47b124,M894,2024-08-28,Fail,2024-11-02
0707a013-5647-4c04-b8b2-3083d64d1dfb,M219,2025-01-04,Pass,2024-09-09
25caca76-a801-4872-9f0d-ea93ea9e66cf,M919,2024-07-03,Fail,
33acaf0f-9c5e-4311-9df3-d4a514822d5c,M810,2025-02-07,Pass,2024-11-23
18c9d582-4154-4ba2-99f4-b74f674778f3,M775,2025-02-15,Pass,2024-09-16
497fadb4-4a07-43d6-bf1a-0f8d8379afa6,M514,2024-03-23,Fail,
a5d6a1cc-d0f9-4b03-8569-8becd69d993e,M582,2024-10-13,Pass,
94ec2065-30c8-480a-b462-c24507a6a06f,M342,2024-11-22,Pass,2024-10-04
89164a2a-4b68-4680-a980-104a5257bba4,M184,2025-01-23,Fail,
338cd993-b9ce-41c7-a79e-beab44abe639,M679,2024-04-17,Pass,
85c97fc6-5c12-418d-bf33-cea20f29a165,M813,2024-07-02,Fail,2024-11-30
a8057abf-1047-4fea-9463-b373928b7f95,M606,2024-12-08,Fail,
49672b59-611e-46cb-babc-7de27ee98e37,M936,2024-07-24,Pass,2025-03-07
fac6d2aa-04da-4285-9c99-3542c9d228b5,M889,2024-10-01,Pass,2025-02-21
14d1195f-86a8-4644-af38-509074d18f45,M529,2024-11-25,Pass,
7c0e7c3f-2139-4dec-9549-58f313d56284,M508,2025-03-07,Fail,2024-10-14
10f97d44-bfd4-463c-b61a-c6de5ccae3ff,M988,2025-01-02,Fail,
60f3a32e-e84a-4425-8fe7-a90e26a31ad3,M277,2024-12-17,Fail,
f962d27d-e7e2-4110-991a-83e29b415386,M464,2024-07-26,Pass,2024-10-02
9cbe3c1a-6aab-490d-b6ce-9d860790a6e0,M458,2024-07-24,Fail,2024-08-01
af3f909c-ce61-4dbe-bdff-b712564b8568,M799,2024-11-25,Fail,2024-09-03
7b733959-a36c-4d5c-afc4-caf8a3ff43f4,M450,2024-06-22,Fail,2024-12-07
c8abde85-ea47-447d-ab9d-2fdbd49b4cef,M851,2024-07-16,Pass,2024-11-28
bda0e78a-5d81-412c-b09d-55dc155a1246,M580,2024-07-21,Pass,2024-07-16
763ed192-d3c2-4635-9df7-02bbb5014935,M735,2024-07-05,Fail,
1d02dab3-67f1-4ab7-9b8f-5ce6dbe30855,M109,2024-09-17,Pass,2025-03-06
db81d824-f726-4bd0-a5b2-b71c18dba32a,M516,2024-05-26,Pass,2024-11-02
325dd14c-f555-4473-ba43-da8eac478255,M204,2024-08-05,Fail,2024-12-24
c68989da-8b46-448f-a57f-efd9e65b82b6,M284,2025-01-17,Fail,2024-04-04
d77af155-e208-42e3-9173-f7b26f8d3dba,M306,2024-05-14,Pass,2024-10-03
69938226-25d3-406c-b66c-6b484857f157,M269,2024-06-28,Fail,2024-03-27
264a87cd-5791-4383-9dc9-44bdcd02921e,M880,2024-06-29,Fail,2024-09-15
695697fb-b51d-47b1-a888-41a716d3f9a1,M555,2024-03-30,Pass,2024-04-27
25199ec5-2982-4306-90f0-c02290a795f6,M707,2025-02-03,Fail,2024-03-23
c9770c03-b80f-4aad-aac0-e298478c4fe0,M612,2024-11-10,Pass,2024-11-15
bb0bed80-233a-45a7-a851-c32cff4dae74,M653,2024-03-23,Fail,
e7fe90ea-c418-4235-8fab-fb99cc63d470,M150,2024-05-14,Pass,2025-01-16
1de1fd87-1d03-4dc2-b9e3-8054983deab9,M808,2024-11-22,Pass,2024-10-16
3e633768-769d-442b-bea7-f9abb81dbc7b,M197,2024-07-07,Fail,2024-07-02
529134d0-59ed-4751-af57-52b87b5298bd,M171,2025-02-16,Fail,2024-06-16
7c2d8b3e-12f0-42f9-8d7e-01be0427232c,M137,2024-09-24,Fail,2024-12-28
dc1f8be2-62c7-46d3-8881-117823a38d9e,M229,2024-06-20,Fail,2024-11-14
03d89071-58f6-4f59-aae0-c7dd00d437e6,M413,2024-12-16,Fail,2024-04-30
dabd4080-4a93-4276-9e97-e2be067d2bf7,M354,2025-02-05,Pass,2024-10-07
38493993-e313-415c-a7bf-fce7e1c2d859,M338,2024-04-30,Pass,
cd6f227e-a508-40ea-ac1d-c6ec43b09b42,M259,2025-03-07,Fail,2024-07-19
432d249c-fc6a-4dae-8409-a226df55c9ea,M521,2024-08-03,Pass,2024-06-13
e098d7e6-c842-4068-810a-491203560ae0,M705,2024-10-06,Fail,2024-10-14
5a262e9e-b869-4beb-bfc3-f6249e440f3d,M351,2025-01-07,Fail,2024-05-28
016c43f4-023b-47c0-9b9b-0f4a5e5b61e0,M783,2024-05-14,Pass,2024-06-17
8d6c13eb-1408-45e4-8bd7-3ced9ffba34b,M297,2025-01-31,Pass,2024-06-29
22adec0d-47b6-402e-a0b5-4f04fba5c898,M180,2024-06-15,Fail,2024-07-07
c5a2d973-c9e3-4076-8851-e33d4ddc5ae6,M592,2024-10-05,Fail,2024-07-23
91eb1bf0-4de1-4465-b43e-fe40b5c68eb9,M316,2024-09-27,Pass,2024-09-04
b91b7f32-512a-43c0-85ce-95445fbf1a03,M858,2024-03-21,Pass,2024-05-28
eb9ca0a2-d062-41a3-81b3-b33939cfa818,M229,2024-08-08,Pass,
ce925451-af10-4219-9245-a0d569e3da1e,M873,2024-11-18,Fail,2024-07-29
2508dcd4-18ee-46b5-84c6-f64339d62e61,M451,2024-05-21,Fail,2025-01-02
66715f44-b0af-4d77-96b0-e6893982bf9b,M704,2024-06-30,Fail,2024-08-11
b6639ab2-4350-488d-9872-12dcb703a5bf,M924,2024-09-28,Pass,2024-05-01
1a2fed2e-1921-4a81-97d9-241532fae4e5,M492,2024-03-29,Pass,2024-07-08
7cb07dd6-19c0-43fd-98d2-c803fabec0c1,M810,2025-02-24,Fail,2024-10-21
716b6a89-42e5-4eb7-a36d-07e85d2e8c6f,M137,2024-07-31,Fail,2024-09-21
a22f50a7-a203-4cba-b9c4-75834f225df4,M542,2025-02-04,Pass,
685f4b99-87f6-4e10-80d5-91fe247cbdd0,M805,2024-12-02,Pass,2024-06-10
66f3063d-d6f1-4ae3-a70f-13f376720251,M415,2024-07-26,Fail,
b5d6ef8b-a214-4197-b926-f9d5b13f17a4,M279,2024-05-27,Pass,2024-12-18
d4d2a45e-457e-4698-a22d-ab75463305fb,M673,2024-06-18,Fail,
8d85f3eb-7490-4413-8423-a044169d1637,M507,2024-08-11,Fail,
7e5c5b00-c7a2-4cf3-8a61-4b857c42d5d0,M879,2024-09-01,Pass,2024-12-19
6de2525f-044e-480c-9fb0-1efd47405476,M259,2024-08-29,Pass,
f333fdae-0470-4a7f-874f-38424f0e3f25,M502,2024-12-21,Pass,2025-02-22
7cdce299-6d49-44f9-af40-a2de7daa8927,M210,2024-08-15,Pass,2024-11-21
1e2f19a8-bf77-4e53-bf50-b08746df9649,M202,2025-01-17,Pass,
d3c249bb-078b-4927-b634-26c4a380d2bd,M699,2024-11-07,Fail,2024-09-17
e5b0b010-1ab2-436a-bf3e-bf9af665e7d8,M772,2024-09-29,Fail,
aa3df8f4-778c-462b-b745-02ccbb846086,M159,2024-05-28,Fail,2024-10-10
ad89dfd5-961b-4388-b189-6d0e893ab885,M275,2024-10-06,Fail,2024-06-13
aaaf1024-43d9-41c8-8a8f-ec8ced4c6da5,M407,2024-07-05,Pass,
8154f352-2cf4-4089-b576-d0fa0e51a578,M168,2024-04-11,Fail,
9ffc5c91-debb-4752-81fe-1a40bd084889,M683,2024-10-24,Pass,2024-07-24
e7c09d7d-a86a-47be-85a1-298a6bce4222,M653,2024-04-10,Pass,2025-03-03
9283efa0-933d-4b9e-9fc2-44d19a042cb1,M845,2024-11-26,Fail,2024-08-09
5f47f542-53e6-4780-9c4d-8908a7635b8d,M681,2025-03-19,Pass,
71c7a32e-6ac6-498c-a777-5a5f348b9fa1,M191,2024-08-01,Pass,2024-12-19
1b891a29-9b9e-4df0-bd60-77ae79bf77be,M986,2024-09-03,Pass,2024-10-03
04c1706d-becd-48bd-8753-748dc0514681,M114,2024-11-18,Fail,2024-04-08
7c86e7fd-c0dc-44b8-ac57-6993685bbbac,M397,2024-05-31,Pass,
242d529e-cbc7-490c-90de-530d957bcef6,M355,2024-11-18,Fail,2024-05-24
d664b167-c550-41d3-8d09-2218b4c48212,M522,2025-02-16,Pass,2024-10-30
58794314-a9b0-4af4-9d4f-c4ed4287f613,M598,2024-05-18,Fail,2024-05-30
d1e14817-1123-4474-a4d5-807ef52069bf,M912,2024-11-28,Fail,2024-11-27
a2018b50-a821-4cd2-920e-337c7dcb40a5,M191,2024-09-05,Fail,2024-09-01
3e4993fb-e44d-4e56-95b7-bf95163de874,M567,2024-10-12,Fail,2025-02-02
ed74437c-9229-4709-8584-9731fc30c8be,M733,2024-12-15,Pass,
f0ef0884-8db1-4ab4-8522-32839103987e,M784,2024-10-29,Fail,2024-10-05
de60aaa9-6851-42a6-b02f-4f3e1f672f42,M438,2025-02-11,Pass,
c2456a2b-e9a7-48cc-b5ab-7caeff29e375,M947,2024-11-06,Pass,2025-02-23
6408b22f-b6ca-403c-a302-bf4633ad3632,M740,2024-03-24,Pass,2025-02-04
9f28a25a-1958-4c9f-b937-1a4ff97e0e5b,M972,2024-10-13,Fail,
821c6f61-acd3-4197-895b-ab7f501fe5c5,M617,2024-08-26,Fail,
d32bb522-df91-4224-a06e-735d96d4130d,M220,2024-10-07,Pass,2025-01-30
a60d5fdc-891b-462a-85ad-90867ae798fc,M481,2025-01-04,Fail,2024-12-05
e635ec4e-656b-47d8-9eb6-39bd74deeaa0,M944,2024-08-07,Pass,2025-03-07
63328a90-86b6-48a5-822c-d2db6b76a591,M856,2024-03-25,Pass,2024-10-21
070c8082-64fa-42f9-9f91-743efec36ad9,M132,2025-01-06,Fail,2025-01-22
1c533a07-9cbc-465a-968c-b6d0ddb148ca,M200,2024-08-26,Pass,2025-03-21
7ac28e54-d11f-4ffc-a8ea-18dacc4890e7,M807,2024-11-26,Fail,2024-08-14
786ebbab-0786-4549-8e28-e76b24574473,M129,2024-05-30,Fail,
aa9c2da7-82fd-4e39-9734-639f088da017,M484,2024-09-04,Fail,2025-02-07
80438c32-5b2a-4103-aa5f-4c5b8f3e112b,M801,2025-01-07,Fail,
977d7332-5a9e-48e0-807b-39105f93284a,M261,2024-11-28,Pass,2024-11-15
79e75a71-c952-4ada-9027-02bd614ae37b,M249,2024-07-20,Pass,2025-03-17
dde06c80-7adc-47a9-bf6d-085ec875b720,M819,2025-01-22,Fail,2024-03-23
6904696c-7d14-40ab-8ddd-2555bd00f57b,M493,2024-07-12,Pass,
b0a9fb0d-9439-4ede-97d4-74b1e38f9fd7,M261,2024-04-30,Pass,2024-11-10
cadcd41d-4b98-486f-b39d-5b349b15a8b7,M612,2025-02-05,Pass,
