SalesID,CustomerID,ProductID,ProductName,QuotationID,SalesOrderDate,InvoiceID,InvoiceDate,DispatchDate,Quantity,UnitPrice,NPD_Stage,NPD_LaunchDate
d8fe705e-6958-40b8-975e-72cacfd5fd34,9e80d4eb-f4f8-4025-bd86-4e4a2ffc18b5,P458,Road Son,Q7428,2024-03-28,INV92139,2024-03-23,2025-03-02,13,965.27,Prototype,
fdeff2b2-c963-42c1-b810-46ca2bd16cea,6750d0e7-b6fd-4eab-bf88-69b46b53ca91,P897,Relationship Human,Q6866,2024-12-21,INV41085,2025-03-18,2024-05-13,56,642.29,,
493cace6-8556-4c77-9bbd-81c43025efb0,577db725-8c36-4729-b111-602fc1d7ab3c,P650,Someone Star,Q8393,2025-01-31,INV82094,2024-07-06,2024-06-04,33,816.87,,
ac6f6b66-083d-4638-8ee7-28955ead3fde,004043b2-32be-449d-889e-fd59fa55cee2,P719,Choose Rich,Q7698,2024-09-26,INV55715,2024-03-25,2024-09-11,33,843.52,,
1485f54d-ccf0-4b37-ba4c-efd154597afc,c5064f3c-f484-46d4-9872-5531725b8490,P602,Use Rule,Q4960,2024-06-16,INV31132,2025-02-06,2025-02-04,62,570.48,Testing,
3cf2033a-e34e-4da8-933a-6c823cd34aaf,18079436-4f82-4b7e-8385-d0144bbac51d,P304,State Evening,Q4755,2024-12-14,INV67338,2024-10-21,2024-05-26,2,893.27,,2025-02-03
9c0f7ae9-0ece-4da2-b8d2-84acc48a55a3,b74e8b5e-630e-4fdc-9f14-630ee232d9f7,P691,Herself Forward,Q6997,2025-01-17,INV85522,2025-02-08,2024-05-04,20,179.96,Prototype,
3b4619c6-d6cc-48a8-9017-1ca747e98d78,375b5c50-8515-4dde-b26f-dc889992d54d,P832,To Two,,2024-11-10,INV21445,2025-03-01,2024-06-20,43,740.19,,2025-01-13
0138b616-fcc0-49d4-8c43-aaa25a74f2d8,4b3fae04-bd04-4a78-a57f-b42bfb2e9886,P943,Enjoy Or,Q2855,2024-10-20,INV38236,2024-10-14,2024-10-28,11,721.2,,
655971bf-0d05-48b1-9413-7222ff4872f4,f2e819ba-46e0-4b85-b08a-dbae068743da,P925,Sign Run,Q6330,2024-07-24,INV88559,2024-12-07,2024-12-03,64,796.91,Idea,
d1e79a31-d536-48d9-9e39-907a391a23da,3c0894e2-6889-4813-b3b8-987b191869e4,P279,Agency Free,,2024-07-24,INV92962,2024-09-30,2024-06-03,86,940.15,,
0f89522a-343e-4cde-8369-dfa739af00b8,7a1276b4-d882-4d86-8fb9-586a546aa3ef,P539,Of Cost,Q9447,2024-07-27,INV38093,2024-04-16,2024-08-12,67,834.55,Testing,
0a240e52-5cfb-4c4d-935d-85235c8ba4e3,5d9d79ed-0ebc-46c8-ab6c-f871abac3d56,P509,Operation Someone,Q9355,2025-02-02,INV26278,2024-09-02,2024-04-21,30,327.14,Testing,
6c4a866b-92d1-4281-a91f-92750aaeac1a,8e3e0a78-3b4a-46f5-93aa-29267795092d,P278,Could Candidate,Q4870,2024-08-30,INV26809,2024-06-30,2024-04-19,67,673.79,,
2db0fdf8-6420-4529-a5b1-708924c30e7c,a08e7535-535e-436f-a036-85c0d0b6174e,P635,Leg Others,Q5377,2024-08-13,INV95799,2024-05-29,2024-11-02,79,504.48,Launch,
ac29c5b2-3bd8-4d2d-b5eb-d1ec4d3f653b,8d6b891b-0946-438e-9297-3479c945e53f,P311,Reduce Else,Q1174,2024-04-08,INV31782,2024-10-23,2024-12-03,53,361.61,Testing,
53554c30-dff2-493b-9489-2bdda6e2f9ba,ad79d4b5-39c7-4339-8c97-1c582749fceb,P298,Across General,Q4850,2025-01-30,INV91942,2024-04-03,2025-03-01,23,143.08,Idea,
e5fc2ae1-5922-41ab-8e6a-ecca86fa897e,46c08aaf-27cb-4f98-b819-f0625228c17d,P399,Even Become,Q3553,2024-11-04,INV79398,2024-12-17,2025-02-19,97,150.73,Testing,2025-02-04
0146d2ed-4ed4-4217-8026-c33524d59dea,20188186-051c-4917-a7ae-4c808aada690,P256,Ok Use,Q7606,2024-09-15,INV38368,2024-08-22,2025-01-02,26,170.85,Launch,2025-02-08
24a7a545-9480-41c5-b9b6-d88678570e69,0cc31805-a1de-4c86-86f5-00ca6753ea67,P246,Visit Land,Q2849,2024-12-26,INV24199,2024-11-15,2025-01-05,2,772.61,Testing,
89f207ae-f449-449c-a33b-ae64f35b8308,ab15811c-b697-4478-8b2e-e7be3bc2d8b5,P427,Share Leave,,2024-05-08,INV24703,2024-03-27,2024-07-06,62,152.39,Prototype,2024-04-08
08d126a3-f5fa-4126-9975-64fc14739445,f678c953-7426-4318-a77f-33aaffdced0f,P551,Than Cup,Q8704,2024-09-09,INV41106,2024-09-28,2024-05-10,71,966.18,,
9470f9ea-fd1b-47ed-a650-1e0e81d3441e,5dcd37f4-41aa-45ba-b37f-15aacc33205d,P124,Question Network,Q2349,2024-11-11,INV42864,2025-02-04,2024-11-19,72,80.75,Testing,
5226093f-b5fe-48e6-a0d7-453afdb9daa4,81332f3f-957a-4cf7-893a-62500fe76971,P224,Speak Health,,2024-11-15,INV67020,2025-01-21,2024-11-19,17,796.34,Prototype,2024-12-31
392e1331-3471-415f-aca5-9cd62ac331b6,3c701dca-6b81-4845-af5f-f8cd85fc2938,P634,Fight President,Q3526,2024-09-27,INV23778,2024-12-05,2024-09-11,72,470.08,Launch,
37a4dc88-cab5-4ed3-8053-7e1ff352aac3,ca93bb9e-2056-4d21-af24-534e74d1397c,P323,Interest Degree,Q8800,2025-02-13,INV93105,2024-04-07,2025-01-27,91,830.05,Launch,
de29d8e8-4b6a-43cb-94b4-b0e3f6e72b6b,1121e927-2942-45f2-89bc-fc5a186ca518,P601,May Memory,Q2958,2025-01-06,INV98963,2024-07-12,2024-04-01,36,149.26,Prototype,2024-08-19
a6e8fb96-49aa-4cf0-b0af-0868aa73d696,3ee878f0-e66b-459f-891f-fd5e1b661629,P571,Choose Beyond,,2024-12-14,INV55444,2025-02-03,2025-02-25,19,14.65,Prototype,
c66d7a0b-f7e7-41d6-8d33-491cc394aa13,52a16269-f722-4eb5-99e8-d5f63a7a32a0,P847,Those Election,Q4920,2025-01-10,INV71107,2025-01-15,2024-08-29,42,10.15,Idea,
384561be-56ca-4b53-bbee-57d8bb2b655f,f4b195eb-a872-493a-9cbd-39d17a22acfa,P915,Movie Degree,Q6932,2024-05-28,INV50746,2024-05-30,2025-01-08,97,330.61,Testing,2024-12-31
17471dbd-c871-4d8a-b975-5a4809a379d6,d4a50bfa-bc16-4a2d-914d-75a510e724b8,P157,Hold Tell,,2024-07-26,INV77579,2025-01-23,2024-06-25,64,540.53,Testing,
eb74793e-05c7-4e62-a4ec-e888c5571c28,556939b8-ccdc-47b4-bff3-c4c5984ddffa,P626,Some Send,,2024-08-01,INV68484,2024-10-31,2025-03-20,8,942.06,,
272971b2-a825-442a-9276-cae8cc42f189,d759ff3f-3bdd-4611-a6d6-4a6c29979324,P178,She Write,Q8366,2024-03-26,INV96333,2024-11-26,2025-02-16,93,820.6,,
e159796e-f48e-4204-a16a-17a979fbad04,aecb6d10-a5e6-4b0e-8231-fbfabb764cf9,P815,Fire Which,Q4930,2024-12-15,INV84262,2024-05-30,2024-04-13,67,387.35,Launch,2024-11-26
90a8ef0a-e156-4982-8ed1-ea94965a18d4,91745d0a-727c-4ccb-bc05-f2f05a9bb694,P313,Chance Find,Q6802,2024-04-12,INV39861,2024-06-24,2025-01-02,37,137.53,,
71e1731a-cf27-4555-8ffe-bae0e022a8d0,5b6d8c32-eb01-4dbf-8d0d-e9bc8809008b,P889,Show Pull,Q9251,2024-03-25,INV93115,2024-09-11,2025-01-23,49,876.54,,
936b6e62-6cc3-4938-97f2-9d5bab2e6a80,5c858718-b6c8-44e4-8f6b-6a69cd682f8f,P173,Mother Store,Q4881,2025-03-07,INV87032,2024-03-30,2024-08-18,63,498.89,Launch,
c8c041ab-8117-410c-a056-2b13ad91421c,899c0f97-7743-4ed6-bfd7-3d928f065576,P827,Two Character,,2024-10-23,INV27084,2024-05-17,2024-07-03,67,346.05,Prototype,
edf7ae3c-b7ac-4562-96e7-af95766ed9c8,0da2d305-080a-43cc-ae19-f060276b717b,P467,Matter Save,Q1279,2025-01-23,INV55164,2024-08-24,2024-07-30,11,840.45,Testing,
99cd12a9-ac7f-4b30-8da1-4021d7e1b439,fc8b0310-dfae-423c-a4a2-e2e94ff584ff,P523,Leader Home,,2024-09-14,INV86313,2024-09-14,2024-07-03,44,924.48,Prototype,2024-09-09
f6a88fd4-5b61-46a1-8254-5e533f2afffd,dbaba16e-940d-49f2-b9c5-7f31877c7325,P801,Community Door,Q3181,2025-03-11,INV28833,2024-12-26,2024-06-16,89,912.0,Prototype,
f10ebdbe-c9f6-4bb9-ae81-061402340091,b7856907-3f42-48b3-a5ae-4df101cc1ccf,P645,Figure Site,,2024-04-22,INV99193,2024-08-18,2024-12-24,89,803.73,,
c050652a-5d01-48a4-867c-45ddeadbb691,5c264d3b-b2a1-43cc-92e4-8275d267cfe5,P962,Professional Project,Q7171,2024-07-15,INV33316,2024-05-14,2024-09-04,72,897.1,Idea,
09d17f46-e72e-4bf3-9cfe-dde1511ba4db,8df460d9-1bf7-4fb7-a4fd-500b96c98209,P666,Democrat Quality,Q2712,2024-04-04,INV43135,2024-04-10,2025-02-11,64,353.16,Prototype,
baa324f4-34c0-43fd-8a85-51eec5e76046,b5fe0733-3ca8-4307-9236-d15dd4c23336,P681,Five Product,Q4471,2024-10-30,INV70440,2024-09-04,2025-02-13,6,557.67,Prototype,
3f042234-cb7a-432d-8277-09f0692b4626,1eec6ab9-dc7b-44e1-8735-01e182536692,P145,Stock Condition,,2024-08-18,INV45995,2024-09-25,2025-02-04,86,408.68,Idea,
fa0ae356-a832-4243-a0fe-3dc5c80ae717,4a724924-7f5e-45ad-82e2-f4f1cea1c14c,P744,Ask Growth,,2024-04-11,INV16352,2024-08-15,2024-04-24,97,50.47,Testing,
eb08f3eb-e675-4f0b-b2e2-8b077a42e846,0366e825-dd94-482f-b876-b5da42da1a37,P222,Management Story,Q9747,2024-04-04,INV72016,2024-05-19,2025-01-17,17,314.67,Prototype,2024-11-27
31d0a979-caa2-46f7-9228-94e721257f4d,68f6a001-961a-495b-a200-65756b31030e,P240,Discover Author,Q4460,2024-12-09,INV74787,2024-03-27,2025-01-28,25,665.94,Launch,2024-10-17
64702078-5463-48fc-9a1f-3c42df44e77b,4076feec-e352-468d-b771-9107157ef0b8,P549,Floor Pay,Q8799,2025-01-30,INV18588,2025-02-25,2024-04-22,86,382.78,Launch,
d394d028-7fe2-4b75-8363-3520a9f7ccd4,6e1eb470-0376-4e08-8312-164bf15a36d1,P966,Make Position,Q5053,2024-12-08,INV18676,2024-04-20,2025-01-15,18,795.91,Launch,2024-11-16
f81e3c58-f7a7-4b92-8bab-5dd117150a59,49e5c7f7-f84a-4293-b1d1-5a4fda7579d4,P450,Wife Line,Q6678,2024-12-26,INV81972,2024-09-13,2024-04-02,43,596.73,Prototype,
10367d96-9498-4bc5-8822-1734400169ed,bbbf34f7-47e3-4e48-a885-5490be6fbd59,P176,Organization Require,,2025-01-17,INV49946,2025-03-13,2024-09-19,94,767.3,,2024-07-14
c703cb63-9174-4240-9175-3ed3d461a863,04e0fddb-adef-460a-b65c-d50a8a900ad1,P223,Difference With,,2025-02-07,INV83423,2024-04-02,2024-07-29,79,322.0,,
dee0cda0-e8e7-4069-86cd-f9e6afe71a2e,f8e4e00f-0dd3-46b9-8f85-5d6503555adb,P522,Pm Visit,Q5445,2024-09-27,INV55729,2024-09-02,2024-06-16,16,655.03,Testing,
4c347e3c-4830-443b-9260-7956c7ece2bf,a4eba36a-b6af-4b2d-9ffb-14c4597c66cd,P751,Majority Develop,Q6563,2024-08-29,INV26222,2024-05-14,2024-10-06,38,726.24,Launch,
c8809058-ea5c-48e0-8bdb-e63b24916228,c6928c25-b749-4036-a381-6baad0b3db25,P778,Professional Girl,Q4638,2025-02-22,INV62105,2025-02-12,2024-11-29,59,342.84,Prototype,
202057f1-61fe-4d75-9037-570d7eff01c1,c02f9dbb-1c71-40f4-bab1-d260807659ad,P905,Play Experience,Q8128,2024-07-27,INV75338,2024-07-26,2024-07-19,47,453.83,Testing,
f22a5964-968c-442b-9d08-7c99816b7bb4,145fd142-b897-4e90-9b0f-8b4d39bde44f,P376,Day Plant,Q6376,2025-02-08,INV15345,2024-08-04,2025-02-04,44,24.38,Testing,
764b9615-c396-4c76-9b21-f1de89253596,d18017d5-f04e-4dda-86cf-de754a22ae00,P996,Budget Any,Q4549,2024-06-10,INV29552,2025-01-12,2024-08-08,72,602.85,Testing,
a358e857-4032-4924-a148-bd3555d586d0,ef23bdf5-5c56-4720-a4a5-b5eaf16db4b0,P639,Yet Country,Q2576,2024-07-14,INV66515,2024-05-31,2024-04-05,83,388.84,Prototype,2024-04-01
f36f48ec-fe0b-439b-aaa3-d6bf47d3a3ab,d4d03080-15b3-4a49-877b-e92bd50c5339,P426,Represent Between,Q8767,2024-07-03,INV61968,2025-03-11,2025-03-15,19,308.65,Idea,
49db2b74-34ff-4d6d-96fd-496232ef55d7,f4a94b85-5486-4da3-83d5-d4eaa4fd0fc8,P600,Produce International,,2025-03-08,INV63000,2024-09-12,2025-03-05,39,203.04,Testing,2024-04-01
5bcb8488-9bee-42fc-a3b5-08bf4b7e57fc,d764e199-0905-40be-b8f8-410c5c77b47b,P145,Store Statement,,2025-03-03,INV50161,2025-03-14,2024-07-09,20,476.53,Idea,
5905fc05-3ab5-48f2-881a-0067b2518b43,360e978b-b8a7-43f4-b7f3-6b5dc6973b4f,P412,Color Area,Q7288,2024-04-04,INV62328,2025-03-07,2024-05-31,100,226.38,Idea,
48092001-ff49-48ad-a2ea-b3389f7ad850,f7cb06af-5d7e-4463-83b7-f36e13044035,P280,Local Experience,Q7920,2025-02-07,INV17360,2025-01-08,2024-09-01,60,461.43,Launch,
4fae9eb8-9cdb-4407-9cd4-4e3a6f5f8a02,79042c1a-9511-4d9a-90ff-07174a0ec4e9,P663,Keep Wrong,Q9270,2025-01-13,INV85050,2024-04-18,2024-04-25,79,815.55,Prototype,
f8459f9b-d5ca-43fd-90e5-acf40a153273,c636fe69-1d57-417c-ac2d-ccbf03e30b85,P707,Although Consumer,Q4351,2024-06-21,INV78630,2024-11-23,2025-03-08,59,425.83,Prototype,2024-08-03
1c7b54f0-3694-4da1-9f97-2cb130be003b,5df09a87-904e-4cb3-9f92-839b46f09bb2,P882,Property Green,,2024-08-11,INV97543,2024-12-18,2024-04-11,65,299.14,Idea,
9e273baf-8578-43e8-a1c2-5d57c7b2f7db,33b4e6dd-8ab8-4246-bd4b-2d3c31cfa441,P161,Attack Expert,Q8444,2024-08-17,INV77712,2024-09-19,2024-12-31,12,143.83,Prototype,
8e73afe7-5ba8-41b5-a95c-c53292b4ae2e,e00a304c-fdff-4873-a7ba-23c9a223ad0c,P732,Police Chance,Q1098,2024-07-27,INV60648,2024-12-29,2024-12-19,23,268.8,Testing,
40390a29-52b3-4095-aad7-3873e66d2834,ed854523-249e-4c0c-abbe-e374fac9369c,P204,According Off,Q5099,2024-12-15,INV39680,2024-05-01,2024-11-08,77,27.1,Testing,2025-01-09
203a0b3b-4b59-4853-b332-9d7aa25c6bb8,5cc3baa3-f0ab-4407-9d8d-8707371e519d,P317,Owner Central,Q2777,2024-12-04,INV21427,2024-07-29,2024-09-16,58,825.01,Prototype,
f3941eec-4230-4470-ad1d-0f1463f9778f,fccf8572-eb9b-4f42-b868-275448724bd5,P784,Against Determine,Q8881,2024-12-31,INV84894,2024-04-18,2024-11-12,54,398.36,Idea,
358a6c80-14d8-4040-8b22-4b6f56470a1d,e8ff0b2f-8d36-4785-8384-e4b53a977910,P245,Role Mention,Q4127,2025-02-20,INV52717,2024-07-26,2024-08-11,62,762.07,Idea,
4cb0d2d4-9045-4079-bf69-1f8484f729be,a5066dd1-d6d0-403c-bc80-cb6fb7c0b227,P424,Prepare Increase,Q2367,2024-08-03,INV49800,2024-12-31,2025-01-23,82,892.34,Prototype,
c4511dc6-e640-4e9a-91eb-1d481a65acd2,2297300a-d49c-4807-a1a0-1ed031b0292d,P271,Listen Onto,Q4818,2024-11-08,INV72628,2025-01-15,2025-02-01,53,266.87,Testing,
baddd467-c1f5-47c5-b82c-eaa2f0cdbe24,1d2060d4-6435-4430-a170-02447c837200,P851,Investment Wife,Q6807,2024-07-27,INV87773,2024-07-05,2024-08-30,64,693.19,Idea,
db336893-6858-4d2e-9fba-860d2d956018,78be7cb1-9d5f-4318-a48c-817446221a12,P490,Kitchen Staff,Q5096,2025-01-06,INV10600,2024-09-14,2024-07-27,30,50.78,Launch,
a9821729-f6fb-4630-ad5c-b1cc409e26a8,f3ca8a92-b804-447c-86b5-b59e77b0be7d,P747,Anything Into,Q5443,2025-01-30,INV23382,2025-01-04,2025-01-18,76,161.13,Testing,
fc1aa9a1-539e-44f3-add7-7de4532fb6d2,7e1ea43f-d21a-48dd-9929-04e20f1e26ce,P397,Agent Next,Q6358,2024-06-08,INV59799,2024-12-16,2024-10-19,100,775.81,,
952b04d4-4e8e-4d50-8d5b-adece51bde33,d188d414-f726-40d5-bd22-6131518af654,P412,Nor Compare,Q9138,2024-05-12,INV69621,2025-01-08,2024-06-14,76,373.81,,
64b23a2d-4cc0-417c-a129-ab1398259330,14fce11a-ff59-4b58-999c-3e2ec5057c9a,P205,Standard Beautiful,,2024-10-19,INV82136,2024-06-16,2024-10-20,11,742.61,Idea,2024-12-22
5d5577b1-6562-4d33-87de-553c7a9871ef,0981c9e6-c1fa-4d04-8b07-9a45b3776327,P818,Kind Rock,Q4278,2024-12-12,INV58561,2024-06-22,2024-06-20,73,984.3,,
38223238-d8ed-49a9-89d3-dd2916585201,7c69f48c-2311-4f48-9cd2-6e84f4ec1565,P126,Account Marriage,Q9904,2024-06-04,INV70125,2024-12-02,2024-04-26,84,791.98,Launch,
d12e8bf1-7144-433d-afd4-c479aa208c38,1d4c655f-6dfd-4cb7-a9ed-25e5e64ca5ae,P560,Mean Them,Q7380,2025-03-09,INV28622,2024-06-22,2024-11-05,76,83.82,,
79630920-2be3-48fd-8b93-46ebd2b22bea,e5e13395-6506-4b40-8797-c55b4d804f44,P140,Speak Skill,Q2267,2024-09-10,INV32531,2024-10-18,2024-06-25,53,180.31,Launch,
529d794b-c086-4945-a89b-8ea305a89744,eb8adc60-eccd-4a62-a48c-af262284c2a4,P316,Cup Time,Q4365,2024-04-29,INV56334,2025-01-13,2024-07-21,95,838.47,Launch,
4a3006d0-8d94-40aa-bf11-efbf50dc3249,b499debd-87a5-43b5-9818-893d34b1bb93,P427,Since Color,Q5961,2024-09-19,INV79959,2024-06-06,2024-12-30,36,115.64,Idea,
713a5789-ced9-48b5-bae8-973219c94702,24afe6f1-db46-4b2e-9de1-701fc2fbbdbe,P890,Professional Son,Q3758,2024-04-30,INV94812,2024-12-17,2024-11-04,78,909.89,Launch,2024-08-07
aa4457e8-1bc2-4826-9c1b-113dcbf8e678,6ede0cee-8208-4bf8-a6c8-44f65c54792f,P209,Response Player,Q8258,2025-01-01,INV74837,2024-11-11,2024-10-01,69,80.03,Idea,
ccb18f8c-6c25-4412-b944-96310b852d77,1e59e2d7-78b6-470f-8ee1-d03c3be460fd,P197,Lawyer Simple,Q9142,2024-07-21,INV86074,2024-10-06,2024-11-04,72,514.99,Idea,
580b39a0-2a68-4c26-bfbe-7f95d80e1f87,4b47b210-4997-4dfb-b07f-a1b5e9074d44,P916,Time Budget,Q8214,2024-11-30,INV95322,2024-12-28,2024-06-04,86,616.85,,
c16b93f2-2447-4f5c-80c4-427c3efa5b88,5f715def-daf8-4941-b001-f2106cf515ec,P542,Natural Once,Q3205,2024-06-18,INV37603,2024-06-08,2024-05-14,56,610.96,Prototype,
b91d0a53-deb6-4545-aa60-a2250957029a,c082b0ce-5520-4503-be1f-f83f878fb71b,P977,Area Friend,Q5196,2025-03-01,INV76619,2025-02-28,2025-03-11,88,276.33,Idea,
ba7fe9b9-6ce9-46cb-8b85-c5bda49dfbb2,9355e0a3-1504-435b-bff4-6f7d46b2f1f3,P913,Finish Parent,Q7584,2025-01-15,INV48225,2024-08-27,2025-02-25,42,313.5,,
22bf65f9-ea50-43d8-9119-2a7a4417e41f,3815d33c-6520-467f-bbb1-947994395ffa,P183,Father Site,Q5498,2024-05-28,INV70442,2024-09-05,2024-06-30,60,883.32,,
c1a0229d-f716-429c-870c-1a7c7921eb28,811056e9-f83a-4e51-a03a-1fa54f019625,P610,Industry Oil,Q7956,2025-01-17,INV38384,2024-08-06,2024-10-30,62,375.19,,
4956f295-c2dd-4d5c-a89a-7188c4696279,13a8ad53-2ccf-4ef6-97e7-2a4750885ac7,P326,Animal Politics,,2024-07-12,INV72182,2024-10-05,2024-06-14,63,125.24,Launch,
d9076d47-1bb3-4218-aa92-81955f29002c,8022f8cf-823a-48d2-b08a-2c9e1f25b8ff,P653,Federal Far,Q2485,2024-03-27,INV78299,2025-03-20,2024-10-07,42,983.15,,
91f71c03-e911-40e1-81c6-bc31fe647391,30fe8976-caf5-4ee6-84d4-d9b25bdecf21,P261,Eight Event,Q9466,2024-08-23,INV67114,2024-08-18,2024-09-29,81,943.69,Prototype,2025-01-19
fa2b0ea4-f9f6-4e91-b6aa-ca13757c14c7,116c4081-fc6c-4e14-b8a3-9faada711237,P879,Perform Next,,2024-09-25,INV23999,2024-05-23,2024-08-10,9,615.29,Launch,
691174d6-5ab6-4428-8cd1-da2d2125a91b,9c18257f-6c15-439b-9821-5e389083d516,P135,Good Great,Q5766,2024-04-27,INV63694,2024-07-16,2025-01-08,97,388.39,Launch,
3cea657a-1c11-45ec-9d53-9bc7f1f87f70,92a4208a-ebed-44cc-b8ef-60d282dcff41,P219,Teacher Bed,Q1042,2024-05-26,INV50248,2025-02-01,2024-11-03,41,665.9,,
41244979-5dcb-4993-8779-190498b0e30b,b18a37c3-8d16-44fc-91b8-d7df4cca9d1d,P952,Other Officer,Q9147,2025-01-25,INV28240,2024-08-23,2024-06-12,29,206.77,Idea,
1cab703e-5a15-4a7c-9bc1-966778d29f6a,4f741606-06e4-4d2a-b726-98004218df49,P692,Arrive Eye,Q8683,2025-02-18,INV86636,2024-03-28,2024-05-15,27,296.02,Prototype,
1b1a92a8-d5e4-46a5-b545-6c301cbb129d,f9b3005d-7c71-45b9-be19-64cd9365fb7d,P362,Box Purpose,Q3466,2025-01-03,INV89750,2024-04-16,2025-01-08,20,303.41,Prototype,
90bc7b38-1bec-463e-a9ab-71d576357138,f7ed6456-e055-44c8-af80-f0930e438517,P657,Call There,Q8420,2024-12-12,INV99298,2024-12-11,2024-10-18,4,894.44,,2024-10-07
e23e074c-b26a-42f7-97cd-11764da5901b,ff281ca5-1be8-4590-a463-704dead3a132,P478,Can Bill,Q5617,2024-04-03,INV70694,2024-11-26,2025-02-15,64,441.77,Prototype,2024-11-09
65e38266-2e70-4d8a-bc37-1b2cce5aa7a2,dfd37be9-3518-4d7c-ac69-e81db010a301,P296,Paper Miss,,2024-06-08,INV19845,2024-08-26,2024-11-30,42,544.72,Idea,
b386306c-0161-4d79-8f23-cf475645a099,f6ea9027-f86d-440f-9591-f379cb4de598,P411,Chair Movement,Q7204,2024-12-27,INV30386,2024-08-01,2024-10-18,30,369.31,Launch,
32f65764-5a74-4bb6-a23a-d5d3901e5fe9,90b91be3-53f2-424e-9222-90ffb41f820a,P783,Local Free,,2025-03-04,INV73268,2024-06-09,2024-12-06,92,713.1,,
2439c78f-09f7-49d1-b37a-201826a13a51,61cfeb09-04f8-47a0-ab4d-2dc105481a66,P596,She Answer,Q7794,2024-12-09,INV78099,2024-12-15,2025-03-10,76,383.21,Idea,
0f19c468-8290-4a99-ac7d-1dafce422b8c,f570fc70-1e3e-4ca5-b5a7-d9ed2f3305f0,P697,Remember Other,Q3674,2024-09-13,INV84262,2024-04-23,2025-02-25,87,76.42,,
c826a700-40ed-45c1-8a5b-0ab4d7bab404,f6517408-8b50-4789-9bb3-50cea694c163,P986,Strategy Draw,Q4135,2025-02-16,INV59930,2024-07-21,2024-10-21,31,178.23,Launch,2024-06-21
45084943-386d-4fdb-bd16-bdff9e62ed0a,4b63d595-ee48-47f9-8a49-43115f4fea01,P655,Kitchen Action,Q4559,2024-04-18,INV94347,2024-06-05,2025-02-03,28,733.73,Idea,2024-10-14
c29a83f4-2e08-47f1-91d3-d4a40a227f33,36f26d71-fe3d-47f4-aecb-0d50cfb6c34f,P748,Laugh Those,,2025-03-07,INV25005,2024-04-19,2024-03-25,89,481.05,Prototype,
134891df-8a88-411b-99f3-cd18af4963f5,a03fe920-f696-4ddb-a060-29104b08e8dc,P738,Number Lead,Q4932,2024-09-17,INV33937,2024-05-21,2024-08-18,42,552.49,Launch,2024-08-06
82d8771b-796e-4e70-99d0-01381fb04d20,169e8e34-769d-4eb5-8226-ce229c54da59,P402,Cold Meeting,Q8701,2024-09-08,INV80007,2024-09-18,2024-12-01,96,736.55,Prototype,
4ed05f39-0321-485f-8358-29764b94b3ac,0ea28f33-ec1b-44a9-9d44-07b9d3c72906,P951,Our Country,Q1919,2024-12-13,INV21566,2024-12-19,2024-09-14,55,727.05,Idea,2024-04-13
f892ee74-407b-4bb2-9f6e-88b241642118,88b16a6e-e498-4e96-8cd0-5fe5f082feee,P759,Charge Special,Q3755,2024-12-31,INV63994,2024-10-10,2024-07-20,92,475.18,,
d62d34a9-e8ed-4047-99f8-6528f0112543,e29c029f-79f1-48f7-96a7-41beb5f0d44e,P587,Just Movie,Q5169,2024-11-06,INV28537,2024-10-20,2024-04-19,11,545.3,Testing,
4655a741-14e8-4bf2-9e10-7ea208708ccf,67cfd500-5595-47cd-8236-77c29f2c56ac,P540,Campaign White,Q4971,2024-12-18,INV66909,2024-06-05,2025-01-05,34,254.43,Prototype,
0c18caf8-f889-41b7-8ca2-4d3556f0b0a9,91528c26-4202-4090-aadd-67660d324193,P170,Down Arrive,,2024-06-12,INV60639,2024-08-30,2025-02-13,22,173.2,Idea,
87f61c64-641e-4363-8903-8b2d06ab487d,fcd3ceae-8113-453b-8c2c-d672c47f80b8,P913,Out Small,,2024-04-01,INV88083,2024-06-19,2024-07-11,58,81.65,,
14eeab03-cb7a-4f2a-a0c8-3ef9a22d01d8,8e5cfe57-b317-40fa-a7a0-290549480156,P672,Teacher Language,Q1338,2024-07-11,INV74038,2025-01-01,2024-06-07,42,832.39,,
b5a6768f-fa6a-48e7-a63e-298e9aed8178,03a9f721-8879-4cc9-b884-59997ca7d701,P831,Out Set,Q1054,2025-02-02,INV51270,2024-11-27,2024-11-17,17,824.78,Launch,
5377f340-24f5-4f04-9b7c-07ff26cb089f,a675e3dd-9ffa-4276-9f1f-be74a431b8e8,P956,Tend Write,Q6753,2025-01-07,INV28239,2024-09-01,2024-06-26,63,454.89,Launch,
067c1e4f-615e-4fc3-95c3-959337ffb4b8,9fe4473a-0034-4771-94d6-01f3da3532b2,P903,Keep House,Q6234,2025-02-23,INV92465,2025-02-01,2024-04-29,11,817.0,Testing,
595e5490-9faf-4f60-98fe-70cf1436f775,e3637375-3cfb-4bcd-8c15-124b771c3c69,P353,Eye Rock,Q4062,2025-02-14,INV89265,2025-02-15,2024-08-01,63,130.46,Launch,
b4c42477-572f-44ed-b5cb-79aaf495ef13,f9e19da6-a111-4145-b55c-45d7792ce783,P393,Scientist Real,,2024-06-19,INV81968,2024-09-03,2025-02-11,9,977.08,Testing,
8cd7a9e5-2791-4920-86a0-de03a1aa1f48,ac39842c-f724-4d2c-a687-5616930a1194,P283,Arrive Call,,2024-09-21,INV48504,2024-06-06,2024-04-27,50,878.92,,2025-03-18
882e1ef3-e45b-4a82-82db-5351082eea83,aeff4a5f-4b68-422d-aa6d-97e62b842f04,P763,Kitchen Activity,Q1050,2024-08-20,INV65892,2025-01-20,2024-06-28,12,580.63,,
b22467d9-eb7c-494d-9037-2682f52be234,89b5a3a7-7b9f-45c6-992f-a82d12b426fa,P833,Care High,Q7955,2025-03-17,INV13446,2024-05-22,2024-09-18,73,588.96,Prototype,
ebc6bc0e-354c-448e-a18d-64da01656838,ef3fc615-f7bb-408c-984d-e8d4f2462973,P103,Series Teacher,Q1201,2024-08-04,INV36419,2025-01-04,2024-04-20,88,270.4,Launch,
8c9606a2-84dd-4600-8a9c-50bec0586d46,d1b9fcc9-f9fa-466c-849b-fa545c68b8c7,P341,Yourself Responsibility,Q3799,2024-04-21,INV31585,2025-02-21,2024-06-08,71,463.8,,
bc91ff68-fe37-4557-a82b-4648082e1cc8,cba7f133-98b0-4e73-8b0f-f727dc184b1b,P205,Place Way,Q5894,2025-03-10,INV60731,2025-01-05,2025-03-14,7,200.92,Testing,
3a5fb6cf-df28-401f-a855-d1373b3bd5e2,58edb3f3-40ca-40c1-a83d-cb650c7f701e,P750,Few Around,Q5224,2024-09-09,INV92106,2025-03-03,2024-07-05,23,121.41,Testing,
b971a6b6-74c7-4d2c-84fc-3d723b47e87e,89557269-0fef-4e91-8141-2147512502fd,P465,Try Indeed,Q8905,2024-12-16,INV60014,2025-03-12,2024-09-10,12,882.33,Idea,
bd9f17b9-50d1-43e9-b96f-94b933499c0d,e56b0262-34f8-4c3e-b551-8a882a501455,P460,Full Also,Q1186,2025-02-11,INV39284,2024-05-24,2024-09-09,30,275.96,Prototype,2025-02-20
7cfd9573-f2c3-46f6-9b82-c324605e549c,54a4aab5-f774-40e7-8cbe-da9d3c704e52,P564,Line Speech,,2025-03-10,INV66629,2024-06-19,2024-08-26,68,975.54,Testing,
1e33a4f9-fbe3-4c61-94c7-330b2434407e,10fd7774-57ab-49b9-9dde-1e3053224641,P988,Tell Style,Q5381,2024-11-08,INV91347,2025-02-22,2025-02-28,46,686.74,Prototype,
f993cafe-a53b-40cd-8ad6-3bf33e6b3c31,095bb041-ac10-46e8-a7fb-17c15dcee260,P855,Indeed Guess,Q4377,2025-02-11,INV98803,2024-05-02,2024-08-15,69,933.32,,
0225be1a-8bb6-42a0-be6b-e14671330f39,618ed64e-7ae2-45b4-84db-e0498e329f06,P447,Executive Group,Q5149,2024-12-31,INV11467,2025-01-10,2024-11-28,62,903.72,Testing,
691e375b-609f-46d5-b73e-91d4940da945,4b000483-ae54-490e-b8c4-e1d1d3dc9b52,P363,Answer Own,Q5625,2024-08-14,INV60827,2024-08-10,2025-01-25,7,876.15,Idea,
0a67ead3-9efe-4d7f-866d-cc7501b91b94,02b398eb-ea32-4122-b550-7d4f2e599656,P882,Pay Rather,Q8879,2024-08-30,INV72162,2024-04-07,2024-05-31,30,750.86,Testing,
b784576c-2e78-4763-9612-577dab309a43,ce2f6a96-b539-42f5-8998-a8564e009105,P339,Financial Game,Q4493,2025-01-03,INV63689,2025-02-08,2025-02-26,11,406.11,Launch,
bf73deab-6a31-418d-9d1d-5bd3ec67f852,29f4c498-9be9-4fc2-8a7d-4e7384dd8616,P838,Find Cover,Q6197,2024-09-15,INV99668,2024-12-18,2024-11-27,74,437.54,Idea,2024-08-17
53e1d701-07c3-4ca0-89ad-5fd5c701f4ae,37374634-c9c4-453b-8d24-c580c715762f,P563,Range Simply,Q8138,2024-07-01,INV45202,2024-10-07,2024-12-06,5,872.76,Prototype,
cdfda3be-97a0-489c-b8b0-0e0295511d7a,84d185c1-3f6f-48af-99b0-819ebee27d42,P814,Line Task,Q9353,2024-08-09,INV84602,2024-11-29,2024-06-27,81,561.64,Prototype,
2b018d18-1b2d-4953-8908-277d59b1f3fc,496c3754-3869-4387-aa47-32c9e3500cd9,P157,Mind Tree,Q1773,2024-05-22,INV64648,2025-02-24,2024-12-13,96,945.75,,
740bd8b3-8a0d-4e76-9297-c52aad18db35,b0f883fd-7688-44c5-92eb-2d20813d1b11,P978,Surface Section,Q2265,2024-10-10,INV21514,2025-01-25,2024-04-09,50,889.33,,
bd52a587-fb93-4491-8b24-4a93fffc6c49,25bef037-8d68-4cc8-ab8c-5c9cccc16b3c,P475,Yes Available,,2024-11-13,INV23558,2024-06-11,2024-09-24,37,169.19,Idea,
28ac334f-4d20-4f44-8d54-c15ea76ef936,c896b8b8-13c8-49a5-81ed-4d67f7f96287,P284,Lose Culture,Q5682,2024-09-09,INV66418,2024-09-16,2025-02-22,50,828.82,,
7fef530b-caf3-4c12-9b8d-d5dac20a44d3,6b510095-1520-40d7-9b6d-d850f6fa18e2,P441,Describe Late,Q7599,2024-05-12,INV81322,2024-05-15,2024-06-17,73,778.34,Testing,
20d1e8f2-b661-4ec6-a99f-0a462647b244,4e0c20d9-76f4-4911-a11b-75c9395e2491,P666,Imagine Can,Q4528,2025-02-14,INV12631,2025-02-23,2024-08-13,5,283.8,,
9a4e095d-b8f8-4e48-9ffb-c2b4e5b0c493,a4d62981-8695-454e-b0af-5b73041ea4a7,P803,Kind Claim,Q8121,2025-02-02,INV17072,2024-05-19,2025-02-19,19,942.76,Idea,
0172b458-d492-4bfe-b49b-a6c691a58dce,bfbf63e9-5caf-4f72-8a01-2f18ad45dd7d,P236,Work Country,,2024-05-23,INV86579,2024-07-26,2024-12-23,32,29.54,Idea,2024-07-29
486c1a33-fb20-4cbb-8fbf-3512479b9043,aac41e7c-bc8e-4604-b9fe-0462d069336d,P882,Total Certainly,Q7352,2025-03-06,INV25228,2024-11-20,2025-02-06,42,173.26,Prototype,
d1296d78-31a3-4f84-bb5a-06c19a292b05,2a1218f1-ea58-41be-9923-7306db06b987,P608,Ten Indeed,,2025-02-14,INV14345,2024-08-04,2024-06-26,14,996.16,Prototype,
0bbaf48d-a699-42d0-9084-7745ff9a7e1d,85c39866-67a8-4fb7-810f-0b8773573aea,P650,Stay Analysis,Q3340,2024-06-20,INV76089,2024-06-23,2024-08-05,14,867.69,Idea,
502fa755-8a96-4c16-8680-613c88e0e28d,b87a38e5-40e3-4a0b-b820-887e3d6f21d0,P941,Attorney Professional,,2024-06-01,INV11843,2024-05-31,2024-10-01,51,888.17,Launch,2024-07-08
c4821f1b-7946-4f30-b95b-acaed9a93af8,989b3d1f-a4c5-4ba5-a309-6f57f0dcab5b,P281,Candidate Sport,Q8977,2025-02-26,INV74970,2024-08-09,2025-03-15,29,808.27,,
de2e185c-7364-46fc-b143-6888a5bcecdf,cbf20354-56f7-42cf-9922-93294acaad30,P386,Audience Particularly,Q5311,2025-01-11,INV22890,2024-11-18,2024-10-27,39,824.2,Launch,
d35ad8b7-5704-45fa-b78d-a75438cb089d,0bc3d1c2-f927-4c08-a474-5e550d985baf,P880,It Community,Q7078,2024-07-02,INV17317,2024-08-10,2024-05-04,56,601.25,,2024-10-05
6e60fc62-c0a0-43df-88de-65a2a915dcd3,55fec52b-06cb-4514-8600-bffde330ae16,P412,Republican Long,Q5432,2025-01-08,INV85782,2024-12-30,2024-10-22,59,807.45,Prototype,
a8ebd9d2-18b2-4a16-a044-15cd53a96b78,db6272e0-facd-475e-b5ff-755449b09661,P488,Agent Break,,2024-05-14,INV60238,2024-05-10,2025-01-30,24,786.51,Launch,
4adbe0f8-e7fd-48df-a4f2-28b57e278cb1,51e4fdea-2ce2-4bf4-bfcf-19b4bb662406,P514,Control Soldier,,2025-02-21,INV33033,2024-11-12,2025-02-21,100,294.86,Prototype,
43efad53-961d-49ba-a558-484d04816187,de2d4392-351d-454f-9152-04dcfbdce355,P927,State Finally,Q7886,2025-02-23,INV16180,2024-04-17,2024-07-28,69,614.88,Launch,2024-05-07
9f3d383c-d435-4c39-96aa-d85cb78c2cf5,1e27b58d-6ea8-44a2-a009-5e06542b45fe,P739,Night Wife,,2024-07-19,INV61304,2024-10-12,2024-07-05,29,707.72,Launch,
64b83efe-eb53-4679-b19a-000ba1012e0b,50d09b8c-e977-4533-992d-32bdaaa00cc3,P467,Head Well,Q1887,2024-11-20,INV47580,2024-12-19,2024-09-19,44,978.65,,2025-02-24
357c7a05-1434-4b58-9eca-e22cd7f61b5d,65cf727d-9dc9-4ec7-8991-3f5f3cd23131,P672,Work View,Q1275,2024-08-02,INV26084,2025-01-27,2024-07-21,50,889.01,Prototype,
b05ae084-7091-4117-8e47-94f25ba2cba4,4effd426-ef8d-4b9b-9d31-a58323958b98,P657,Allow Believe,,2024-05-04,INV71043,2025-01-21,2025-02-19,73,944.68,,
0bf1403d-1619-4a9b-b079-bb5c1558de2e,f6bdfc25-db72-4b17-96b7-332a976b1043,P270,During Form,,2024-12-05,INV66709,2025-02-21,2024-11-21,48,643.13,,
87812b5b-056e-4008-9eaa-0c420b5ded2d,2fb696f1-c729-4425-8481-dc3f53e0b2cc,P737,Series Research,Q9161,2024-08-08,INV95682,2024-12-14,2025-01-08,75,70.06,Idea,2024-12-27
aa79f4f1-adbf-46bd-af2f-78d227db750f,c48776b4-ddf7-497d-8d59-4335d2093f52,P127,Child Realize,Q6888,2024-06-16,INV15267,2024-07-12,2025-03-17,71,323.78,,
f6e1b015-28d5-40d1-b1f9-04e7b18a0b5e,5760826a-16b1-4dd2-b848-4d5a19e1fc23,P590,Environment Your,Q5950,2024-08-19,INV19621,2024-08-16,2024-09-01,43,205.81,Launch,
49b774d6-0c08-4190-a020-f988b673ceac,85eaf0e9-dc03-412d-9835-b2f59767343b,P515,Rather Scientist,Q5270,2025-01-22,INV48662,2024-10-11,2024-08-21,63,349.3,,
2f7bd221-3dc5-48e1-bc15-9ca501ac1470,7bea2f90-fd8c-4191-9f07-f2ebaf186362,P955,Environmental Woman,Q1003,2024-07-30,INV63849,2024-11-30,2025-02-01,32,859.04,Testing,
b85a5700-1db9-42e1-8234-0580112f7f63,2b08a8b7-4a80-452a-b3a2-f2d4397e449f,P965,Cup Answer,Q8853,2025-03-13,INV53659,2024-06-02,2024-05-03,100,118.69,Idea,
2bff2de3-87d6-4f7f-8b54-26e8ecbdd30d,d580d3aa-071f-455e-b7fb-5dfc83112d51,P823,Scene City,Q1120,2024-09-24,INV55391,2024-05-11,2024-11-27,66,310.46,Testing,
14a29392-9f93-4fc4-aca4-27bb3177efbc,3e062dc4-47e3-4d36-980a-b1ae63520567,P452,Seem Production,Q6367,2024-08-18,INV59186,2025-01-15,2024-09-05,97,964.17,,
052e580d-b41f-4947-8663-d8a46e54e370,3aa8f2fa-b0a7-4e9e-a0c3-1617f3517e63,P776,Pattern Dog,Q6101,2024-08-21,INV21997,2024-03-22,2024-04-26,60,528.95,,
5d5e6681-1f74-4964-8c69-1eaa212667e0,e1cbba09-c71a-4861-9240-b84c0ba5ce9d,P754,A Sit,,2024-10-01,INV45709,2024-05-24,2024-07-13,7,18.71,,
714290d4-3ef0-4ca0-b642-8137b4e47878,e1c879f4-8915-4325-a559-2d69c4e2984d,P905,Stand Poor,Q4832,2024-04-07,INV96735,2025-03-08,2024-06-28,27,403.44,Launch,
3e082da5-612d-498c-9181-54c47e612663,0c5867f1-8e68-43b3-905b-ae308bffb4c6,P635,Kitchen Once,,2024-04-23,INV33660,2025-01-25,2024-04-06,65,234.82,Launch,
d93edace-8f7e-442e-a677-66148941ebea,46184cfa-e3c0-4dbd-9440-5b7739d6fa40,P388,Yourself Nearly,Q7319,2024-06-07,INV86418,2024-09-15,2024-07-05,64,661.28,Launch,
aa88adc5-c491-441a-8db5-744b8c7ea697,697b93e8-acb0-434a-a4b8-dfe7929438b0,P239,Only Energy,Q8533,2024-07-21,INV28317,2025-02-04,2024-09-24,91,270.46,Launch,
3fa8b716-f1c2-43d5-b5d1-b261fdab7ff2,4339d870-1f8f-45f5-9226-b4d6dbc7c1a3,P686,Ready Total,Q5492,2025-02-20,INV79390,2024-10-11,2025-01-28,19,886.14,Idea,
0bc493ae-2509-4c6f-a2d7-5572d5801dbe,7115e28b-2972-406d-945e-291b809dd028,P223,Bed Also,,2024-11-25,INV37102,2025-03-18,2024-07-29,53,353.79,Launch,
5677d4d9-71d5-4ffc-88ad-29db5e6da184,ed6abfbc-9fd7-4a1d-bd2b-5408dbacdf7c,P205,Hand Guy,Q8357,2024-08-09,INV13169,2024-12-04,2025-02-26,95,135.25,Launch,
7198849a-3064-45d7-bedd-356dab128a7b,31fbb889-4d8b-4b8c-91f9-122aaf0bd8f3,P912,Second Try,Q8581,2024-08-10,INV98007,2024-12-30,2025-01-25,31,731.59,,
d46f162d-6d12-42d6-91ab-d7102aa63523,94666f9f-4350-4966-8dc1-22497cd00c5f,P980,Pm Interesting,Q9314,2024-07-06,INV70910,2024-08-27,2024-08-12,18,701.98,Idea,
8de0aebd-5f1a-4fce-be83-a8d73f5ee6df,4478d60f-3d5f-4675-b95f-a3420d3d6658,P596,Husband Nor,,2024-10-17,INV76927,2024-07-08,2025-02-21,84,540.86,,2024-09-18
0228a3cc-7714-4f7d-b173-2ac4f8852915,bb286636-b902-4fb7-8389-ac3fb67a5087,P105,Will Although,,2024-11-25,INV34175,2024-12-21,2024-11-12,49,634.62,Prototype,
0ea613e4-73e3-4aff-a819-bbccc5bb098e,f58a365e-0041-47fc-81e5-5a386a15d37b,P171,Total Ball,Q8040,2024-07-23,INV34528,2024-07-04,2024-05-22,67,54.57,Prototype,2025-02-21
23414155-87ae-4d8a-bc45-d4b0d4b94466,c7368694-46b8-451d-8c5f-1566d23486b8,P944,Also Play,Q4777,2025-02-15,INV63888,2024-12-16,2025-01-08,55,893.78,Testing,
ba3d5d66-7aff-494d-9e2c-e56613fd12e1,99a6d45e-3a98-4f80-801d-2e4ca01a3230,P930,Husband Single,Q7760,2024-07-18,INV51816,2025-01-03,2024-07-05,49,47.41,,
4d6bfdff-e7d9-48d5-a870-8e77a23ee95d,c3798f99-56af-4230-837f-a777f6b54e8c,P924,Mother If,Q4801,2024-03-21,INV76866,2024-06-04,2024-04-27,13,397.1,Idea,
310dda69-1225-420a-9e28-cb15e5f18d9c,ca0559c1-fc88-45e7-8c31-3ac5559adac3,P587,Walk Its,Q8846,2024-11-12,INV35931,2024-09-01,2024-03-22,35,470.99,,
c494df1c-2f6c-402f-85e5-4712ddffdc8d,2cb3d343-28fa-4035-a285-74fbfcdb3de8,P121,Training Stage,Q1889,2024-08-04,INV94182,2024-07-16,2024-08-19,12,486.98,Prototype,
6d86da18-782c-4de4-9d59-d0d47309b866,b397a41e-2a24-4acb-9f1b-942b715f7aa1,P597,Law Bring,Q7961,2025-03-10,INV60051,2024-07-04,2024-11-13,71,562.21,Testing,
c6dccfd3-5ce5-4499-9e04-88a61ceea4a8,6ccf9cb6-abb3-463e-964b-37811d81051f,P767,Dream Rate,Q1175,2025-03-08,INV34439,2024-06-12,2024-09-06,40,987.66,Prototype,
87ec1832-3622-4bd1-8227-4abf1431aca3,0e3f58cf-e484-4c0b-941e-d8d0d160aa4b,P177,Clearly Put,Q1912,2024-09-03,INV64275,2024-06-28,2024-05-31,87,931.23,Idea,
7ce39a83-daaa-441b-a23a-d12961a7c0c2,c4e480a9-4220-4e73-a6e4-a6e644dde328,P842,Once Industry,Q8257,2024-04-01,INV42381,2025-01-23,2024-07-31,60,739.72,Launch,
61a50e1a-94d2-437f-b0d6-9bde089e0ef2,81a47610-0392-4025-8c5c-7278dad21ad0,P763,People Or,Q2557,2024-07-05,INV31568,2024-10-23,2024-05-22,97,45.82,,
e5043e1f-242e-4aec-8d5f-406c7cbdc1fd,19ff30df-7f8e-4464-ba73-43c283d08d81,P244,Near Local,Q5209,2024-08-19,INV70256,2025-01-21,2025-01-14,34,637.81,Launch,2024-09-11
97b4e561-a544-4f2f-90bd-3903161bcbe4,93d2e64b-1bd7-48bd-8fe6-d8649beb817f,P303,Someone Summer,Q7612,2024-07-24,INV44767,2024-07-16,2025-01-20,75,654.06,Idea,2024-12-20
912510cb-2f71-4329-ad94-f5689f03b9d1,889e5351-143e-4689-9460-daee7e085049,P743,Condition Unit,Q4808,2024-06-05,INV55955,2024-11-04,2024-06-24,65,87.23,Idea,2024-12-08
efe7f376-2996-406e-a33c-3cf4f6722c48,b500debe-b294-434c-858e-e940c5bd361e,P379,Imagine Stage,Q3631,2024-10-24,INV10385,2024-08-08,2024-10-06,23,141.96,Prototype,2025-01-20
365a942c-8fe2-4390-a9dd-af535482e308,812819df-f69b-45a0-9e07-2c39c80ce15d,P120,Foreign About,Q7503,2025-03-13,INV22067,2025-01-05,2024-08-24,17,724.35,Launch,2024-05-10
368b97b8-e5fb-4f56-9409-103e16494c85,69ada769-e48a-424b-a539-935b39cbf8ad,P668,Born Study,Q9362,2024-04-23,INV61767,2024-06-10,2024-06-12,56,781.2,Launch,
87084e82-45b5-4c97-9812-79a105740713,441c3136-2858-4285-a2e4-06aec58badc8,P846,Address Heavy,Q5647,2024-04-18,INV45793,2025-01-20,2024-04-12,23,30.58,Launch,
556cbdc2-def7-4e86-8a50-cdaee07814d4,5336cab8-fe57-45f9-a59d-ee7805f4b143,P140,Rather Week,Q9103,2024-07-28,INV85604,2025-02-27,2024-04-07,35,260.64,Testing,
7b6c4151-a319-42fc-854b-720544f62eb9,2fe272cb-7a3d-4de3-8d59-e615305d86c8,P732,Dream Task,Q3572,2025-02-25,INV37770,2024-10-19,2025-03-01,3,450.18,,
ab557281-d482-490b-a2a2-2d1b1c5aa7e0,aafa794d-3e29-47dd-9496-09ef96c56c86,P256,Who Go,Q2354,2024-04-30,INV46427,2024-07-04,2025-02-23,81,702.71,,
0986af75-e80a-4679-93b7-56dc91873f05,cb853b63-a6a1-40ca-97ce-0b81c5ac77cd,P860,Heavy Choice,Q5759,2024-04-07,INV45794,2025-02-25,2024-05-02,17,998.74,Testing,2024-11-08
3e043a82-3fc0-4e48-9b0a-27f8d432bda3,96eb50c3-cf96-4529-90fa-e4b15d25d5b7,P724,Development Before,Q2704,2024-12-07,INV11356,2024-09-17,2025-03-07,27,221.6,Prototype,
1dde41b4-8900-4d1f-a58a-5e3150c1f782,5799dff0-895f-463b-ac6a-5de8b1a765d0,P847,Save Rather,Q3654,2024-03-28,INV40455,2025-03-12,2025-02-06,16,729.93,Launch,2024-10-06
a04ebec1-4a14-4c4a-a368-8a78efc51da0,36730feb-468e-45f3-b42a-1321722b3806,P477,Hard Arm,Q4323,2024-10-01,INV72577,2024-06-20,2024-07-12,20,977.61,Prototype,2024-04-09
f522f0e9-9808-48be-8aec-bb3829498ab3,77a88f10-2fc0-4215-9fa4-867c00f4f305,P820,So Level,,2025-01-01,INV56581,2024-09-06,2024-06-26,84,795.66,Launch,
8ba89c9f-0599-418f-8fcd-adb79bbd7c50,58c7f35e-3c2e-419e-99a2-85fec277eed4,P337,Could Send,Q3136,2024-04-21,INV60427,2024-10-30,2024-07-21,12,839.96,,
ff4930f2-e141-4dc3-ac61-0537dd68e0c1,4e49ba28-97b7-4d1d-8824-0f408060a2b8,P616,Radio Serious,Q3635,2024-06-25,INV69173,2024-11-07,2024-08-13,1,22.91,Testing,2024-12-25
18684361-b899-4d8b-9b19-fd320b3de235,887d6c47-d6fa-4f74-a8de-a08e367b0e26,P172,Respond Pm,Q2954,2024-05-15,INV33570,2024-04-07,2025-03-17,1,163.22,Launch,
c922c97d-7f0f-4dfa-ab8e-42c19d292b20,7dd51a4e-d752-467a-98c8-f7e7476c8d2a,P803,Full Health,Q7669,2024-09-14,INV44226,2024-11-01,2025-02-09,54,176.85,Launch,2024-06-24
d003a5de-f6a8-42d8-8aec-c25dff782596,cb3c14b0-e156-401d-91e6-494ce4a9645c,P729,Reflect As,Q9026,2024-11-06,INV24334,2024-06-04,2024-04-22,9,513.33,Idea,
4ac100a5-fa65-4ede-ac23-b91a14b82363,83878b1d-de7e-4575-8a79-1259900f56d4,P920,Determine Particularly,Q8352,2025-02-24,INV68661,2024-05-05,2024-10-29,99,533.53,Idea,
a2994e51-87ff-42fc-bb09-017ac1008cce,421cc166-0ed7-46e5-b747-a5a37db3f6de,P400,Mouth Teach,Q7428,2024-07-09,INV15526,2025-02-16,2025-02-11,37,911.71,,
b3c7ef0c-f96b-4093-b493-8f736d1116c8,b916d19c-2060-411f-b517-d9a6ec7ed716,P249,By Cold,Q3396,2025-01-05,INV78332,2024-12-05,2024-03-26,22,34.87,Launch,
e757d922-bf1f-4758-a23b-3f8a0502fd83,e59dfa64-1abd-491f-9e66-517a5d4ec8bb,P573,Report Thousand,Q7750,2024-12-21,INV42629,2024-05-18,2024-12-21,9,578.95,Testing,
cdcc5808-0f43-4c29-8297-1dca468406b9,a54f954c-87d9-49bd-abfe-0019484863bf,P386,Kind Spring,Q4139,2024-10-28,INV85878,2024-08-17,2024-04-26,35,508.61,Launch,
05044d14-724a-4f9c-a5d3-875aa8cc693d,d45e896e-8006-4e1c-9749-daf9db3f657e,P867,Actually Cover,Q3708,2025-01-23,INV59741,2024-09-04,2024-06-04,8,187.32,Testing,
5899d5d1-b5b8-44a1-9560-9ec6b4148605,e2a5e92b-b6b0-4ae7-af0c-561afc22ad7e,P202,People Across,Q1914,2025-03-05,INV12546,2024-06-25,2024-08-07,2,896.15,,
11be2fa1-c31e-414b-a21b-f5beadf749f0,c288400d-8842-4625-93ac-0f4bfaf64cf9,P912,Minute Process,Q1234,2024-08-29,INV67305,2024-11-09,2024-04-29,72,484.87,Prototype,
bd0221dc-78e1-426c-a387-68a61f3dfe7e,6ac4479d-0fcf-43e6-984d-33d9240ce410,P719,Morning Marriage,Q7688,2024-04-05,INV25158,2024-12-16,2024-11-13,45,486.6,Prototype,
ca9b698b-5920-4153-84ec-cfa5a5fdd352,6afef7f2-6e38-4c9d-a8b1-1ca025beefd5,P153,Price Deep,Q8703,2024-06-11,INV63576,2024-05-27,2024-06-08,35,769.1,Idea,2024-10-30
d60a8613-549e-4ea2-bdfb-fffb1df45031,b5295c44-2999-49cf-a353-2db31c99b507,P897,Commercial Picture,Q7899,2024-05-12,INV68749,2024-10-24,2024-06-14,44,218.52,Prototype,
69c69a05-a208-4f98-96d8-cdcc53b03645,14313fdb-6f31-40bd-a5b4-6b335bec5585,P484,Theory Play,,2024-05-24,INV28217,2024-08-20,2024-12-19,36,723.21,Prototype,
651aa647-70f4-4e0e-8a5d-7fd8c5937553,a99b66e5-3d59-4641-b73e-22c6b7de8e3f,P747,Others Film,Q9351,2024-09-10,INV80630,2025-03-20,2024-06-15,41,202.34,Prototype,
22e0dc53-f8a5-4e1d-9356-9260e7e33f28,a09ce5fc-9b23-4edb-a09c-38adf3dbdf93,P671,Subject Live,,2025-03-11,INV19331,2024-07-01,2024-05-14,47,320.07,,
0777fe8d-f056-4a92-b3d3-ac4d96b847b9,d86c2979-dc2f-4072-832c-76e33518340b,P966,Who One,Q1074,2024-08-14,INV22818,2024-11-16,2024-12-08,89,432.1,Launch,
826c920a-2003-47d9-a761-dc72a63456a5,02b364ce-dbe0-4231-81c3-a2f404472a28,P445,Skill Foot,Q7853,2024-09-25,INV59421,2024-08-27,2024-03-24,46,103.47,,
88fca912-c7a2-413a-b255-45103b1e28ed,7cbfaf58-b08b-44f3-95d4-d9550bc29a40,P206,Should Movement,Q8837,2024-12-26,INV29728,2024-11-27,2025-03-13,88,230.93,,
4cca4d4c-5153-4723-a339-77c48ebb9725,d389fe68-0782-4a14-a2b2-c109dda8d606,P508,Garden Level,Q1695,2024-12-29,INV64810,2025-01-31,2024-03-23,65,438.11,Prototype,
25c46018-029d-48ee-a022-d5119bc66063,49186394-586b-42a1-ad4f-371b0ec2ce24,P123,Shake Third,Q7062,2024-12-05,INV85998,2025-02-13,2024-08-18,70,527.29,Prototype,
64357a10-9659-4c00-897b-c5f3d8204890,63e9d368-34a8-46f9-91eb-455312976e89,P952,Doctor Feel,,2024-11-18,INV63193,2024-08-30,2025-02-18,82,201.25,Idea,2024-05-18
e5d87d22-c377-4637-8790-eb6bb9990935,4a4dcd06-fcee-4e19-a4b7-5f68ce296024,P742,Ok Impact,Q8852,2025-03-04,INV19399,2025-02-10,2024-09-02,2,24.99,Testing,
b9a6fb14-ad35-4c59-b2a9-046e4c257cc9,da9eca1d-c06e-461d-a9c9-86c2c85ad196,P423,Anyone Single,Q5410,2025-02-05,INV72412,2024-05-02,2024-06-22,53,272.34,Idea,2024-09-20
8b91efbc-246f-4eb6-a44d-3683dfd61192,c484b162-eb47-4b4f-9ab7-fc0c168b48ea,P179,Study Maybe,Q1876,2024-11-07,INV90506,2024-06-01,2024-09-23,36,495.5,Launch,
c98b9f84-1d4a-4db0-a980-a99437c8f6ee,6cf95c1c-c00f-4615-9e7b-ec1390680362,P239,Ago Relationship,Q5911,2024-07-03,INV16414,2025-02-05,2024-06-25,98,841.44,Testing,
29def149-9c6b-4dd5-984e-f226a3b4f684,bc51c2ab-c57f-4af0-be18-4b08f84be192,P361,Can Age,Q4653,2024-11-27,INV84237,2024-04-10,2024-05-27,8,274.53,Launch,
db44b03c-c471-4d00-be56-c7954284b097,a52660cd-8160-4256-b5cc-3b0901539cc9,P918,Head Per,Q8883,2024-04-27,INV27132,2024-09-07,2025-02-02,43,808.28,Launch,2024-05-01
5819c5fe-95b9-4341-a6d0-5a15f20dda1e,4bb53b6a-5ea6-4e49-85b6-04dabfad78e9,P611,Several Whatever,Q5376,2024-09-20,INV54290,2024-07-14,2025-01-20,41,272.47,Idea,
5b81d18f-9db4-4ad2-9dbb-10e33c3b61f9,7bfaefb3-8e8f-46ec-8dc7-d76463aa5d8e,P195,Lay High,Q1717,2024-11-04,INV58638,2024-09-04,2024-08-18,90,427.78,,2024-08-01
8d4cc5bb-0f1e-404e-b0db-1df1068aaf18,add71f06-90eb-4bd8-abd9-c53bfe8e26fe,P960,Realize Anyone,Q6287,2024-10-06,INV20675,2024-05-21,2024-06-16,49,199.38,Idea,
dfd9a512-edac-4c84-8422-6a18b68fb810,7c251c8e-762c-4a26-a78a-021ed81071bb,P365,Down With,Q5257,2024-06-26,INV74691,2025-01-19,2024-06-01,46,841.27,,
78e0404f-2e39-4c1b-9921-3190886990a5,24144407-ecc2-4294-ba3b-9bef1c086348,P804,Pass Sound,Q1421,2024-11-26,INV80811,2024-12-11,2024-12-27,66,257.65,,
00f720b0-3648-423c-9b2e-dc49132c453c,43ebc317-b869-4098-a69d-8aeb10930d76,P127,Meeting Must,Q4121,2024-05-03,INV58896,2024-06-29,2025-03-10,6,879.2,,2024-10-27
3ddc19aa-d260-4628-8cde-80da6388aae5,5a37d3c0-4c18-43c8-9761-84559082da9c,P828,Painting Rule,Q7061,2024-10-27,INV44356,2024-07-31,2024-04-19,48,552.96,,2025-01-14
d09f4392-5b33-4d88-a972-ddc1d96343f6,dd6112d5-dc5a-4f0b-b4a5-0669df869ac6,P528,Security Return,Q3435,2025-01-17,INV99588,2024-10-19,2024-06-09,14,163.01,Idea,
dcb42fe0-6bf7-46e5-817d-c9369b7a394c,31151d34-5fcf-4c6a-9c83-e596fcdee778,P506,Alone Ok,Q9631,2025-01-09,INV65874,2024-12-23,2024-08-30,6,230.37,Testing,2024-06-17
7227d645-cc23-4839-9019-99c25900f725,99f45982-33a5-4e1d-8d14-c737a9f78786,P794,Require Cause,Q5814,2025-02-10,INV96697,2024-04-22,2024-06-02,71,490.89,Idea,
3107bcc0-67c1-4c34-8425-93ac6f7c4cc4,7eafa514-b2e3-4999-bca1-dbfb25129d4e,P759,Church Position,Q6570,2024-05-03,INV29900,2024-10-04,2024-07-10,45,499.23,Launch,
1dad5430-db15-4bd0-805e-679badea4517,b7cef37c-1132-477a-84a3-b981d6dd7990,P527,Style Capital,,2024-05-21,INV43399,2024-09-30,2024-04-12,59,613.23,Launch,2024-09-04
121c08c5-ecde-41d3-9055-d15424ed7a5c,433b79c7-7788-4263-85e4-134deccfe40d,P892,Address Drop,,2024-09-06,INV45786,2024-08-26,2025-01-21,87,845.69,Prototype,
19ef5862-d73b-4943-8c83-98174c80ba34,cc73af08-5b67-41a8-95e6-ca62c63d763a,P918,Ball Machine,Q4814,2024-10-03,INV43142,2024-05-18,2024-10-25,51,911.75,Testing,
7b66ac86-1b10-4404-a2a3-913a3ce131cd,79b87bf6-a2f2-48cc-82b5-2f4ee4fcda1b,P457,Interesting Yourself,Q4691,2024-07-06,INV24798,2024-09-28,2024-09-05,99,758.64,Idea,
f235b026-1697-45b3-bb0d-c5b78267be53,8a6094dd-43c0-428a-8fae-b434c17ca155,P476,Perform Huge,,2024-12-09,INV26830,2024-05-06,2025-03-08,20,970.39,Idea,
b6da22f6-5d1a-4f15-bc2c-30bcf8d0c9a2,6c0ad8ff-4321-4dbe-a3ab-854c5544a504,P902,Stop Focus,Q2839,2024-06-23,INV96101,2025-03-04,2024-07-24,73,706.73,Launch,
0ceac2cc-df5a-4788-8ae2-9f1c0310e839,52fde162-230a-442c-a202-704f4d291356,P418,Put Actually,Q3172,2024-06-02,INV22103,2024-04-04,2025-02-08,62,846.77,Launch,
a29e83a3-e950-4d40-92f5-6bfb12b75706,53a3c117-a4ae-43d9-86c2-94329e947b2b,P291,Laugh Fund,Q5257,2024-09-04,INV85117,2025-02-18,2024-12-07,12,318.02,Idea,
092205ea-08ea-41f0-8a2f-9051958bcea1,0241cc3f-23f2-4329-b1cc-6ca36a9ad2ad,P872,Indicate Effort,Q9681,2024-12-26,INV91307,2025-01-16,2024-12-14,70,756.51,Testing,
79ff5d81-acfc-4e42-96e8-fb683ecfc668,00c8eb52-dead-4037-8061-e8b22d03947b,P196,Purpose Community,Q8944,2024-06-25,INV72146,2024-11-23,2024-11-20,22,359.89,Testing,
d7c1a939-b113-4a96-9c62-aeff74f5f3be,7034f155-15e4-40e5-9727-39140469aaa5,P666,Wait None,Q9366,2025-01-12,INV25478,2024-11-25,2024-10-28,28,538.8,,
6ba40cf6-72c6-4e6d-99a7-6704b2748248,f2aba628-53f5-45c4-91b4-47a8a4ac5378,P500,Their Pay,Q7420,2024-10-25,INV12176,2024-08-25,2024-05-08,29,796.52,Prototype,
bc6f61aa-ea85-4b64-a368-3b47bb8be028,f9349f6f-7c99-42f4-b926-817b82f86638,P268,Concern Much,Q1021,2024-09-10,INV99582,2025-02-10,2024-03-24,36,646.75,Testing,2024-12-22
fe1a4204-04b3-4bd6-bc2d-685b2ffa63e1,3572ce7d-95ee-46e4-a251-6e55c5741d5e,P852,Feel Huge,Q5075,2025-03-19,INV66511,2025-01-03,2024-08-03,14,103.06,Prototype,2024-07-24
10cb0d24-3b74-4b6d-ad49-f5d018da0ed7,00374a7e-7177-4af2-b2df-cb9ef1adef7c,P911,Of Particularly,Q1239,2024-06-22,INV86322,2024-06-29,2024-08-01,89,797.25,Launch,
0c2de35a-299f-4a78-b968-249e61092e5c,c904844e-f5f6-42ab-ae73-c914d4e73981,P126,Current Build,Q1190,2024-12-10,INV74046,2024-07-22,2024-05-16,64,348.93,Launch,
5f08d35a-530a-429d-9abd-c4ffb4b7214c,c11277a6-930e-45c0-ac0a-67facb7cf53e,P927,Market Old,Q5446,2024-10-03,INV23131,2024-09-11,2024-07-29,39,268.9,Idea,
2869e619-f23d-4378-b882-84f65b2358ca,6d5e1a6d-0fd8-41e3-9721-7d34c27b6192,P694,Believe Blue,Q4608,2024-07-03,INV58360,2024-10-17,2024-12-31,5,47.11,Prototype,
6bd956d6-dcfb-4717-91aa-d0e08c1d95c9,b7d749de-fc6e-4189-8b2e-2aba5439fded,P893,System Beyond,Q9640,2024-10-11,INV23347,2024-11-26,2024-12-17,62,728.38,,
b24ce308-e23b-4d23-8618-c88a82fc1d50,c0912648-afb8-46b4-ba35-1c6e731fcb67,P538,Necessary Around,Q1878,2024-04-07,INV33233,2024-10-31,2025-02-08,86,450.87,Prototype,2024-09-23
909be082-e378-490c-ac3b-f415e60a3649,2a6b99be-188f-48ff-a203-78aee5af64fc,P895,Part Similar,,2025-01-31,INV34131,2025-02-03,2024-10-17,78,35.35,Launch,
b5be45df-710e-4415-86f5-c474cbb718ad,151e4550-2201-4c89-a6c0-b25eded5b424,P759,Another Too,Q2163,2024-04-15,INV18171,2024-08-18,2024-06-12,56,17.07,,
e83d2257-7a0e-4894-8dd1-b47121409d7f,44dac23a-7e14-4cca-907e-bee8775c2813,P221,Step Color,,2024-06-09,INV79305,2024-08-09,2024-03-25,93,283.95,Testing,
78995a2f-4576-4489-b541-ecdc2f7aa2b6,27083744-7a30-49e0-bb37-35bde87dadf5,P925,Seat Hotel,,2025-02-01,INV49972,2024-11-03,2024-05-01,92,200.35,Prototype,
23591f9c-bbae-41b1-b025-9fdb3d0ad871,3ddc1774-e0ae-4e6c-b752-9cadc2dd1503,P137,Customer This,,2025-01-25,INV90725,2025-03-21,2024-08-02,72,495.65,Launch,
8ce1ef4e-50a5-4a00-a2d2-37704ed0a0e0,4cba70fa-b281-4829-9f48-893da3dfb96b,P921,Catch Itself,Q4203,2024-12-29,INV94592,2024-07-09,2024-08-01,27,545.34,Idea,
15d83ec2-4102-4756-ab5a-8e504992097d,2a2d0abe-64b0-4d82-adcd-99e8f3ef52d8,P951,Course Time,Q2118,2024-04-27,INV35280,2024-11-13,2024-10-30,34,703.5,Prototype,
d407b618-d207-44b9-bc9f-df05ad748130,2a37e530-16d9-4f74-a2ca-3fff27d9ecf5,P546,Night Knowledge,,2024-05-04,INV99732,2025-01-02,2025-01-27,53,97.12,Prototype,
03973020-06a8-4c35-87f2-4bf3245aa954,11bdf99b-3dd4-4a83-b8ec-16a777614462,P602,Much Two,,2024-11-27,INV28345,2025-01-13,2024-04-18,48,160.62,Launch,2024-03-24
484d3480-0bea-40f1-a9f5-7c8bb9bc9319,b32e472a-df76-4ab4-a617-e779f8287e3d,P916,Employee Yeah,Q3029,2024-03-26,INV96744,2024-10-06,2024-11-27,38,615.77,Idea,
ea5537e2-988b-4d9f-8b07-0feeebab577e,9ed417d8-3b47-4d3b-a59f-733ec73d8c9d,P100,About Performance,Q5179,2024-05-07,INV19055,2024-06-27,2024-04-15,4,629.24,Launch,2024-04-12
29e546a8-85bb-48a6-90e6-be6d3b2a1c9f,addc979f-6c11-4184-8f1c-5e837941a145,P268,Least Seem,,2025-01-18,INV73981,2024-04-21,2024-09-11,100,806.53,Prototype,
843e015a-682a-4ce4-8526-009dcca756de,fa257982-63a8-45f5-b1aa-e8b4c28b9945,P867,Indicate Wait,,2024-10-07,INV30856,2024-09-30,2024-07-28,41,100.0,Prototype,
fcec0555-87bd-4122-9407-51960481613e,1b311685-b3d1-4be1-89cf-307d600500d2,P681,Hit Then,Q7488,2024-11-14,INV76057,2024-07-12,2024-12-18,85,265.24,Launch,
2c767069-564c-4370-b294-e267bfe3c595,014c3523-f452-4b13-bc0c-22934b87fce3,P728,Start Suffer,,2024-12-02,INV85181,2024-05-12,2024-08-30,88,235.76,Idea,
978d227a-09fe-4b6a-a7d3-d765d4c9adbb,d209d2f7-58eb-4e93-a9e3-9947d276e98f,P113,Notice Risk,Q8855,2024-12-17,INV87696,2025-02-18,2024-07-07,4,652.43,Prototype,
3441bb71-2f37-4e20-a66f-c56647706f7e,584de9ed-9dd3-4955-bb71-ba8bb85c5f48,P199,Them Media,Q9910,2024-07-26,INV36574,2024-08-06,2024-09-30,62,904.07,,
a76c9e34-6f5d-436e-a1fa-a8f09d582a91,8a6384a5-02ce-4491-a873-412c90450f0d,P802,Our Road,Q6290,2024-04-26,INV87183,2024-08-31,2024-12-19,9,179.58,Testing,2024-11-23
d2f913a1-2505-448d-a5f7-311d06c88e95,619e3249-87ba-4ddf-9389-7c0ef2ab2c2f,P247,Shoulder Rock,Q1616,2024-12-05,INV54916,2025-02-01,2024-05-02,96,134.13,Idea,
674aafe4-ce53-49c6-957a-6ff6c5cef3e2,3577e523-b779-4f82-a2cd-4d348a9ee7df,P132,The Bed,Q1928,2024-09-09,INV79892,2024-10-12,2025-02-25,55,261.75,Launch,
d4dce1c0-1884-470e-9d75-fc7783316109,3f2fe277-00a4-418e-8314-497b46350df7,P566,Account Member,Q1591,2024-05-07,INV24417,2024-08-04,2024-06-16,1,57.28,,2024-06-26
4d3da0bf-d3d5-497d-9d7a-b2e29710de5f,12165c30-162c-45c4-b06b-d470094bc5c6,P537,Get Red,Q4690,2024-10-21,INV56240,2024-09-11,2024-05-18,8,725.96,Launch,2024-10-18
4b83aa7d-5af8-468f-a01f-8159555c0b50,7ad90288-3c76-452d-a7f2-8b91fea40738,P902,Way But,Q4068,2024-10-17,INV13110,2024-09-03,2024-04-27,80,732.22,Prototype,
1bcb492b-1988-4921-b1fa-555012ce2551,e105faa7-7216-48e0-ac2c-9e93dede6416,P583,Ability Treat,Q6820,2025-02-08,INV94717,2025-01-18,2024-07-23,2,802.38,,2024-06-30
481ff66a-3147-49f7-a9cd-4ecf35dc6845,e12809d1-436f-4a45-9740-630c070c5849,P647,Indicate Age,Q5725,2024-11-04,INV51528,2024-12-09,2024-11-19,87,986.3,,2024-11-26
81bc628d-4e2b-44ce-bc27-7b6fb40d28e7,16c05407-bed8-4bd7-8405-950f6cd8e6fa,P922,College True,,2024-11-08,INV73760,2024-08-12,2024-05-24,55,659.49,Launch,
352db89d-10db-4735-89b5-f60d6c1a0962,93c5f372-82ee-4c7b-948a-3ae0205ffe2e,P544,Third Feeling,Q6385,2024-09-12,INV84122,2024-04-29,2024-10-18,38,411.25,Launch,
b12e0a5b-0447-494f-8881-64013cc64029,5a45fe66-6fdf-4293-b75a-af96ff232c58,P187,Seat Could,Q2592,2024-04-23,INV39843,2025-02-07,2024-11-28,78,160.28,,
589775e0-4d6d-4450-89e4-2096751b7998,5910be62-689d-4379-aba8-165e6d38eecd,P274,Who Drug,Q1845,2024-06-29,INV56296,2024-04-02,2024-03-31,31,460.88,,
8067dafc-0f92-422e-851a-0e5b5eb81bd2,f8047d14-6ff3-4521-ab06-87d92b49e682,P571,Material Simply,Q4920,2025-03-03,INV82624,2025-03-19,2024-12-19,3,725.34,Testing,
8068e87f-5c67-4725-9aae-22d3fefeb597,02faf797-9387-4b29-9d1b-d68e050566ec,P200,Summer Too,Q1869,2025-03-14,INV41130,2024-06-07,2025-01-28,95,573.43,Idea,2024-04-13
6660b9d1-75cb-41eb-b73b-d2d000545ca9,6f7d2609-6e3f-460d-8edd-d06677624393,P356,My Enjoy,Q9083,2025-01-06,INV99793,2024-05-12,2024-08-23,16,509.96,Testing,
895a2bc5-de89-442f-95a7-1266b2336be3,faf02d44-3b34-4ab3-992e-2b11602152a2,P300,Crime Voice,,2024-11-02,INV77439,2024-07-20,2024-06-06,45,810.25,,2025-03-08
b1808ba1-b935-4f40-9d87-b1573e2190a7,ed8b74a8-e66f-451d-9c04-bc3be091ef86,P718,North Home,Q9466,2024-10-02,INV40966,2025-01-11,2024-11-05,70,693.14,Prototype,
a0aa6b86-d246-4073-92d5-7e7ddd8f260d,112f6e4f-9e5b-4413-98ff-b136eef6bfb0,P560,Decade Create,Q6273,2024-07-28,INV47110,2024-10-04,2024-06-15,87,539.37,Launch,
60399484-58b0-473d-8738-420fcf205370,573a6bcc-712f-4268-a6da-ff089ea50d51,P209,Among Until,Q6053,2024-10-09,INV69935,2024-10-12,2024-05-09,94,662.17,,
8af9130d-9460-42fb-accf-ffec69200681,66b4bce7-36ee-47d0-84fb-b66f22170bef,P265,White Imagine,Q1581,2024-07-10,INV83976,2024-06-05,2025-03-21,42,619.68,Idea,
c7bd490a-0f3d-4bad-8c5c-9f963b40448e,3e9c7a3d-6e44-454e-8ebe-94b04e1e05c3,P630,Message Their,Q2738,2024-03-22,INV54543,2024-09-11,2024-09-14,46,244.67,,
4e3a61d3-5060-4727-b6c3-536f1f106146,594be7e8-dce6-4653-b834-9a5f88d3527e,P598,Throughout Thought,,2025-03-05,INV32499,2024-11-10,2025-02-23,79,495.22,,2024-06-01
615ea33e-be1a-406b-b72b-4693e50104d0,32a8ff21-dac1-41f1-9532-c78b144c9394,P206,Visit Guess,,2024-12-21,INV94041,2024-06-04,2024-09-17,85,113.37,Launch,
4e5e34ce-256d-46ea-a571-0e452be506a6,704f5e01-6f1c-4e56-ad22-da5e08838720,P989,Easy Service,Q7734,2024-05-27,INV89553,2024-07-28,2024-04-20,47,388.15,Testing,
82539209-82cf-4f85-98ae-25634ced8c02,c96bc23c-01ed-4d3b-acf3-180bc6b7b636,P964,Believe Black,Q5518,2024-10-07,INV54929,2024-05-17,2024-05-30,70,310.35,Testing,2024-08-25
24578744-7fbd-46df-a598-ade630b628e1,a1b6d6cd-ecb8-40d1-b0f8-5385a3be2f4b,P971,Fill Tv,Q5016,2024-09-14,INV63838,2025-03-04,2024-11-23,61,916.7,Prototype,2024-07-22
0d69bae8-301d-4f50-bc40-a058b8b484ff,a5f19ef9-241c-424f-b26a-06432f7639a0,P649,Executive Gun,Q1633,2024-10-02,INV13022,2024-08-23,2025-02-22,12,616.77,Prototype,2024-06-14
78761f31-e4eb-485a-b94d-7b2d465d719e,adfa8ac2-0e97-425d-9775-2eb5e85c4dc8,P841,Stop Conference,Q2864,2024-10-05,INV67166,2024-09-07,2025-01-01,90,252.27,Launch,
1855fe72-ba56-4eb7-8dcc-eae052fc0d14,7785891f-6b3d-44a5-8228-6763621d88f0,P838,Election Top,Q5552,2024-11-02,INV40094,2024-10-25,2024-11-09,25,73.52,,
b8829e97-1aa0-413f-91df-cbc4c02ba0b0,4b2b3226-6349-46be-99d6-bfccfed3759d,P640,City Watch,Q2379,2024-04-12,INV23152,2024-06-03,2024-10-05,58,736.36,Launch,
712f10a2-fef0-4fa1-9840-9cab498dce70,349e869c-bcd7-4caa-9329-ca612108bfd0,P943,Environmental Include,Q9043,2024-06-21,INV36802,2024-09-13,2024-04-26,44,753.57,Testing,2024-06-06
08cb9266-4e6c-463a-8cff-538a2c235ae0,70f1461e-735d-40df-a7a4-67d07150cf60,P917,Far Learn,Q4394,2024-12-30,INV38968,2024-10-20,2025-01-05,65,957.89,,
e2e03876-211c-4960-824b-286c3fbabc7f,a337f4bf-f4d0-4b4f-9721-4cec1e85147e,P873,Despite Full,Q5214,2024-11-17,INV22323,2024-05-14,2024-04-09,82,789.89,Testing,
60c7eb54-d235-4692-aa7c-68e578a294f1,a302f685-3bc4-4490-9cd9-43b64ec84646,P325,Ready Wide,Q6190,2025-03-04,INV74829,2024-07-14,2024-12-16,45,648.26,Testing,
68930ce7-bfa9-47c3-8682-83d8d2cca6a8,a865e688-b095-432a-8fd7-66a38da44655,P219,Maintain Reason,Q3875,2024-10-01,INV57986,2024-10-16,2024-11-18,58,577.16,Launch,
640c3cba-7bdf-47ad-821a-eb9e6efc97f4,834cf1f1-642a-4636-9559-a48c5f82523f,P741,Important Concern,Q2607,2024-09-14,INV33546,2025-02-10,2025-03-21,78,105.47,Testing,2024-10-09
0e9f315c-c8e5-4566-bb9c-da34ed0ace4c,103c171a-d40d-444d-8205-2f8e6fb832de,P441,Or Poor,,2024-09-23,INV45217,2024-06-23,2024-05-02,97,703.24,Prototype,
ab24f935-cb7b-4c49-9ed9-291896ae95b4,8773b0ed-095b-4647-9265-c422f0229b6b,P950,Number Heavy,Q9524,2024-07-15,INV66177,2024-06-04,2024-10-22,14,800.52,,
034297e2-ef0a-4f88-9b4c-7cda1a2c4b9f,5065edca-0322-4b82-a7c0-43f99603466b,P274,Remain Rest,Q8656,2024-07-10,INV94795,2024-04-17,2024-12-18,61,88.66,Idea,
177850f5-ab06-4831-b09f-8296978dfb7e,4cf6b219-2b88-4173-9359-11d6ef9daf23,P288,Project Education,Q7622,2024-08-10,INV86000,2024-07-13,2024-09-23,36,593.06,Idea,
52e9fec7-d336-4262-afa2-83fd5ad1be3c,4f9e772a-e8ee-485c-af15-ada923f2d70d,P734,Cup Capital,,2024-06-11,INV73879,2024-05-01,2024-05-17,34,697.31,Launch,
ab39e2f5-1c7c-4235-a6c9-40c778839ff2,a41a4b98-b9dc-409a-aa3d-0ed27b0e79be,P465,Report Success,,2024-09-23,INV61538,2024-05-24,2024-07-14,43,134.39,Testing,
4fdd985b-34a7-4638-baba-da48a7506955,2528b5ea-6556-4cae-b0ed-54926d82522d,P383,Study Herself,Q8398,2024-10-14,INV11179,2025-02-02,2024-05-28,42,660.88,Prototype,
78e4980f-7f3b-44fd-8a53-385f42c2132f,f45d62c3-8af5-4029-8f8c-c4758a737ac8,P206,Bit Necessary,Q4284,2024-05-23,INV96646,2025-01-16,2024-07-30,20,24.21,Launch,
f267ae22-6c9a-4d12-bed4-667d6165c408,c56fac49-1a07-475d-b8b4-54e1842328d7,P454,Son Present,,2024-11-16,INV55174,2024-04-18,2024-11-20,57,411.23,,
b8d1cbe2-f57e-4c46-99a7-76df6b4ac235,0cf9895f-7373-41ef-9109-ccda8ae4ab50,P158,Cost Serve,Q8149,2025-02-10,INV24979,2024-05-14,2024-10-11,48,368.16,Testing,
6138efbc-69c5-452e-a97f-11847f3a6ab0,b66f8809-9049-4fd4-bc76-980e9e15b576,P388,He Decade,Q7978,2025-01-07,INV11816,2024-09-23,2025-03-05,30,99.21,Idea,
8af3fdbb-34d4-4f52-85c9-01641218b800,705134db-0890-4f6b-a0ef-5f0e46ac5d85,P273,Congress Capital,Q8839,2024-05-29,INV72542,2024-06-14,2024-09-03,47,882.19,Idea,2024-05-29
c9a1bb9a-acf2-42ab-9dc7-32a7fed3d086,7d645d6c-b1f2-4002-9da5-a78fcb18f686,P665,Need Story,,2024-03-21,INV75025,2024-04-24,2024-09-18,86,421.17,Testing,
f4e49637-63b6-49dc-8662-6adee0de35f3,cc1101d3-7136-4064-bd33-2e34f4988559,P342,American Edge,,2024-11-10,INV78486,2024-05-10,2024-10-30,77,422.85,Launch,2025-02-18
ce4d85b6-c928-4f1e-8daa-a0c29402bf63,65043f2b-896f-4b48-932b-9a1b42cb7c8c,P135,You Indicate,,2024-04-15,INV85898,2024-07-20,2024-05-18,9,62.21,Idea,
97e3a8ab-1eb8-4750-a493-322f2d2de433,5a3b1e7a-0f09-42fd-8100-a8367f733ab1,P283,She Sometimes,,2025-01-06,INV74498,2024-06-14,2025-01-26,96,617.75,Launch,2024-11-26
65a522b1-a4ad-4cfc-bd77-3fc3c116ac01,8b58efd7-8795-4c4b-8288-b324ea115922,P791,Training Fight,Q8137,2024-12-04,INV43343,2024-12-02,2024-09-25,19,225.37,Idea,
3da72424-47ca-4a28-931e-a3733d083be3,3342e64b-b698-4c7d-94ec-e33d289ba7cd,P778,Or Out,Q5219,2024-04-02,INV32376,2024-07-09,2024-03-22,28,383.43,,
62296273-9758-40b0-93f0-524eb5dca940,e7b71f24-6f1c-459d-abc9-5bf8d523b30c,P563,Data Discover,Q6568,2024-10-27,INV35038,2024-04-08,2024-10-12,96,471.23,Prototype,
21d62ae7-5d73-4350-918c-2ef738077e56,8fc4e641-b986-48fd-9d2b-2688494eb081,P784,Tonight Clearly,,2024-07-20,INV82514,2024-07-26,2024-10-14,55,519.59,Launch,2024-07-23
825a034a-cf2d-4ef6-b611-6dda04dd6e3f,3f07aa26-16ff-4fb6-b1d3-42d9c5fafacd,P615,It East,Q5953,2024-10-11,INV31357,2024-07-07,2024-12-27,27,516.35,Prototype,
5fe4589e-d39c-4abd-a502-e1ceb1161f8a,cfa94ad9-30f9-47f7-828c-3420987ffd99,P935,Blue Against,Q2372,2024-12-30,INV48691,2025-02-14,2025-03-13,58,356.13,Testing,
8b02a80f-73a4-4dc4-b277-108140862612,c9c74989-4aef-4f5e-8995-2cbda878c73b,P849,Democratic Able,Q3471,2024-05-17,INV41927,2024-07-09,2025-02-14,100,230.07,Launch,
8caf5332-c596-4bf7-be51-6fe372290bf0,ee36fb38-f46d-4d8c-b34b-349b748ab6c7,P394,Include Control,Q2510,2024-12-11,INV38105,2024-04-09,2024-06-12,48,144.05,Launch,2024-12-28
f56f00a3-35f6-42de-b345-b0e63f241cb9,73a9d44c-7441-4c64-856d-16081986b8f9,P799,Trouble Theory,,2024-09-30,INV34289,2024-09-25,2024-09-23,57,14.36,Launch,
e54cfcbd-0c2c-424b-8444-ff7cd7464611,f4e4fb1b-765f-4717-874d-d1bc1c0cbe1e,P990,Town Table,Q8487,2025-03-16,INV40025,2025-01-31,2024-04-18,49,703.23,Prototype,
3eae04b1-174c-4b61-ab3e-facd8074741e,473505a7-399e-4109-91d5-370f321c75c5,P559,Should Likely,Q2550,2024-05-16,INV95593,2024-10-02,2024-07-08,83,750.18,Launch,
bbeba080-ea8f-4175-b1e0-08cdce30607d,acedd0dd-87a6-4ad9-ae57-d8d41a489b84,P609,Wear Understand,Q6699,2024-07-17,INV38498,2025-02-26,2024-07-09,98,971.95,Testing,
678161ee-2562-42bd-b7c8-e16ea82c10f1,1b8dd19e-90ba-408e-9a26-011d7aa88744,P424,Total Really,,2024-04-20,INV16298,2024-09-23,2025-01-20,16,294.23,,
1feb668a-279c-4e82-9712-9745b172a3ae,ba24e49f-559a-45e7-a407-6f9d7828eed5,P420,Range Inside,Q6732,2024-08-18,INV63404,2025-02-16,2024-06-23,63,593.63,,
ec3a6014-b441-4dd2-a225-96f796ed8f00,8e8c0bd5-d2e1-4ff8-98c7-aa3b4437cf13,P576,Fight Woman,Q8644,2025-02-22,INV94099,2024-04-23,2025-02-20,5,181.97,Launch,
d177976d-561a-4f52-9ba5-f8ea2780b85f,192f151d-3c66-4ca6-a138-acde2ef971b4,P193,Report Indeed,Q3319,2024-06-21,INV32916,2024-09-16,2024-05-23,44,516.55,Testing,
5269eb4a-9296-4589-9ae9-abcc9ac19784,49497ed4-8a95-4392-a7ef-182c561afeb0,P363,Deep Include,Q8961,2025-01-06,INV85754,2024-12-29,2024-10-18,99,645.53,Launch,
c8a91389-e3df-421e-ab88-663ca4443d11,d064831b-8b30-43a3-817b-cab59d32e152,P637,Prevent Will,Q2788,2024-06-20,INV39365,2025-02-03,2024-04-06,70,364.86,Launch,2025-03-15
08a4336e-722b-4ee3-bd32-83a436c6f5a2,e2d87aef-805a-422f-84b0-9e52fdd77cdc,P880,Short Five,Q3043,2025-01-11,INV82633,2025-01-08,2024-12-09,20,784.12,Launch,
28e44cad-3bdd-4794-9978-5412d28eb5a4,fd09aa72-bc6b-42bc-a064-8470d164e16d,P482,Over Again,Q4141,2024-06-25,INV99489,2024-05-11,2025-01-09,74,50.2,Prototype,
bc6c28ea-dda9-483a-bc62-5668f56f6a45,b8d9f022-2b48-4d6b-b1b9-3168040707e2,P248,Stop Money,Q4415,2024-05-15,INV80623,2024-10-27,2024-12-24,68,913.98,,
89a3ae5f-3f45-4718-9ff1-ba2dfbc6f4da,a90c939b-4372-49ea-b5b2-2ec55f373039,P565,Together Authority,Q1064,2024-07-04,INV97117,2024-09-29,2024-10-10,61,410.09,Launch,
efd6fc25-4f2a-468e-a489-efafcc4bd3fa,06964d52-d10b-4b84-b0ca-f1c87c2eb7fb,P374,Professional Real,Q8157,2025-03-16,INV65029,2024-11-05,2024-08-26,49,366.71,Launch,
8b1b3376-7fc2-4c93-9246-266ed2dc0ea7,f6cede0c-d4de-47ce-95cc-e578dc15ce6e,P211,Mean Congress,,2024-12-03,INV73183,2024-05-08,2024-07-27,99,55.09,Testing,
cd7e0cd7-296d-4031-885b-27ab41f3c8a2,5a100aed-3ea3-4a56-8605-c658de24ad52,P767,Mention Economic,,2024-04-10,INV16830,2024-11-25,2025-01-22,81,359.92,Launch,
786f82dd-4756-4b4a-94f9-156833996e45,cafb2ba4-b416-43e8-8253-0908ec2d5516,P628,News Couple,,2024-12-15,INV61112,2025-03-21,2024-11-05,91,264.18,Prototype,
d8441235-4094-4de8-ae03-73ffaa3717cc,28c5716a-6aae-4605-878b-58f0d934d4fb,P691,Daughter We,Q1266,2024-08-06,INV31655,2024-06-03,2024-08-08,64,527.29,Prototype,
13ac4348-c22e-459f-8767-26a27da8dcc9,6733cef4-bf80-4f47-97c9-ba1fc6dbba6d,P739,Ready Decade,Q1516,2024-05-12,INV83506,2025-01-06,2024-04-11,76,308.1,Launch,
ab53a8c9-5168-43d9-aee9-dc1eb0fbcaff,732bbd23-fef9-43f1-b97c-6b99adcc2286,P847,This Positive,,2024-04-17,INV42257,2024-05-12,2024-08-18,66,499.08,,
c764e23a-2d10-41ff-b47a-1c58c0996a9d,ec4c901c-d037-4fdd-baf4-bfd9fe108220,P574,Family Treat,Q1733,2025-02-02,INV76682,2024-06-14,2025-01-16,31,717.67,,
c26fe58e-1122-4653-95de-a5a4d16d5552,f869943e-11e2-4226-9167-2e53073a229f,P551,Born As,Q4743,2024-03-23,INV46134,2024-08-20,2024-11-21,3,556.52,,2024-04-12
04ee86f4-9e50-409d-841a-c310f9f252e8,2b5efe05-2bef-4dce-b854-6ebcfd27cd29,P776,Girl Well,Q9002,2025-01-23,INV32201,2024-05-13,2024-12-19,48,940.08,,
ad30890f-279f-413c-86c4-c7f5136e6007,89a770a3-2a70-45c5-8f53-fa260826dbd0,P950,Evening Stand,Q4252,2024-10-20,INV85038,2025-01-04,2024-06-28,47,763.65,Testing,2025-03-01
836dffed-40b4-40b8-86a9-f54ed6582e87,9f51c922-c8bc-42d9-8a6d-2f2988748b0c,P572,Away Field,Q9102,2024-03-21,INV26359,2024-07-22,2025-01-26,29,201.05,,
412d7916-43b5-4c6e-a397-acce53472415,29235842-3ce4-4153-9058-abd618455e12,P905,Responsibility Hospital,,2024-03-28,INV81954,2024-07-20,2025-02-19,95,641.5,,
e094a904-2da2-44eb-9ab3-03ff9c4a733e,41a497e6-f598-41e8-af53-3a050c78bfa9,P698,Remain Major,,2025-02-22,INV77130,2025-03-13,2024-10-26,28,10.78,Idea,
cb67e407-8ad2-4edb-986c-d3d45c87ba92,5ef0f908-5c74-4037-bfc2-f5d48f8bea3e,P760,Leader Sit,Q6344,2024-11-24,INV35792,2024-04-20,2024-06-13,61,667.56,Idea,
65b5f665-d9c4-42d8-8a9d-3f0fdd6f5870,e4a07e95-c902-4fa5-a26c-b9ba48c50ec5,P371,Financial Bill,Q4502,2024-08-22,INV44057,2024-07-31,2025-02-06,21,18.78,,
b18ebf67-e8f9-4b15-af7a-02ebd4e133e8,2f20e460-377b-440d-abbe-bdc4568f9346,P209,Century Along,Q2633,2024-09-17,INV64299,2024-05-24,2024-12-15,56,720.21,Idea,
f4801e84-bf55-4dc0-84d2-63192f2c3e35,e161599e-042e-4f35-9162-395714292753,P999,Region Home,Q2943,2024-12-23,INV52584,2024-09-03,2024-08-04,25,413.24,Idea,
1ff2ebe6-3585-4550-97ac-257a90e1eb6b,9684a5e7-2489-4107-87e6-9f511c2945a3,P888,Cut Page,,2024-07-20,INV77979,2024-06-23,2024-06-04,41,904.45,,
de35dd00-dd46-4dd9-bcad-af79f28690cf,8d5da5d0-75dc-4380-8aab-6a1cce822800,P396,Far Role,Q5463,2025-02-02,INV91439,2024-04-06,2024-04-24,57,478.75,Launch,2025-02-12
a369d2a6-f013-4038-ac5d-40590c233788,4b47f9c8-6ad3-484d-8627-f99a08688d65,P302,Skill Notice,Q5903,2024-10-31,INV50444,2024-11-22,2025-02-27,25,739.83,,
7e03009f-b5fd-4db1-846d-104b23fdd1a5,1102fd62-13e2-4a4f-9375-475e5d6180dd,P545,Any Up,Q3374,2025-01-24,INV26033,2024-08-22,2024-07-05,6,92.97,Launch,2024-11-17
8a4628c4-f47d-439c-a27b-25a41a6db17f,26d0fad0-de82-41b5-81a4-914da2d736a1,P763,Even Pattern,,2024-08-16,INV76990,2024-06-20,2024-04-18,97,747.7,Idea,
edcca134-624c-4aaf-8926-3a0309521814,87eef397-981f-487b-be89-5aa8456d5f75,P683,Surface Short,,2024-11-01,INV39759,2025-01-19,2024-03-21,11,31.12,Idea,
39c59475-a4e3-489c-93c6-507b87d8bd01,b66f4d60-612f-4a67-9898-a5aa4eed59f6,P602,Board Kid,Q3966,2024-09-02,INV93929,2024-12-29,2024-06-01,40,429.67,Idea,2024-12-29
98cd2265-a56f-4048-a8d3-5d5e8febc550,40029ed7-ceae-4ace-8d18-4647d2b8bcdc,P769,Today Education,Q9942,2024-11-19,INV23929,2025-01-04,2024-04-25,86,120.27,Launch,
8153e749-f39b-436d-b747-6a864cec3b3c,e86c5a9b-0822-44fc-95bb-042e40a94998,P108,Above Late,Q1322,2024-10-22,INV83099,2024-11-25,2024-06-18,66,673.0,Prototype,2024-12-29
2d45e196-84e7-4205-be5e-75a17967084e,700e80f4-bb4a-47c0-97b2-5050f3c9a6ea,P212,Thing Stop,Q5122,2025-03-18,INV38954,2024-07-16,2024-04-27,62,51.74,Idea,
fd0a8ddc-3cbf-489a-9e3d-4d6346abf8d2,40b0931f-dfc0-471b-8673-71f7e6448e22,P344,Experience Treatment,Q9454,2025-02-12,INV63348,2024-11-27,2024-10-25,91,192.54,Idea,
2e229dfd-79d1-4b31-9652-94418518a7ff,49ec7db8-16ee-42f4-9920-8a44591bae44,P250,Lawyer About,Q1536,2024-11-17,INV78801,2024-07-08,2024-08-14,100,292.05,Testing,
8f08f47e-0f92-4b06-a0c5-c589a94e2cc4,cebf6d1a-e5f4-441a-93e6-7cf9b5b14200,P120,Number Poor,,2024-09-24,INV51258,2024-04-01,2025-01-23,77,22.85,Prototype,
ac2671b9-58bf-40ae-971a-ace9ed8ddf06,47a8f31c-15d7-4918-9230-a679c6033de0,P216,Capital Human,Q3562,2024-12-13,INV85232,2024-06-22,2024-05-12,81,896.31,,
bc25e8f1-89fc-496e-a560-b4ce6de01f64,c6ed968b-aa6e-4353-ae72-9ba235c1f286,P461,Power Continue,,2025-01-03,INV66700,2025-03-21,2025-03-16,14,499.68,Launch,
dc362e7b-d771-4c86-af2f-cd91fc33c0a4,11f5ca11-5734-4665-be11-f35941165460,P707,Project System,Q2217,2024-10-10,INV84932,2024-10-08,2025-02-10,45,823.12,Idea,2024-06-21
e663da2e-6c74-46fb-a7aa-f68adb549107,a75531c1-b91d-46f9-9ec8-0a7dd036cb60,P883,Popular How,Q2702,2024-06-25,INV24953,2024-07-31,2024-10-05,41,459.08,Idea,2024-08-24
a0936758-0d9b-4780-b397-7f644603cb98,fc4beb17-1304-4026-90bc-cfafafc64f3d,P878,Something Hotel,Q5578,2025-01-07,INV28054,2024-06-21,2024-12-14,93,42.53,Prototype,2024-09-24
1b5f04f9-ef09-4bfb-b8ed-8c65fb0d8d1d,d856de4e-7275-40ff-a780-aa031d1b7fe6,P327,Class Camera,Q8695,2024-12-04,INV53740,2024-06-24,2024-12-14,65,236.6,,
4be16379-07dc-4b7c-8fdf-94a6d0e0f64b,901aa471-2ccc-4df9-a22b-3446c2b31958,P905,Treat Tough,Q3960,2024-08-03,INV16830,2024-07-22,2024-09-01,60,811.63,Prototype,
223e1abc-a87e-4f3f-a85a-309056bf159e,d8e2f8eb-9703-4338-80db-56311011427f,P143,Reach Discuss,Q6533,2024-12-08,INV90198,2025-02-21,2024-09-21,60,839.64,Launch,
363c93ca-3017-4b96-90fd-5a1cdd4c22cc,5ab99f76-5ff4-47e5-a316-3044c0b4de26,P855,Unit Design,,2024-07-31,INV83494,2025-02-21,2024-08-25,6,488.03,Testing,
d1ded113-b1b0-486c-ac88-60207d7b1a2f,ed48e924-2484-46bd-af03-64a77ca25764,P618,Country Laugh,,2024-08-12,INV83124,2025-03-18,2025-01-20,13,625.45,Testing,
66fdb0c5-0ef0-4fe9-9b19-2e0003c4ff2a,b9990d2d-34c1-4007-90da-85d4eb521ce5,P648,South Seem,Q4281,2025-01-18,INV76866,2024-07-21,2024-04-12,20,869.78,Idea,
5b1ad90d-8349-48a4-a7c3-316e6d5a029c,68b32e89-673f-48cb-ae14-5a9ea558108d,P188,Special Wrong,,2025-01-11,INV91245,2024-08-08,2025-01-22,24,820.87,Testing,
c2bc0c22-05ff-48e1-ac69-6561205a13c3,0d65f0c1-482c-4892-8031-804b5a9b4f4c,P694,Five Southern,Q5408,2024-06-02,INV42690,2024-09-10,2024-10-22,2,921.43,Prototype,
ac9da41b-6647-447f-87ed-2359175f0ba8,27ae2a33-ace3-48cc-858e-2133fb410816,P788,Boy Water,Q4228,2024-03-24,INV50991,2024-05-20,2024-09-10,64,85.41,Testing,
7b0f8d41-b0a3-4f16-88c1-1f489db885aa,89d81d7f-4909-48af-87f2-8a8957912fc3,P357,Treatment Dog,,2024-11-26,INV67251,2024-11-27,2025-02-07,96,889.88,Idea,
dfdcc9ce-4630-4c1e-b8dc-04da52eabaef,fa8b49d6-f3f2-43de-afc7-da08a73703df,P983,Write Week,Q8599,2025-01-16,INV89995,2024-08-20,2024-08-06,9,763.33,Prototype,
ec2536c1-926f-4290-aceb-aa90707648da,1df01a78-ec13-4773-8c9d-b87f49ace3fb,P565,Other Experience,Q1275,2024-03-31,INV69208,2024-12-07,2024-10-24,86,200.77,Testing,
a29ba8b1-b2a5-4136-8eb3-58e0f39d362f,ee7638cf-d54b-4cc1-bec8-1642a9a8468e,P212,Its Where,Q8561,2024-06-28,INV17234,2024-12-04,2025-02-17,32,281.84,Idea,
27ada61f-38fd-4ef9-a0ff-ad765d03dccd,d16e233b-1d8d-4577-98da-a582cfdda9d2,P374,Each Take,,2024-08-30,INV76773,2024-08-04,2024-10-19,88,797.65,Testing,
25c90431-7590-49f4-b969-646721435901,f18b525a-40bf-4fc7-9e16-da48c93e098c,P648,Television Eight,Q6344,2024-04-21,INV28961,2024-08-27,2024-05-01,36,175.05,Launch,
cde7c66c-6ad9-481d-9061-3dd2449c6eca,111bcd9f-28b5-4c4c-95d3-23b4428af99b,P296,Coach Doctor,,2024-04-02,INV39200,2024-06-12,2024-05-26,69,488.0,Prototype,
2546812a-8dda-431e-8dfd-025560a9aad7,de7030f0-d268-44a7-97a1-5d7e06c2c91a,P944,Ball Argue,Q1137,2025-01-15,INV53442,2024-03-22,2024-05-23,15,200.91,Launch,2025-01-12
f0370d27-c05a-4f49-8fbe-38e3b26680d5,a1135e2d-35ab-40a4-a23c-5a1c817a9b48,P236,Finish Blue,Q1631,2024-05-09,INV28708,2024-11-06,2024-05-27,31,466.98,Testing,
5347b44e-6ef6-4156-81a6-4ef495dde19b,a87cb4e3-dc5f-4f97-95b7-db4c8881b7d5,P193,Away It,,2024-05-12,INV47472,2024-06-10,2024-08-30,53,635.96,,
20f3803d-9d8e-4eb6-a56b-f4aad5985125,5f2f39d6-cd6a-4aab-919f-bc10d11a5727,P695,Approach Produce,,2024-12-31,INV67952,2024-10-26,2024-05-06,90,741.91,Prototype,
5b4c21de-82b3-471d-8cb3-4f8bf1348523,eb3b90fd-c18b-447b-92bc-0145f251779f,P844,Finish Quite,Q7303,2025-01-19,INV41510,2024-05-26,2025-01-29,68,577.83,Idea,
b771d34a-e35f-441f-9b51-52326087476b,98623cfb-516c-40bd-8029-85a57a281d20,P997,Job Hear,,2024-11-07,INV74505,2025-03-14,2025-02-06,10,294.97,Launch,
c434f5e3-59f4-498c-b955-04cbb544f806,ab00e919-0ad7-48da-9c4b-64ad484bbc70,P712,Reason Owner,Q5389,2024-09-07,INV15345,2024-11-05,2024-12-09,78,678.72,Prototype,
0c58ff3a-f4dc-43b4-91e3-b0caf922317d,3d7f1e57-c6cd-4423-ac7e-693fbbca62ff,P259,Race Serious,,2025-01-21,INV99053,2024-04-17,2025-01-25,89,785.85,Idea,
befeac8e-d5ca-4895-bbc3-6ce971e9fd07,3b05028e-5e9f-4133-9c85-66ee2aeada62,P356,Here Player,,2024-10-25,INV67330,2024-12-14,2024-12-06,17,286.42,Launch,2024-11-15
3b74bfb6-0c5b-4437-9c53-717f9c61a24f,f8e0892c-9c33-426f-a25e-7131b9205526,P331,Finally Ball,Q1116,2024-08-13,INV52640,2024-06-06,2025-01-18,20,161.53,Idea,2024-11-25
5c33ce63-366d-49b0-bdc8-cd1444f956ae,38153e08-5dc7-491d-be41-237d127e3a0c,P175,Service Environmental,,2024-12-28,INV60217,2024-05-10,2024-06-07,44,712.71,Testing,2024-08-19
668c042f-9fa5-4be4-a2ad-f77c156b6d72,de88dc9f-e200-43bc-ae9f-2168d07d41a1,P380,Successful Company,,2025-03-13,INV49084,2025-01-22,2025-01-14,97,953.06,Idea,
a215cbe0-ef14-4b2b-b99c-6f4ad1dacdff,2d851672-8105-4978-9512-d9f0148e0df6,P770,Establish Yard,Q6550,2025-02-24,INV71518,2024-11-04,2024-09-11,33,538.84,Prototype,
663c2572-f034-4703-96fa-5bcc392d35d5,cbd69054-e56a-46a5-920a-e8b25dbfbcf2,P542,Medical Run,Q1036,2024-10-01,INV48420,2025-01-29,2024-08-24,72,884.6,Idea,
72b75b26-d09f-4bb0-80b7-b3c681e79582,d6b98795-8e83-47f0-8968-c262d7f0bc6b,P647,Any Key,Q8532,2025-02-18,INV24598,2024-11-08,2024-07-28,96,643.01,,2024-08-29
f54f2af6-68b7-450b-a9da-b12ffa156203,121a1ee2-70e4-433c-81bc-c21869abab23,P951,Seat Heart,Q6745,2025-02-01,INV28029,2025-01-30,2024-06-19,26,31.62,Testing,
c7b1d338-d2b6-4c96-8392-cf9b61085d60,9616825c-11a6-445c-82bd-baefcbe70bba,P650,Quite Push,Q4517,2024-04-18,INV68140,2024-12-12,2024-12-30,95,942.56,Launch,
319081ab-d35e-43e6-9d2b-9dad164ee198,bf023eb9-dd00-4cc2-a7c5-98313c4d942f,P708,Evidence Involve,Q4485,2024-08-19,INV15542,2024-07-05,2024-11-03,10,593.87,Launch,2024-04-11
98d8e249-af9b-417c-9ef2-a76b30fe8ac7,c421b24c-bdcb-495e-a3e8-be70ceb454cb,P623,Education Report,Q2562,2024-10-31,INV18368,2025-01-20,2024-04-27,95,719.22,Idea,
e671ef88-962b-46c7-9486-4f452d10a548,314182e5-b66c-4b3c-89ea-83ce7bf7c41d,P869,Night Dinner,,2024-07-21,INV30454,2024-07-30,2024-07-01,44,836.4,Launch,2024-11-08
aebbb896-179d-4a6a-b863-96adc322edf1,65ce8a82-62b3-40c6-adb3-ce214a98c961,P991,Fill Answer,,2025-02-04,INV99373,2025-01-23,2024-06-06,11,725.05,,
ed02d8cc-27e4-43df-b345-43bc96dfdd0c,04e7fbf2-47f9-4dac-9cfc-f197e0604b34,P218,Music Drug,Q3197,2024-08-04,INV48142,2024-05-03,2024-06-08,83,241.75,Prototype,2025-02-24
c8932ebd-a355-49b1-a550-8a84e14de485,a7463418-66d3-408b-a2b8-ed2d4be6f588,P249,Play Majority,Q7700,2024-08-04,INV74155,2025-03-19,2024-07-29,35,633.95,Launch,2024-05-16
df19728b-6818-482e-abe8-271cdff4d03b,758a6941-8df7-424d-85ea-a82ae0af37ef,P852,Turn Capital,,2024-06-20,INV12039,2025-01-07,2024-08-31,74,973.95,Prototype,2025-02-16
cf8de858-10f1-4c99-ad01-152cac79f366,2271df99-e23e-4d35-86fe-da0865a1c335,P279,We Thus,,2025-01-26,INV12736,2024-06-10,2024-12-15,19,860.79,,
bee8436f-1e7c-4dc0-a168-23d863e4c314,8b92f881-fc8a-4237-b970-f7ea4ba0605d,P524,Power Glass,Q6418,2024-04-16,INV27961,2024-11-22,2024-06-28,4,748.4,,
79a8b0b1-d336-4f65-a80a-8bea8b938c3f,a1791482-6d15-4f4a-a62f-b9f6dfcc21be,P107,Amount Key,Q9036,2025-03-13,INV32451,2025-01-19,2025-03-19,24,711.49,,
273cdf8b-fae2-4457-ac8c-6b58bf736507,88a8460d-69e5-4aec-a64a-a544459cca8b,P194,Environmental Black,Q9812,2024-08-03,INV13154,2024-04-28,2024-12-02,64,699.69,,2025-02-15
479d4f88-d226-4942-a693-a71b8b59e194,f08e3b01-8650-48cb-b2e8-16d23785f4b4,P299,Tv Sign,Q9374,2024-11-18,INV15246,2024-09-16,2024-10-15,13,642.26,,2024-09-15
ae2c9a02-f7dd-4483-8df9-996cd76eaa6f,659d419b-5191-43a9-9cfb-770b51557832,P311,Wonder Keep,Q3171,2025-01-08,INV63314,2024-10-18,2024-06-14,12,858.95,Launch,
046cd206-d3a5-47c1-83df-59f873f73a50,ed55ebe5-588e-46aa-ac96-8d9878bf92b6,P766,Appear Next,Q5493,2024-10-25,INV13161,2025-03-08,2024-08-11,87,866.75,Testing,
3483ab76-157a-440c-9c02-8f6d1b3ecda8,4832b6a8-6ff7-42a3-8841-8ebc705c8021,P551,Always Mention,,2024-11-19,INV86778,2024-12-04,2024-04-14,79,383.8,Idea,2024-09-24
2f02131a-fc9a-4633-bc20-6d9db0d6a61e,7087ec66-6b42-4f98-836c-88aea93261ba,P408,Part Street,Q9682,2024-07-05,INV59982,2024-12-08,2025-01-05,39,387.34,Testing,
dc515de9-70ae-4c47-b80b-d5a979f5e184,a9331484-74a0-45c5-a4d3-20cc66962091,P248,Food Address,Q2937,2024-09-19,INV90545,2025-03-13,2024-10-17,15,627.07,Idea,
2d24f654-c337-4609-85b6-7fa5b5729b57,e8529839-7ccf-44a3-bb0e-552225ef49c2,P800,Two Model,Q5156,2025-03-19,INV89172,2024-07-17,2024-08-31,46,440.8,,
c51abd52-8cd1-48cf-a0c2-cc8a85bab0b0,2443b1a9-2794-44cf-ad69-d7251ba6369f,P407,Body All,,2024-08-17,INV44702,2024-03-21,2024-11-30,72,208.25,Testing,
22cda7ff-5975-4f41-ab11-1b24a934d675,d725867a-42f4-4ff1-93da-aea000ad495b,P705,Large Area,Q8780,2024-09-08,INV40020,2024-07-22,2025-01-23,11,566.99,Launch,2024-10-26
2593d877-b61c-4440-a4be-416d49a328a0,bdeeb1f1-891d-497a-a889-a66cd8ffb86f,P533,Turn Two,Q1073,2024-07-21,INV15436,2024-04-20,2024-05-18,73,805.31,Prototype,
a3d89f16-2b17-4f0b-8cdd-b0cf24e54cd0,ccb51b1c-9277-4aa3-9e60-0640d47a2a44,P670,Quickly Budget,,2024-07-16,INV54400,2025-01-14,2024-08-07,13,540.51,Prototype,
3ffeb66b-313f-45db-82d1-2c13724031c0,1a7c5ad2-2370-4e80-8667-820e037f7a71,P605,Various I,Q3585,2024-11-14,INV59094,2024-09-20,2024-11-18,53,718.58,Idea,
fefadec6-f580-4514-9057-b15c354838ca,87d76354-8536-4cf3-9a48-67c7eb2e6522,P742,Rise Mean,Q6069,2024-05-17,INV96418,2025-03-12,2024-08-24,70,476.86,Prototype,
8b242ecd-12a5-4625-b7ef-9e874ce95c9a,9629ee56-8522-41c9-8bf3-62f8e36bb863,P558,Military Identify,Q1806,2024-07-04,INV99613,2025-01-01,2024-09-25,33,773.27,,
3c62423d-1b41-4363-8b72-1d7b47cddc6c,38a2b2c5-a18a-4996-9d92-7380aa99f1af,P700,Method Recognize,Q5049,2024-10-06,INV15069,2025-01-06,2025-02-18,16,867.33,Testing,
30decfbf-15b6-4f65-be6f-caec23810c5a,8b580671-323f-4188-ad7a-92427f491c78,P844,Then Dream,Q8105,2024-12-27,INV13086,2024-07-20,2024-08-04,12,469.33,Launch,2024-10-30
e13c3200-d03c-4a2e-825c-f50825001025,4ed8d62f-75e7-4a83-9e11-11dd69f35a1c,P770,Culture System,Q4105,2025-02-11,INV18592,2024-11-07,2025-02-19,57,848.34,Launch,
b8a777a5-709d-494a-a1d5-7cf3181d4a0b,c5c54158-7f04-484b-b95b-0e75b0cdd430,P104,Administration Their,Q5603,2024-05-31,INV12164,2024-08-20,2024-03-27,94,565.63,Launch,
6d5cd3aa-ca3d-4855-94d4-3def9637cbd0,c2926a39-e1b6-4c43-b1ba-7bd34321757e,P759,Six Should,,2024-08-31,INV92424,2024-05-27,2025-03-13,15,179.24,Idea,
7471cfdc-9079-464a-a7ba-c369471c7174,c0f7c0ab-8428-44e4-a614-954af8d3eceb,P124,Radio Fly,Q8827,2024-10-30,INV65233,2024-06-17,2024-04-18,57,73.32,Testing,
077ac4cc-24fa-4376-af1c-1bd867c53e2a,c48aded1-45bd-483f-b649-40dac291d63c,P161,Pressure Worry,Q4302,2024-06-16,INV86748,2025-03-18,2024-12-01,53,291.65,Launch,
8e47b1fa-bb1a-40aa-b488-8eb4d3c014b4,7d173f40-349c-4cda-84e1-5a70b94f91eb,P445,Investment Big,Q3686,2025-02-07,INV55595,2024-04-13,2024-04-16,85,349.65,Idea,
ab9d423a-e07d-4be6-91d0-1eb206e572c1,9a197178-426d-4496-b96c-16199ccf5740,P254,Range Expert,,2024-10-21,INV26957,2024-07-04,2024-06-22,23,32.45,Launch,
fbc890fd-91d3-436a-9b55-1718194aae10,f854504f-2fea-48d3-8de6-e127dcb1b07c,P779,Management Improve,Q3262,2024-12-24,INV80015,2024-11-18,2025-01-25,28,180.59,Launch,
83af4c85-91af-491e-9d66-d2ad8bf072ba,8941cc34-edfc-4f7e-a573-f6cb0ed5c84e,P954,Technology Thank,Q6242,2024-06-18,INV15408,2025-03-03,2024-06-11,19,192.35,Idea,
70d4a12d-7120-4bb3-8615-8782ef1f9747,5a4a0bba-a912-49d6-85f9-166590a420d2,P477,Later Relationship,,2024-08-12,INV30099,2024-11-08,2024-12-25,47,460.69,,
133ea3b1-519e-42d4-9765-ff04c220d465,53c790a9-49bd-41f5-b949-c2e6d6764a72,P485,Thousand State,Q1884,2024-07-22,INV85851,2024-06-24,2025-02-13,22,148.27,Launch,
0e901da0-97cb-4e90-96d7-ecf48b22dffc,c3acfdac-a9d2-431c-b01b-a6989c1c91d7,P895,Quickly Can,Q1617,2024-11-11,INV12825,2024-04-08,2024-05-08,33,929.65,Launch,
8d8701d8-1c92-4721-bb05-e54854630376,be065c4d-d77d-43cd-af2e-bd47ea40257c,P698,Most Go,Q8506,2024-06-12,INV62880,2024-07-01,2024-04-16,46,674.0,,2024-07-11
3c7ae747-9563-41fc-bbb0-cb7da5911238,03969b41-e710-4376-9b00-3f48c911bf66,P719,Better Finish,Q2988,2025-02-15,INV97328,2024-11-17,2024-10-22,81,536.89,Prototype,
9a83d3d8-c6e1-4028-b606-1706f90e1546,4bf5df15-fa13-4a5b-bdc0-90420e182aa1,P420,Pay Could,Q3604,2025-02-11,INV98017,2025-02-11,2024-12-05,83,444.47,Testing,
6730b746-55c3-4074-99cb-fa921997ebe1,8555a834-a6c7-4b72-bbd0-704236d2e309,P220,Turn Market,,2024-10-14,INV54351,2024-04-01,2024-10-30,34,306.47,Idea,
b01a90d5-bf59-4caa-a5db-a5ed6b05b6ac,96539f4c-4839-4047-8173-30eb88c6b89a,P320,Green Young,Q9275,2024-07-26,INV60677,2025-03-21,2024-04-18,78,338.32,,
05d643b7-ff13-40aa-b83a-ee6665e6158d,0907ddc4-9611-4a26-b13f-c652ba68082c,P383,Feel Less,Q1342,2024-11-06,INV72827,2024-10-01,2024-11-15,49,117.0,Prototype,
ed046a73-8f70-4cad-b827-9edb0c1c2357,d702cc58-a998-4775-b670-1687ec3d9e7b,P987,Tv Whatever,Q2118,2024-10-02,INV26309,2024-10-27,2025-01-21,98,199.99,Testing,2024-08-07
42307274-91fe-4063-9c1c-6970bea8f5c0,c10503d2-a52a-44f1-bdb8-05388c07d2fe,P409,Action Fill,Q6268,2024-10-09,INV78494,2024-06-19,2025-02-23,57,344.0,Prototype,
e77a7b0f-22f1-4f31-a532-139b5306fd4f,2ad6ad42-fb5b-4dd6-a9ec-31ac9cd77f77,P204,Religious Upon,,2024-06-18,INV59097,2025-03-16,2024-09-03,62,322.3,Testing,
131dba97-76dc-401a-97cb-30385ee7b965,db6dc064-274c-40c4-b092-2567d17dc9fd,P932,Make While,Q5933,2024-03-27,INV18969,2024-08-25,2024-05-28,66,663.79,Testing,
7bc4f1e7-6cdf-4fe1-8644-20dfacc10bf2,f608fd29-e974-44ca-8e44-4fd50a07ad60,P429,It Police,Q2228,2024-04-13,INV30756,2024-07-04,2024-06-05,21,106.0,Prototype,2024-10-28
52f5ca56-9933-4e94-842f-efabe248b96a,bc84b3aa-0910-4691-97ce-95d7d1b01155,P520,Organization Degree,Q8580,2024-12-01,INV74786,2024-08-29,2024-05-11,42,288.69,Idea,
a79cef29-6f5e-440b-bbd8-505ed09e23fd,40ce36cd-c6e4-42ad-a7f4-caad0feaf938,P578,About Pull,Q7646,2025-03-19,INV70308,2024-09-22,2024-05-11,42,941.64,,
62c80221-8ae1-4388-9994-5ebaa7c25e8c,f7d8a5d3-cac0-4378-8740-fc28de29f4f7,P486,Seek Word,Q7904,2024-10-01,INV85416,2025-02-18,2024-06-11,8,27.67,,
fdedeba0-b7f0-4c36-9556-dccc209c0f1f,66650bb9-eaa8-4b2d-9efc-98b325a1076e,P403,New Argue,Q9076,2025-01-18,INV66223,2024-10-12,2024-12-18,12,801.0,Prototype,
c312990b-b545-4207-905e-74dc8e438cc8,63e1fc57-33ce-4f4e-916e-563d84f4bb22,P645,Crime Space,Q6429,2024-09-15,INV33695,2024-07-19,2024-06-01,65,746.42,Launch,
1913d220-0d2d-4d71-9e52-717a26d10c57,434190b9-9b9c-4ad3-8a24-3ef8e0f8765d,P604,Or Table,Q9053,2025-03-17,INV64407,2024-11-29,2024-08-07,14,805.79,Testing,
104def39-1031-4d0a-86dd-00d5a651434e,ba2cb1d1-2888-4258-83f1-54831ea17eea,P986,Sing House,Q3558,2024-07-10,INV58962,2024-05-14,2024-08-06,67,600.57,Idea,
